  0
SECTION
  2
HEADER
  9
$ACADVER
  1
AC1024
  9
$ACADMAINTVER
 70
   226
  9
$DWGCODEPAGE
  3
ANSI_1252
  9
$INSBASE
 10
0.0
 20
0.0
 30
0.0
  9
$EXTMIN
 10
1.000000000000000E+20
 20
1.000000000000000E+20
 30
1.000000000000000E+20
  9
$EXTMAX
 10
-1.000000000000000E+20
 20
-1.000000000000000E+20
 30
-1.000000000000000E+20
  9
$LIMMIN
 10
0.0
 20
0.0
  9
$LIMMAX
 10
12.0
 20
9.0
  9
$ORTHOMODE
 70
     0
  9
$REGENMODE
 70
     1
  9
$FILLMODE
 70
     1
  9
$QTEXTMODE
 70
     0
  9
$MIRRTEXT
 70
     0
  9
$LTSCALE
 40
1.0
  9
$ATTMODE
 70
     1
  9
$TEXTSIZE
 40
0.2
  9
$TRACEWID
 40
0.05
  9
$TEXTSTYLE
  7
Standard
  9
$CLAYER
  8
0
  9
$CELTYPE
  6
ByLayer
  9
$CECOLOR
 62
   256
  9
$CELTSCALE
 40
1.0
  9
$DISPSILH
 70
     0
  9
$DIMSCALE
 40
1.0
  9
$DIMASZ
 40
0.18
  9
$DIMEXO
 40
0.0625
  9
$DIMDLI
 40
0.38
  9
$DIMRND
 40
0.0
  9
$DIMDLE
 40
0.0
  9
$DIMEXE
 40
0.18
  9
$DIMTP
 40
0.0
  9
$DIMTM
 40
0.0
  9
$DIMTXT
 40
0.18
  9
$DIMCEN
 40
0.09
  9
$DIMTSZ
 40
0.0
  9
$DIMTOL
 70
     0
  9
$DIMLIM
 70
     0
  9
$DIMTIH
 70
     1
  9
$DIMTOH
 70
     1
  9
$DIMSE1
 70
     0
  9
$DIMSE2
 70
     0
  9
$DIMTAD
 70
     0
  9
$DIMZIN
 70
     0
  9
$DIMBLK
  1

  9
$DIMASO
 70
     1
  9
$DIMSHO
 70
     1
  9
$DIMPOST
  1

  9
$DIMAPOST
  1

  9
$DIMALT
 70
     0
  9
$DIMALTD
 70
     2
  9
$DIMALTF
 40
25.4
  9
$DIMLFAC
 40
1.0
  9
$DIMTOFL
 70
     0
  9
$DIMTVP
 40
0.0
  9
$DIMTIX
 70
     0
  9
$DIMSOXD
 70
     0
  9
$DIMSAH
 70
     0
  9
$DIMBLK1
  1

  9
$DIMBLK2
  1

  9
$DIMSTYLE
  2
Standard
  9
$DIMCLRD
 70
     0
  9
$DIMCLRE
 70
     0
  9
$DIMCLRT
 70
     0
  9
$DIMTFAC
 40
1.0
  9
$DIMGAP
 40
0.09
  9
$DIMJUST
 70
     0
  9
$DIMSD1
 70
     0
  9
$DIMSD2
 70
     0
  9
$DIMTOLJ
 70
     1
  9
$DIMTZIN
 70
     0
  9
$DIMALTZ
 70
     0
  9
$DIMALTTZ
 70
     0
  9
$DIMUPT
 70
     0
  9
$DIMDEC
 70
     4
  9
$DIMTDEC
 70
     4
  9
$DIMALTU
 70
     2
  9
$DIMALTTD
 70
     2
  9
$DIMTXSTY
  7
Standard
  9
$DIMAUNIT
 70
     0
  9
$DIMADEC
 70
     0
  9
$DIMALTRND
 40
0.0
  9
$DIMAZIN
 70
     0
  9
$DIMDSEP
 70
    46
  9
$DIMATFIT
 70
     3
  9
$DIMFRAC
 70
     0
  9
$DIMLDRBLK
  1

  9
$DIMLUNIT
 70
     2
  9
$DIMLWD
 70
    -2
  9
$DIMLWE
 70
    -2
  9
$DIMTMOVE
 70
     0
  9
$DIMFXL
 40
1.0
  9
$DIMFXLON
 70
     0
  9
$DIMJOGANG
 40
0.7853981633974483
  9
$DIMTFILL
 70
     0
  9
$DIMTFILLCLR
 70
     0
  9
$DIMARCSYM
 70
     0
  9
$DIMLTYPE
  6

  9
$DIMLTEX1
  6

  9
$DIMLTEX2
  6

  9
$DIMTXTDIRECTION
 70
     0
  9
$LUNITS
 70
     2
  9
$LUPREC
 70
     4
  9
$SKETCHINC
 40
0.1
  9
$FILLETRAD
 40
0.0
  9
$AUNITS
 70
     0
  9
$AUPREC
 70
     0
  9
$MENU
  1
.
  9
$ELEVATION
 40
0.0
  9
$PELEVATION
 40
0.0
  9
$THICKNESS
 40
0.0
  9
$LIMCHECK
 70
     0
  9
$CHAMFERA
 40
0.0
  9
$CHAMFERB
 40
0.0
  9
$CHAMFERC
 40
0.0
  9
$CHAMFERD
 40
0.0
  9
$SKPOLY
 70
     0
  9
$TDCREATE
 40
2460858.468055556
  9
$TDUCREATE
 40
2460858.093055556
  9
$TDUPDATE
 40
2460858.468055556
  9
$TDUUPDATE
 40
2460858.093055556
  9
$TDINDWG
 40
0.0000000000
  9
$TDUSRTIMER
 40
0.0000000000
  9
$USRTIMER
 70
     1
  9
$ANGBASE
 50
0.0
  9
$ANGDIR
 70
     0
  9
$PDMODE
 70
     0
  9
$PDSIZE
 40
0.0
  9
$PLINEWID
 40
0.0
  9
$SPLFRAME
 70
     0
  9
$SPLINETYPE
 70
     6
  9
$SPLINESEGS
 70
     8
  9
$HANDSEED
  5
2D6
  9
$SURFTAB1
 70
     6
  9
$SURFTAB2
 70
     6
  9
$SURFTYPE
 70
     6
  9
$SURFU
 70
     6
  9
$SURFV
 70
     6
  9
$UCSBASE
  2

  9
$UCSNAME
  2

  9
$UCSORG
 10
0.0
 20
0.0
 30
0.0
  9
$UCSXDIR
 10
1.0
 20
0.0
 30
0.0
  9
$UCSYDIR
 10
0.0
 20
1.0
 30
0.0
  9
$UCSORTHOREF
  2

  9
$UCSORTHOVIEW
 70
     0
  9
$UCSORGTOP
 10
0.0
 20
0.0
 30
0.0
  9
$UCSORGBOTTOM
 10
0.0
 20
0.0
 30
0.0
  9
$UCSORGLEFT
 10
0.0
 20
0.0
 30
0.0
  9
$UCSORGRIGHT
 10
0.0
 20
0.0
 30
0.0
  9
$UCSORGFRONT
 10
0.0
 20
0.0
 30
0.0
  9
$UCSORGBACK
 10
0.0
 20
0.0
 30
0.0
  9
$PUCSBASE
  2

  9
$PUCSNAME
  2

  9
$PUCSORG
 10
0.0
 20
0.0
 30
0.0
  9
$PUCSXDIR
 10
1.0
 20
0.0
 30
0.0
  9
$PUCSYDIR
 10
0.0
 20
1.0
 30
0.0
  9
$PUCSORTHOREF
  2

  9
$PUCSORTHOVIEW
 70
     0
  9
$PUCSORGTOP
 10
0.0
 20
0.0
 30
0.0
  9
$PUCSORGBOTTOM
 10
0.0
 20
0.0
 30
0.0
  9
$PUCSORGLEFT
 10
0.0
 20
0.0
 30
0.0
  9
$PUCSORGRIGHT
 10
0.0
 20
0.0
 30
0.0
  9
$PUCSORGFRONT
 10
0.0
 20
0.0
 30
0.0
  9
$PUCSORGBACK
 10
0.0
 20
0.0
 30
0.0
  9
$USERI1
 70
     0
  9
$USERI2
 70
     0
  9
$USERI3
 70
     0
  9
$USERI4
 70
     0
  9
$USERI5
 70
     0
  9
$USERR1
 40
0.0
  9
$USERR2
 40
0.0
  9
$USERR3
 40
0.0
  9
$USERR4
 40
0.0
  9
$USERR5
 40
0.0
  9
$WORLDVIEW
 70
     1
  9
$SHADEDGE
 70
     3
  9
$SHADEDIF
 70
    70
  9
$TILEMODE
 70
     1
  9
$MAXACTVP
 70
    64
  9
$PINSBASE
 10
0.0
 20
0.0
 30
0.0
  9
$PLIMCHECK
 70
     0
  9
$PEXTMIN
 10
1.000000000000000E+20
 20
1.000000000000000E+20
 30
1.000000000000000E+20
  9
$PEXTMAX
 10
-1.000000000000000E+20
 20
-1.000000000000000E+20
 30
-1.000000000000000E+20
  9
$PLIMMIN
 10
0.0
 20
0.0
  9
$PLIMMAX
 10
12.0
 20
9.0
  9
$UNITMODE
 70
     0
  9
$VISRETAIN
 70
     1
  9
$PLINEGEN
 70
     0
  9
$PSLTSCALE
 70
     1
  9
$TREEDEPTH
 70
  3020
  9
$CMLSTYLE
  2
Standard
  9
$CMLJUST
 70
     0
  9
$CMLSCALE
 40
1.0
  9
$PROXYGRAPHICS
 70
     1
  9
$MEASUREMENT
 70
     0
  9
$CELWEIGHT
370
    -1
  9
$ENDCAPS
280
     0
  9
$JOINSTYLE
280
     0
  9
$LWDISPLAY
290
     1
  9
$INSUNITS
 70
     4
  9
$HYPERLINKBASE
  1

  9
$STYLESHEET
  1

  9
$XEDIT
290
     1
  9
$CEPSNTYPE
380
     0
  9
$PSTYLEMODE
290
     1
  9
$FINGERPRINTGUID
  2
{E00A7F24-70C8-6B41-84FB-3DBEAB6560E2}
  9
$VERSIONGUID
  2
{7C9AB157-3B00-FC43-B138-5783BBBEF77C}
  9
$EXTNAMES
290
     1
  9
$PSVPSCALE
 40
0.0
  9
$OLESTARTUP
290
     0
  9
$SORTENTS
280
   127
  9
$INDEXCTL
280
     0
  9
$HIDETEXT
280
     1
  9
$XCLIPFRAME
280
     2
  9
$HALOGAP
280
     0
  9
$OBSCOLOR
 70
   257
  9
$OBSLTYPE
280
     0
  9
$INTERSECTIONDISPLAY
280
     0
  9
$INTERSECTIONCOLOR
 70
   257
  9
$DIMASSOC
280
     2
  9
$PROJECTNAME
  1

  9
$CAMERADISPLAY
290
     0
  9
$LENSLENGTH
 40
50.0
  9
$CAMERAHEIGHT
 40
0.0
  9
$STEPSPERSEC
 40
2.0
  9
$STEPSIZE
 40
6.0
  9
$3DDWFPREC
 40
2.0
  9
$PSOLWIDTH
 40
0.25
  9
$PSOLHEIGHT
 40
4.0
  9
$LOFTANG1
 40
1.570796326794896
  9
$LOFTANG2
 40
1.570796326794896
  9
$LOFTMAG1
 40
0.0
  9
$LOFTMAG2
 40
0.0
  9
$LOFTPARAM
 70
     7
  9
$LOFTNORMALS
280
     1
  9
$LATITUDE
 40
37.795
  9
$LONGITUDE
 40
-122.394
  9
$NORTHDIRECTION
 40
0.0
  9
$TIMEZONE
 70
 -8000
  9
$LIGHTGLYPHDISPLAY
280
     1
  9
$TILEMODELIGHTSYNCH
280
     1
  9
$CMATERIAL
347
11
  9
$SOLIDHIST
280
     0
  9
$SHOWHIST
280
     1
  9
$DWFFRAME
280
     2
  9
$DGNFRAME
280
     0
  9
$REALWORLDSCALE
290
     1
  9
$INTERFERECOLOR
 62
     1
  9
$INTERFEREOBJVS
345
33
  9
$INTERFEREVPVS
346
30
  9
$CSHADOW
280
     0
  9
$SHADOWPLANELOCATION
 40
0.0
  0
ENDSEC
  0
SECTION
  2
CLASSES
  0
CLASS
  1
ACDBDICTIONARYWDFLT
  2
AcDbDictionaryWithDefault
  3
ObjectDBX Classes
 90
        0
 91
        1
280
     0
281
     0
  0
CLASS
  1
MATERIAL
  2
AcDbMaterial
  3
ObjectDBX Classes
 90
     1153
 91
        3
280
     0
281
     0
  0
CLASS
  1
VISUALSTYLE
  2
AcDbVisualStyle
  3
ObjectDBX Classes
 90
     4095
 91
       24
280
     0
281
     0
  0
CLASS
  1
SCALE
  2
AcDbScale
  3
ObjectDBX Classes
 90
     1153
 91
       17
280
     0
281
     0
  0
CLASS
  1
TABLESTYLE
  2
AcDbTableStyle
  3
ObjectDBX Classes
 90
     4095
 91
        1
280
     0
281
     0
  0
CLASS
  1
MLEADERSTYLE
  2
AcDbMLeaderStyle
  3
ACDB_MLEADERSTYLE_CLASS
 90
     4095
 91
        1
280
     0
281
     0
  0
CLASS
  1
ACDBSECTIONVIEWSTYLE
  2
AcDbSectionViewStyle
  3
ObjectDBX Classes
 90
     1025
 91
        1
280
     0
281
     0
  0
CLASS
  1
ACDBDETAILVIEWSTYLE
  2
AcDbDetailViewStyle
  3
ObjectDBX Classes
 90
     1025
 91
        1
280
     0
281
     0
  0
CLASS
  1
DICTIONARYVAR
  2
AcDbDictionaryVar
  3
ObjectDBX Classes
 90
        0
 91
        5
280
     0
281
     0
  0
CLASS
  1
CELLSTYLEMAP
  2
AcDbCellStyleMap
  3
ObjectDBX Classes
 90
     1152
 91
        1
280
     0
281
     0
  0
ENDSEC
  0
SECTION
  2
TABLES
  0
TABLE
  2
VPORT
  5
8
330
0
100
AcDbSymbolTable
 70
     1
  0
VPORT
  5
57
330
8
100
AcDbSymbolTableRecord
100
AcDbViewportTableRecord
  2
*Active
 70
     0
 10
0.0
 20
0.0
 11
1.0
 21
1.0
 12
0.0
 22
0.0
 13
0.0
 23
0.0
 14
1.0
 24
1.0
 15
0.0
 25
0.0
 16
0.0
 26
0.0
 36
1.0
 17
44.99999998875003
 27
24.99999999374993
 37
0.0
 40
50.99999998724985
 41
1.800000000000006
 42
50.0
 43
0.0
 44
0.0
 50
0.0
 51
0.0
 71
     0
 72
   100
 73
     1
 74
     1
 75
     0
 76
     0
 77
     0
 78
     0
281
     0
 65
     1
110
0.0
120
0.0
130
0.0
111
1.0
121
0.0
131
0.0
112
0.0
122
1.0
132
0.0
 79
     0
146
0.0
 60
     3
 61
     5
292
     1
282
     1
141
0.0
142
0.0
 63
   250
421
  3355443
  0
ENDTAB
  0
TABLE
  2
LTYPE
  5
5
330
0
100
AcDbSymbolTable
 70
     1
  0
LTYPE
  5
5B
330
5
100
AcDbSymbolTableRecord
100
AcDbLinetypeTableRecord
  2
ByBlock
 70
     0
  3

 72
    65
 73
     0
 40
0.0
  0
LTYPE
  5
5C
330
5
100
AcDbSymbolTableRecord
100
AcDbLinetypeTableRecord
  2
ByLayer
 70
     0
  3

 72
    65
 73
     0
 40
0.0
  0
LTYPE
  5
5D
330
5
100
AcDbSymbolTableRecord
100
AcDbLinetypeTableRecord
  2
Continuous
 70
     0
  3
Solid line
 72
    65
 73
     0
 40
0.0
  0
ENDTAB
  0
TABLE
  2
LAYER
  5
2
330
0
100
AcDbSymbolTable
 70
     3
  0
LAYER
  5
54
330
2
100
AcDbSymbolTableRecord
100
AcDbLayerTableRecord
  2
0
 70
     0
 62
     7
  6
Continuous
370
    -3
390
F
347
21
  0
LAYER
  5
78
330
2
100
AcDbSymbolTableRecord
100
AcDbLayerTableRecord
  2
guideline
 70
     5
 62
     7
  6
Continuous
370
     0
390
F
347
21
  0
LAYER
  5
28D
330
2
100
AcDbSymbolTableRecord
100
AcDbLayerTableRecord
  2
logo
 70
     0
 62
     7
  6
Continuous
370
     0
390
F
347
21
  0
ENDTAB
  0
TABLE
  2
STYLE
  5
3
330
0
100
AcDbSymbolTable
 70
     2
  0
STYLE
  5
55
330
3
100
AcDbSymbolTableRecord
100
AcDbTextStyleTableRecord
  2
Standard
 70
     0
 40
0.0
 41
1.0
 50
0.0
 71
     0
 42
0.2
  3
txt
  4

  0
STYLE
  5
5A
330
3
100
AcDbSymbolTableRecord
100
AcDbTextStyleTableRecord
  2
Annotative
 70
     0
 40
0.0
 41
1.0
 50
0.0
 71
     0
 42
0.2
  3
txt
  4

1001
AcadAnnotative
1000
AnnotativeData
1002
{
1070
     1
1070
     1
1002
}
  0
ENDTAB
  0
TABLE
  2
VIEW
  5
6
330
0
100
AcDbSymbolTable
 70
     0
  0
ENDTAB
  0
TABLE
  2
UCS
  5
7
330
0
100
AcDbSymbolTable
 70
     0
  0
ENDTAB
  0
TABLE
  2
APPID
  5
9
330
0
100
AcDbSymbolTable
 70
     2
  0
APPID
  5
56
330
9
100
AcDbSymbolTableRecord
100
AcDbRegAppTableRecord
  2
ACAD
 70
     0
  0
APPID
  5
5E
330
9
100
AcDbSymbolTableRecord
100
AcDbRegAppTableRecord
  2
AcadAnnotative
 70
     0
  0
ENDTAB
  0
TABLE
  2
DIMSTYLE
  5
A
330
0
100
AcDbSymbolTable
 70
     2
100
AcDbDimStyleTable
 71
     0
  0
DIMSTYLE
105
58
330
A
100
AcDbSymbolTableRecord
100
AcDbDimStyleTableRecord
  2
Standard
 70
     0
340
55
  0
DIMSTYLE
105
59
330
A
100
AcDbSymbolTableRecord
100
AcDbDimStyleTableRecord
  2
Annotative
 70
     0
340
55
1001
AcadAnnotative
1000
AnnotativeData
1002
{
1070
     1
1070
     1
1002
}
  0
ENDTAB
  0
TABLE
  2
BLOCK_RECORD
  5
1
330
0
100
AcDbSymbolTable
 70
     1
  0
BLOCK_RECORD
  5
70
330
1
100
AcDbSymbolTableRecord
100
AcDbBlockTableRecord
  2
*Model_Space
340
73
 70
     0
280
     1
281
     0
  0
BLOCK_RECORD
  5
6C
330
1
100
AcDbSymbolTableRecord
100
AcDbBlockTableRecord
  2
*Paper_Space
340
6F
 70
     0
280
     1
281
     0
  0
BLOCK_RECORD
  5
74
330
1
100
AcDbSymbolTableRecord
100
AcDbBlockTableRecord
  2
*Paper_Space0
340
77
 70
     0
280
     1
281
     0
  0
ENDTAB
  0
ENDSEC
  0
SECTION
  2
BLOCKS
  0
BLOCK
  5
71
330
70
100
AcDbEntity
  8
0
100
AcDbBlockBegin
  2
*Model_Space
 70
     0
 10
0.0
 20
0.0
 30
0.0
  3
*Model_Space
  1

  0
ENDBLK
  5
72
330
70
100
AcDbEntity
  8
0
100
AcDbBlockEnd
  0
BLOCK
  5
6D
330
6C
100
AcDbEntity
 67
     1
  8
0
100
AcDbBlockBegin
  2
*Paper_Space
 70
     0
 10
0.0
 20
0.0
 30
0.0
  3
*Paper_Space
  1

  0
ENDBLK
  5
6E
330
6C
100
AcDbEntity
 67
     1
  8
0
100
AcDbBlockEnd
  0
BLOCK
  5
75
330
74
100
AcDbEntity
 67
     1
  8
0
100
AcDbBlockBegin
  2
*Paper_Space0
 70
     0
 10
0.0
 20
0.0
 30
0.0
  3
*Paper_Space0
  1

  0
ENDBLK
  5
76
330
74
100
AcDbEntity
 67
     1
  8
0
100
AcDbBlockEnd
  0
ENDSEC
  0
SECTION
  2
ENTITIES
  0
CIRCLE
  5
79
330
70
100
AcDbEntity
  8
guideline
 62
    18
420
        0
370
     0
100
AcDbCircle
 10
30.71309661488545
 20
39.59498968295096
 30
0.0
 40
4.000841988127281
  0
CIRCLE
  5
7A
330
70
100
AcDbEntity
  8
guideline
100
AcDbCircle
 10
30.71309661488561
 20
39.59498968295128
 30
0.0
 40
4.000841988127361
  0
HATCH
  5
7B
330
70
100
AcDbEntity
  8
guideline
 62
   241
420
 16028843
440
 33554483
100
AcDbHatch
 10
0.0
 20
0.0
 30
0.0
210
0.0
220
0.0
230
1.0
  2
SOLID
 70
     1
 71
     1
 91
        1
 92
        1
 93
        1
 72
     2
 10
30.71309661488561
 20
39.59498968295128
 40
4.000841988127361
 50
0.0
 51
360.0
 73
     1
 97
        1
330
7A
 75
     2
 76
     1
 98
        1
 10
0.0
 20
0.0
450
        0
451
        0
460
0.0
461
0.0
452
        0
462
0.0
453
        0
470

  0
CIRCLE
  5
7C
330
70
100
AcDbEntity
  8
guideline
 62
    18
420
        0
370
     0
100
AcDbCircle
 10
30.71309661488657
 20
10.76097794972392
 30
0.0
 40
4.000841988128485
  0
CIRCLE
  5
7D
330
70
100
AcDbEntity
  8
guideline
100
AcDbCircle
 10
30.71309661488649
 20
10.76097794972344
 30
0.0
 40
4.000841988128525
  0
HATCH
  5
7E
330
70
100
AcDbEntity
  8
guideline
 62
   241
420
 16028843
440
 33554483
100
AcDbHatch
 10
0.0
 20
0.0
 30
0.0
210
0.0
220
0.0
230
1.0
  2
SOLID
 70
     1
 71
     1
 91
        1
 92
        1
 93
        1
 72
     2
 10
30.71309661488649
 20
10.76097794972344
 40
4.000841988128525
 50
0.0
 51
360.0
 73
     1
 97
        1
330
7D
 75
     2
 76
     1
 98
        1
 10
0.0
 20
0.0
450
        0
451
        0
460
0.0
461
0.0
452
        0
462
0.0
453
        0
470

  0
CIRCLE
  5
7F
330
70
100
AcDbEntity
  8
guideline
 62
    18
420
        0
370
     0
100
AcDbCircle
 10
59.65803190753911
 20
39.59498968295096
 30
0.0
 40
4.000841988125156
  0
CIRCLE
  5
80
330
70
100
AcDbEntity
  8
guideline
100
AcDbCircle
 10
59.65803190753927
 20
39.59498968295168
 30
0.0
 40
4.000841988125035
  0
HATCH
  5
81
330
70
100
AcDbEntity
  8
guideline
 62
   241
420
 16028843
440
 33554483
100
AcDbHatch
 10
0.0
 20
0.0
 30
0.0
210
0.0
220
0.0
230
1.0
  2
SOLID
 70
     1
 71
     1
 91
        1
 92
        1
 93
        1
 72
     2
 10
59.65803190753927
 20
39.59498968295168
 40
4.000841988125035
 50
0.0
 51
360.0
 73
     1
 97
        1
330
80
 75
     2
 76
     1
 98
        1
 10
0.0
 20
0.0
450
        0
451
        0
460
0.0
461
0.0
452
        0
462
0.0
453
        0
470

  0
CIRCLE
  5
82
330
70
100
AcDbEntity
  8
guideline
 62
    18
420
        0
370
     0
100
AcDbCircle
 10
59.65803190753911
 20
10.76097794972392
 30
0.0
 40
4.0008419881266
  0
CIRCLE
  5
83
330
70
100
AcDbEntity
  8
guideline
100
AcDbCircle
 10
59.65803190753927
 20
10.76097794972344
 30
0.0
 40
4.000841988126921
  0
HATCH
  5
84
330
70
100
AcDbEntity
  8
guideline
 62
   241
420
 16028843
440
 33554483
100
AcDbHatch
 10
0.0
 20
0.0
 30
0.0
210
0.0
220
0.0
230
1.0
  2
SOLID
 70
     1
 71
     1
 91
        1
 92
        1
 93
        1
 72
     2
 10
59.65803190753927
 20
10.76097794972344
 40
4.000841988126921
 50
0.0
 51
360.0
 73
     1
 97
        1
330
83
 75
     2
 76
     1
 98
        1
 10
0.0
 20
0.0
450
        0
451
        0
460
0.0
461
0.0
452
        0
462
0.0
453
        0
470

  0
LWPOLYLINE
  5
85
330
70
100
AcDbEntity
  8
guideline
 62
    18
420
        0
370
     0
100
AcDbPolyline
 90
        4
 70
     1
 43
0.0
 10
63.79396376629104
 20
43.13334733948546
 10
63.64700936689623
 20
43.13334733948546
 10
63.64700936689623
 20
43.63907712802525
 10
63.79396376629104
 20
43.63907712802525
  0
LWPOLYLINE
  5
86
330
70
100
AcDbEntity
  8
guideline
 62
    18
420
        0
370
     0
100
AcDbPolyline
 90
        4
 70
     1
 43
0.0
 10
63.79396376629104
 20
41.95771214433278
 10
63.64700936689623
 20
41.95771214433278
 10
63.64700936689623
 20
42.5455297419088
 10
63.79396376629104
 20
42.5455297419088
  0
LWPOLYLINE
  5
87
330
70
100
AcDbEntity
  8
guideline
 62
    18
420
        0
370
     0
100
AcDbPolyline
 90
        4
 70
     1
 43
0.0
 10
63.79396376629104
 20
40.78207694918011
 10
63.64700936689623
 20
40.78207694918011
 10
63.64700936689623
 20
41.36989454675613
 10
63.79396376629104
 20
41.36989454675613
  0
LWPOLYLINE
  5
88
330
70
100
AcDbEntity
  8
guideline
 62
    18
420
        0
370
     0
100
AcDbPolyline
 90
        4
 70
     1
 43
0.0
 10
63.79396376629104
 20
39.6064417540268
 10
63.64700936689623
 20
39.6064417540268
 10
63.64700936689623
 20
40.19425935160345
 10
63.79396376629104
 20
40.19425935160345
  0
LWPOLYLINE
  5
89
330
70
100
AcDbEntity
  8
guideline
 62
    18
420
        0
370
     0
100
AcDbPolyline
 90
        4
 70
     1
 43
0.0
 10
63.79396376629104
 20
38.43080655887412
 10
63.64700936689623
 20
38.43080655887412
 10
63.64700936689623
 20
39.01862415645079
 10
63.79396376629104
 20
39.01862415645079
  0
LWPOLYLINE
  5
8A
330
70
100
AcDbEntity
  8
guideline
 62
    18
420
        0
370
     0
100
AcDbPolyline
 90
        4
 70
     1
 43
0.0
 10
63.79396376629104
 20
37.25517136372145
 10
63.64700936689623
 20
37.25517136372145
 10
63.64700936689623
 20
37.84298896129811
 10
63.79396376629104
 20
37.84298896129811
  0
LWPOLYLINE
  5
8B
330
70
100
AcDbEntity
  8
guideline
 62
    18
420
        0
370
     0
100
AcDbPolyline
 90
        4
 70
     1
 43
0.0
 10
63.79396376629104
 20
36.07953616856878
 10
63.64700936689623
 20
36.07953616856878
 10
63.64700936689623
 20
36.66735376614479
 10
63.79396376629104
 20
36.66735376614479
  0
LWPOLYLINE
  5
8C
330
70
100
AcDbEntity
  8
guideline
 62
    18
420
        0
370
     0
100
AcDbPolyline
 90
        4
 70
     1
 43
0.0
 10
63.79396376629104
 20
34.90390097341611
 10
63.64700936689623
 20
34.90390097341611
 10
63.64700936689623
 20
35.49171857099276
 10
63.79396376629104
 20
35.49171857099276
  0
LWPOLYLINE
  5
8D
330
70
100
AcDbEntity
  8
guideline
 62
    18
420
        0
370
     0
100
AcDbPolyline
 90
        4
 70
     1
 43
0.0
 10
63.79396376629104
 20
33.72826577826279
 10
63.64700936689623
 20
33.72826577826279
 10
63.64700936689623
 20
34.31608337583945
 10
63.79396376629104
 20
34.31608337583945
  0
LWPOLYLINE
  5
8E
330
70
100
AcDbEntity
  8
guideline
 62
    18
420
        0
370
     0
100
AcDbPolyline
 90
        4
 70
     1
 43
0.0
 10
63.79396376629104
 20
32.55263058311076
 10
63.64700936689623
 20
32.55263058311076
 10
63.64700936689623
 20
33.14044818068678
 10
63.79396376629104
 20
33.14044818068678
  0
LWPOLYLINE
  5
8F
330
70
100
AcDbEntity
  8
guideline
 62
    18
420
        0
370
     0
100
AcDbPolyline
 90
        4
 70
     1
 43
0.0
 10
63.79396376629104
 20
31.37699538795744
 10
63.64700936689623
 20
31.37699538795744
 10
63.64700936689623
 20
31.9648129855341
 10
63.79396376629104
 20
31.9648129855341
  0
LWPOLYLINE
  5
90
330
70
100
AcDbEntity
  8
guideline
 62
    18
420
        0
370
     0
100
AcDbPolyline
 90
        4
 70
     1
 43
0.0
 10
63.79396376629104
 20
30.20136019280477
 10
63.64700936689623
 20
30.20136019280477
 10
63.64700936689623
 20
30.78917779038079
 10
63.79396376629104
 20
30.78917779038079
  0
LWPOLYLINE
  5
91
330
70
100
AcDbEntity
  8
guideline
 62
    18
420
        0
370
     0
100
AcDbPolyline
 90
        4
 70
     1
 43
0.0
 10
63.79396376629104
 20
29.0257249976521
 10
63.64700936689623
 20
29.0257249976521
 10
63.64700936689623
 20
29.61354259522875
 10
63.79396376629104
 20
29.61354259522875
  0
LWPOLYLINE
  5
92
330
70
100
AcDbEntity
  8
guideline
 62
    18
420
        0
370
     0
100
AcDbPolyline
 90
        4
 70
     1
 43
0.0
 10
63.79396376629104
 20
27.85008980249878
 10
63.64700936689623
 20
27.85008980249878
 10
63.64700936689623
 20
28.43790740007543
 10
63.79396376629104
 20
28.43790740007543
  0
LWPOLYLINE
  5
93
330
70
100
AcDbEntity
  8
guideline
 62
    18
420
        0
370
     0
100
AcDbPolyline
 90
        4
 70
     1
 43
0.0
 10
63.79396376629104
 20
26.67445460734675
 10
63.64700936689623
 20
26.67445460734675
 10
63.64700936689623
 20
27.26227220492277
 10
63.79396376629104
 20
27.26227220492277
  0
LWPOLYLINE
  5
94
330
70
100
AcDbEntity
  8
guideline
 62
    18
420
        0
370
     0
100
AcDbPolyline
 90
        4
 70
     1
 43
0.0
 10
63.79396376629104
 20
25.49881941219343
 10
63.64700936689623
 20
25.49881941219343
 10
63.64700936689623
 20
26.08663700977009
 10
63.79396376629104
 20
26.08663700977009
  0
LWPOLYLINE
  5
95
330
70
100
AcDbEntity
  8
guideline
 62
    18
420
        0
370
     0
100
AcDbPolyline
 90
        4
 70
     1
 43
0.0
 10
63.79396376629104
 20
24.32318421704076
 10
63.64700936689623
 20
24.32318421704076
 10
63.64700936689623
 20
24.91100181461677
 10
63.79396376629104
 20
24.91100181461677
  0
LWPOLYLINE
  5
96
330
70
100
AcDbEntity
  8
guideline
 62
    18
420
        0
370
     0
100
AcDbPolyline
 90
        4
 70
     1
 43
0.0
 10
63.79396376629104
 20
23.14754902188808
 10
63.64700936689623
 20
23.14754902188808
 10
63.64700936689623
 20
23.73536661946474
 10
63.79396376629104
 20
23.73536661946474
  0
LWPOLYLINE
  5
97
330
70
100
AcDbEntity
  8
guideline
 62
    18
420
        0
370
     0
100
AcDbPolyline
 90
        4
 70
     1
 43
0.0
 10
63.79396376629104
 20
21.97191382673541
 10
63.64700936689623
 20
21.97191382673541
 10
63.64700936689623
 20
22.55973142431143
 10
63.79396376629104
 20
22.55973142431143
  0
LWPOLYLINE
  5
98
330
70
100
AcDbEntity
  8
guideline
 62
    18
420
        0
370
     0
100
AcDbPolyline
 90
        4
 70
     1
 43
0.0
 10
63.79396376629104
 20
20.79627863158274
 10
63.64700936689623
 20
20.79627863158274
 10
63.64700936689623
 20
21.38409622915875
 10
63.79396376629104
 20
21.38409622915875
  0
LWPOLYLINE
  5
99
330
70
100
AcDbEntity
  8
guideline
 62
    18
420
        0
370
     0
100
AcDbPolyline
 90
        4
 70
     1
 43
0.0
 10
63.79396376629104
 20
19.62064343642942
 10
63.64700936689623
 20
19.62064343642942
 10
63.64700936689623
 20
20.20846103400608
 10
63.79396376629104
 20
20.20846103400608
  0
LWPOLYLINE
  5
9A
330
70
100
AcDbEntity
  8
guideline
 62
    18
420
        0
370
     0
100
AcDbPolyline
 90
        4
 70
     1
 43
0.0
 10
63.79396376629104
 20
18.44500824127674
 10
63.64700936689623
 20
18.44500824127674
 10
63.64700936689623
 20
19.0328258388534
 10
63.79396376629104
 20
19.0328258388534
  0
LWPOLYLINE
  5
9B
330
70
100
AcDbEntity
  8
guideline
 62
    18
420
        0
370
     0
100
AcDbPolyline
 90
        4
 70
     1
 43
0.0
 10
63.79396376629104
 20
17.26937304612407
 10
63.64700936689623
 20
17.26937304612407
 10
63.64700936689623
 20
17.85719064370073
 10
63.79396376629104
 20
17.85719064370073
  0
LWPOLYLINE
  5
9C
330
70
100
AcDbEntity
  8
guideline
 62
    18
420
        0
370
     0
100
AcDbPolyline
 90
        4
 70
     1
 43
0.0
 10
63.79396376629104
 20
16.0937378509714
 10
63.64700936689623
 20
16.0937378509714
 10
63.64700936689623
 20
16.68155544854742
 10
63.79396376629104
 20
16.68155544854742
  0
LWPOLYLINE
  5
9D
330
70
100
AcDbEntity
  8
guideline
 62
    18
420
        0
370
     0
100
AcDbPolyline
 90
        4
 70
     1
 43
0.0
 10
63.79396376629104
 20
14.91810265581873
 10
63.64700936689623
 20
14.91810265581873
 10
63.64700936689623
 20
15.50592025339538
 10
63.79396376629104
 20
15.50592025339538
  0
LWPOLYLINE
  5
9E
330
70
100
AcDbEntity
  8
guideline
 62
    18
420
        0
370
     0
100
AcDbPolyline
 90
        4
 70
     1
 43
0.0
 10
63.79396376629104
 20
13.74246746066541
 10
63.64700936689623
 20
13.74246746066541
 10
63.64700936689623
 20
14.33028505824207
 10
63.79396376629104
 20
14.33028505824207
  0
LWPOLYLINE
  5
9F
330
70
100
AcDbEntity
  8
guideline
 62
    18
420
        0
370
     0
100
AcDbPolyline
 90
        4
 70
     1
 43
0.0
 10
63.79396376629104
 20
12.56683226551338
 10
63.64700936689623
 20
12.56683226551338
 10
63.64700936689623
 20
13.15464986308939
 10
63.79396376629104
 20
13.15464986308939
  0
LWPOLYLINE
  5
A0
330
70
100
AcDbEntity
  8
guideline
 62
    18
420
        0
370
     0
100
AcDbPolyline
 90
        4
 70
     1
 43
0.0
 10
63.79396376629104
 20
11.39119707036006
 10
63.64700936689623
 20
11.39119707036006
 10
63.64700936689623
 20
11.97901466793672
 10
63.79396376629104
 20
11.97901466793672
  0
LWPOLYLINE
  5
A1
330
70
100
AcDbEntity
  8
guideline
 62
    18
420
        0
370
     0
100
AcDbPolyline
 90
        4
 70
     1
 43
0.0
 10
63.79396376629104
 20
10.21556187520739
 10
63.64700936689623
 20
10.21556187520739
 10
63.64700936689623
 20
10.8033794727834
 10
63.79396376629104
 20
10.8033794727834
  0
LWPOLYLINE
  5
A2
330
70
100
AcDbEntity
  8
guideline
 62
    18
420
        0
370
     0
100
AcDbPolyline
 90
        4
 70
     1
 43
0.0
 10
63.79396376629104
 20
9.039926680054716
 10
63.64700936689623
 20
9.039926680054716
 10
63.64700936689623
 20
9.627744277631373
 10
63.79396376629104
 20
9.627744277631373
  0
LWPOLYLINE
  5
A3
330
70
100
AcDbEntity
  8
guideline
 62
    18
420
        0
370
     0
100
AcDbPolyline
 90
        4
 70
     1
 43
0.0
 10
63.79396376629104
 20
7.8642914849014
 10
63.64700936689623
 20
7.8642914849014
 10
63.64700936689623
 20
8.452109082478058
 10
63.79396376629104
 20
8.452109082478058
  0
LWPOLYLINE
  5
A4
330
70
100
AcDbEntity
  8
guideline
 62
    18
420
        0
370
     0
100
AcDbPolyline
 90
        4
 70
     1
 43
0.0
 10
63.79396376629104
 20
6.688656289748726
 10
63.64700936689623
 20
6.688656289748726
 10
63.64700936689623
 20
7.276473887325384
 10
63.79396376629104
 20
7.276473887325384
  0
SPLINE
  5
A5
330
70
100
AcDbEntity
  8
guideline
100
AcDbSpline
210
0.0
220
0.0
230
1.0
 70
    11
 71
     3
 72
    17
 73
    13
 74
     0
 42
0.0000000001
 43
0.0000000001
 40
0.0
 40
0.0
 40
0.0
 40
0.0
 40
1.0
 40
1.0
 40
1.0
 40
2.0
 40
2.0
 40
2.0
 40
3.0
 40
3.0
 40
3.0
 40
4.0
 40
4.0
 40
4.0
 40
4.0
 10
63.7939637662904
 20
6.688656289749368
 30
0.0
 10
63.7939637662904
 20
6.688656289749368
 30
0.0
 10
63.64700936689688
 20
6.688656289749368
 30
0.0
 10
63.64700936689688
 20
6.688656289749368
 30
0.0
 10
63.64700936689688
 20
6.688656289749368
 30
0.0
 10
63.64700936689688
 20
7.276473887324742
 30
0.0
 10
63.64700936689688
 20
7.276473887324742
 30
0.0
 10
63.64700936689688
 20
7.276473887324742
 30
0.0
 10
63.7939637662904
 20
7.276473887324742
 30
0.0
 10
63.7939637662904
 20
7.276473887324742
 30
0.0
 10
63.7939637662904
 20
7.276473887324742
 30
0.0
 10
63.7939637662904
 20
6.688656289749368
 30
0.0
 10
63.7939637662904
 20
6.688656289749368
 30
0.0
  0
SPLINE
  5
A6
330
70
100
AcDbEntity
  8
guideline
100
AcDbSpline
210
0.0
220
0.0
230
1.0
 70
    11
 71
     3
 72
    17
 73
    13
 74
     0
 42
0.0000000001
 43
0.0000000001
 40
0.0
 40
0.0
 40
0.0
 40
0.0
 40
1.0
 40
1.0
 40
1.0
 40
2.0
 40
2.0
 40
2.0
 40
3.0
 40
3.0
 40
3.0
 40
4.0
 40
4.0
 40
4.0
 40
4.0
 10
63.7939637662904
 20
7.864291484900758
 30
0.0
 10
63.7939637662904
 20
7.864291484900758
 30
0.0
 10
63.64700936689688
 20
7.864291484900758
 30
0.0
 10
63.64700936689688
 20
7.864291484900758
 30
0.0
 10
63.64700936689688
 20
7.864291484900758
 30
0.0
 10
63.64700936689688
 20
8.452109082478699
 30
0.0
 10
63.64700936689688
 20
8.452109082478699
 30
0.0
 10
63.64700936689688
 20
8.452109082478699
 30
0.0
 10
63.7939637662904
 20
8.452109082478699
 30
0.0
 10
63.7939637662904
 20
8.452109082478699
 30
0.0
 10
63.7939637662904
 20
8.452109082478699
 30
0.0
 10
63.7939637662904
 20
7.864291484900758
 30
0.0
 10
63.7939637662904
 20
7.864291484900758
 30
0.0
  0
SPLINE
  5
A7
330
70
100
AcDbEntity
  8
guideline
100
AcDbSpline
210
0.0
220
0.0
230
1.0
 70
    11
 71
     3
 72
    17
 73
    13
 74
     0
 42
0.0000000001
 43
0.0000000001
 40
0.0
 40
0.0
 40
0.0
 40
0.0
 40
1.0
 40
1.0
 40
1.0
 40
2.0
 40
2.0
 40
2.0
 40
3.0
 40
3.0
 40
3.0
 40
4.0
 40
4.0
 40
4.0
 40
4.0
 10
63.7939637662904
 20
9.039926680054074
 30
0.0
 10
63.7939637662904
 20
9.039926680054074
 30
0.0
 10
63.64700936689688
 20
9.039926680054074
 30
0.0
 10
63.64700936689688
 20
9.039926680054074
 30
0.0
 10
63.64700936689688
 20
9.039926680054074
 30
0.0
 10
63.64700936689688
 20
9.627744277632015
 30
0.0
 10
63.64700936689688
 20
9.627744277632015
 30
0.0
 10
63.64700936689688
 20
9.627744277632015
 30
0.0
 10
63.7939637662904
 20
9.627744277632015
 30
0.0
 10
63.7939637662904
 20
9.627744277632015
 30
0.0
 10
63.7939637662904
 20
9.627744277632015
 30
0.0
 10
63.7939637662904
 20
9.039926680054074
 30
0.0
 10
63.7939637662904
 20
9.039926680054074
 30
0.0
  0
SPLINE
  5
A8
330
70
100
AcDbEntity
  8
guideline
100
AcDbSpline
210
0.0
220
0.0
230
1.0
 70
    11
 71
     3
 72
    17
 73
    13
 74
     0
 42
0.0000000001
 43
0.0000000001
 40
0.0
 40
0.0
 40
0.0
 40
0.0
 40
1.0
 40
1.0
 40
1.0
 40
2.0
 40
2.0
 40
2.0
 40
3.0
 40
3.0
 40
3.0
 40
4.0
 40
4.0
 40
4.0
 40
4.0
 10
63.7939637662904
 20
10.21556187520803
 30
0.0
 10
63.7939637662904
 20
10.21556187520803
 30
0.0
 10
63.64700936689688
 20
10.21556187520803
 30
0.0
 10
63.64700936689688
 20
10.21556187520803
 30
0.0
 10
63.64700936689688
 20
10.21556187520803
 30
0.0
 10
63.64700936689688
 20
10.8033794727834
 30
0.0
 10
63.64700936689688
 20
10.8033794727834
 30
0.0
 10
63.64700936689688
 20
10.8033794727834
 30
0.0
 10
63.7939637662904
 20
10.8033794727834
 30
0.0
 10
63.7939637662904
 20
10.8033794727834
 30
0.0
 10
63.7939637662904
 20
10.8033794727834
 30
0.0
 10
63.7939637662904
 20
10.21556187520803
 30
0.0
 10
63.7939637662904
 20
10.21556187520803
 30
0.0
  0
SPLINE
  5
A9
330
70
100
AcDbEntity
  8
guideline
100
AcDbSpline
210
0.0
220
0.0
230
1.0
 70
    11
 71
     3
 72
    17
 73
    13
 74
     0
 42
0.0000000001
 43
0.0000000001
 40
0.0
 40
0.0
 40
0.0
 40
0.0
 40
1.0
 40
1.0
 40
1.0
 40
2.0
 40
2.0
 40
2.0
 40
3.0
 40
3.0
 40
3.0
 40
4.0
 40
4.0
 40
4.0
 40
4.0
 10
63.7939637662904
 20
11.39119707035942
 30
0.0
 10
63.7939637662904
 20
11.39119707035942
 30
0.0
 10
63.64700936689688
 20
11.39119707035942
 30
0.0
 10
63.64700936689688
 20
11.39119707035942
 30
0.0
 10
63.64700936689688
 20
11.39119707035942
 30
0.0
 10
63.64700936689688
 20
11.97901466793736
 30
0.0
 10
63.64700936689688
 20
11.97901466793736
 30
0.0
 10
63.64700936689688
 20
11.97901466793736
 30
0.0
 10
63.7939637662904
 20
11.97901466793736
 30
0.0
 10
63.7939637662904
 20
11.97901466793736
 30
0.0
 10
63.7939637662904
 20
11.97901466793736
 30
0.0
 10
63.7939637662904
 20
11.39119707035942
 30
0.0
 10
63.7939637662904
 20
11.39119707035942
 30
0.0
  0
SPLINE
  5
AA
330
70
100
AcDbEntity
  8
guideline
100
AcDbSpline
210
0.0
220
0.0
230
1.0
 70
    11
 71
     3
 72
    17
 73
    13
 74
     0
 42
0.0000000001
 43
0.0000000001
 40
0.0
 40
0.0
 40
0.0
 40
0.0
 40
1.0
 40
1.0
 40
1.0
 40
2.0
 40
2.0
 40
2.0
 40
3.0
 40
3.0
 40
3.0
 40
4.0
 40
4.0
 40
4.0
 40
4.0
 10
63.7939637662904
 20
12.56683226551273
 30
0.0
 10
63.7939637662904
 20
12.56683226551273
 30
0.0
 10
63.64700936689688
 20
12.56683226551273
 30
0.0
 10
63.64700936689688
 20
12.56683226551273
 30
0.0
 10
63.64700936689688
 20
12.56683226551273
 30
0.0
 10
63.64700936689688
 20
13.15464986308875
 30
0.0
 10
63.64700936689688
 20
13.15464986308875
 30
0.0
 10
63.64700936689688
 20
13.15464986308875
 30
0.0
 10
63.7939637662904
 20
13.15464986308875
 30
0.0
 10
63.7939637662904
 20
13.15464986308875
 30
0.0
 10
63.7939637662904
 20
13.15464986308875
 30
0.0
 10
63.7939637662904
 20
12.56683226551273
 30
0.0
 10
63.7939637662904
 20
12.56683226551273
 30
0.0
  0
SPLINE
  5
AB
330
70
100
AcDbEntity
  8
guideline
100
AcDbSpline
210
0.0
220
0.0
230
1.0
 70
    11
 71
     3
 72
    17
 73
    13
 74
     0
 42
0.0000000001
 43
0.0000000001
 40
0.0
 40
0.0
 40
0.0
 40
0.0
 40
1.0
 40
1.0
 40
1.0
 40
2.0
 40
2.0
 40
2.0
 40
3.0
 40
3.0
 40
3.0
 40
4.0
 40
4.0
 40
4.0
 40
4.0
 10
63.7939637662904
 20
13.74246746066477
 30
0.0
 10
63.7939637662904
 20
13.74246746066477
 30
0.0
 10
63.64700936689688
 20
13.74246746066477
 30
0.0
 10
63.64700936689688
 20
13.74246746066477
 30
0.0
 10
63.64700936689688
 20
13.74246746066477
 30
0.0
 10
63.64700936689688
 20
14.33028505824271
 30
0.0
 10
63.64700936689688
 20
14.33028505824271
 30
0.0
 10
63.64700936689688
 20
14.33028505824271
 30
0.0
 10
63.7939637662904
 20
14.33028505824271
 30
0.0
 10
63.7939637662904
 20
14.33028505824271
 30
0.0
 10
63.7939637662904
 20
14.33028505824271
 30
0.0
 10
63.7939637662904
 20
13.74246746066477
 30
0.0
 10
63.7939637662904
 20
13.74246746066477
 30
0.0
  0
SPLINE
  5
AC
330
70
100
AcDbEntity
  8
guideline
100
AcDbSpline
210
0.0
220
0.0
230
1.0
 70
    11
 71
     3
 72
    17
 73
    13
 74
     0
 42
0.0000000001
 43
0.0000000001
 40
0.0
 40
0.0
 40
0.0
 40
0.0
 40
1.0
 40
1.0
 40
1.0
 40
2.0
 40
2.0
 40
2.0
 40
3.0
 40
3.0
 40
3.0
 40
4.0
 40
4.0
 40
4.0
 40
4.0
 10
63.7939637662904
 20
14.91810265581808
 30
0.0
 10
63.7939637662904
 20
14.91810265581808
 30
0.0
 10
63.64700936689688
 20
14.91810265581808
 30
0.0
 10
63.64700936689688
 20
14.91810265581808
 30
0.0
 10
63.64700936689688
 20
14.91810265581808
 30
0.0
 10
63.64700936689688
 20
15.50592025339602
 30
0.0
 10
63.64700936689688
 20
15.50592025339602
 30
0.0
 10
63.64700936689688
 20
15.50592025339602
 30
0.0
 10
63.7939637662904
 20
15.50592025339602
 30
0.0
 10
63.7939637662904
 20
15.50592025339602
 30
0.0
 10
63.7939637662904
 20
15.50592025339602
 30
0.0
 10
63.7939637662904
 20
14.91810265581808
 30
0.0
 10
63.7939637662904
 20
14.91810265581808
 30
0.0
  0
SPLINE
  5
AD
330
70
100
AcDbEntity
  8
guideline
100
AcDbSpline
210
0.0
220
0.0
230
1.0
 70
    11
 71
     3
 72
    17
 73
    13
 74
     0
 42
0.0000000001
 43
0.0000000001
 40
0.0
 40
0.0
 40
0.0
 40
0.0
 40
1.0
 40
1.0
 40
1.0
 40
2.0
 40
2.0
 40
2.0
 40
3.0
 40
3.0
 40
3.0
 40
4.0
 40
4.0
 40
4.0
 40
4.0
 10
63.7939637662904
 20
16.09373785097204
 30
0.0
 10
63.7939637662904
 20
16.09373785097204
 30
0.0
 10
63.64700936689688
 20
16.09373785097204
 30
0.0
 10
63.64700936689688
 20
16.09373785097204
 30
0.0
 10
63.64700936689688
 20
16.09373785097204
 30
0.0
 10
63.64700936689688
 20
16.68155544854742
 30
0.0
 10
63.64700936689688
 20
16.68155544854742
 30
0.0
 10
63.64700936689688
 20
16.68155544854742
 30
0.0
 10
63.7939637662904
 20
16.68155544854742
 30
0.0
 10
63.7939637662904
 20
16.68155544854742
 30
0.0
 10
63.7939637662904
 20
16.68155544854742
 30
0.0
 10
63.7939637662904
 20
16.09373785097204
 30
0.0
 10
63.7939637662904
 20
16.09373785097204
 30
0.0
  0
SPLINE
  5
AE
330
70
100
AcDbEntity
  8
guideline
100
AcDbSpline
210
0.0
220
0.0
230
1.0
 70
    11
 71
     3
 72
    17
 73
    13
 74
     0
 42
0.0000000001
 43
0.0000000001
 40
0.0
 40
0.0
 40
0.0
 40
0.0
 40
1.0
 40
1.0
 40
1.0
 40
2.0
 40
2.0
 40
2.0
 40
3.0
 40
3.0
 40
3.0
 40
4.0
 40
4.0
 40
4.0
 40
4.0
 10
63.7939637662904
 20
17.26937304612343
 30
0.0
 10
63.7939637662904
 20
17.26937304612343
 30
0.0
 10
63.64700936689688
 20
17.26937304612343
 30
0.0
 10
63.64700936689688
 20
17.26937304612343
 30
0.0
 10
63.64700936689688
 20
17.26937304612343
 30
0.0
 10
63.64700936689688
 20
17.85719064370137
 30
0.0
 10
63.64700936689688
 20
17.85719064370137
 30
0.0
 10
63.64700936689688
 20
17.85719064370137
 30
0.0
 10
63.7939637662904
 20
17.85719064370137
 30
0.0
 10
63.7939637662904
 20
17.85719064370137
 30
0.0
 10
63.7939637662904
 20
17.85719064370137
 30
0.0
 10
63.7939637662904
 20
17.26937304612343
 30
0.0
 10
63.7939637662904
 20
17.26937304612343
 30
0.0
  0
SPLINE
  5
AF
330
70
100
AcDbEntity
  8
guideline
100
AcDbSpline
210
0.0
220
0.0
230
1.0
 70
    11
 71
     3
 72
    17
 73
    13
 74
     0
 42
0.0000000001
 43
0.0000000001
 40
0.0
 40
0.0
 40
0.0
 40
0.0
 40
1.0
 40
1.0
 40
1.0
 40
2.0
 40
2.0
 40
2.0
 40
3.0
 40
3.0
 40
3.0
 40
4.0
 40
4.0
 40
4.0
 40
4.0
 10
63.7939637662904
 20
18.44500824127674
 30
0.0
 10
63.7939637662904
 20
18.44500824127674
 30
0.0
 10
63.64700936689688
 20
18.44500824127674
 30
0.0
 10
63.64700936689688
 20
18.44500824127674
 30
0.0
 10
63.64700936689688
 20
18.44500824127674
 30
0.0
 10
63.64700936689688
 20
19.03282583885276
 30
0.0
 10
63.64700936689688
 20
19.03282583885276
 30
0.0
 10
63.64700936689688
 20
19.03282583885276
 30
0.0
 10
63.7939637662904
 20
19.03282583885276
 30
0.0
 10
63.7939637662904
 20
19.03282583885276
 30
0.0
 10
63.7939637662904
 20
19.03282583885276
 30
0.0
 10
63.7939637662904
 20
18.44500824127674
 30
0.0
 10
63.7939637662904
 20
18.44500824127674
 30
0.0
  0
SPLINE
  5
B0
330
70
100
AcDbEntity
  8
guideline
100
AcDbSpline
210
0.0
220
0.0
230
1.0
 70
    11
 71
     3
 72
    17
 73
    13
 74
     0
 42
0.0000000001
 43
0.0000000001
 40
0.0
 40
0.0
 40
0.0
 40
0.0
 40
1.0
 40
1.0
 40
1.0
 40
2.0
 40
2.0
 40
2.0
 40
3.0
 40
3.0
 40
3.0
 40
4.0
 40
4.0
 40
4.0
 40
4.0
 10
63.7939637662904
 20
19.62064343642878
 30
0.0
 10
63.7939637662904
 20
19.62064343642878
 30
0.0
 10
63.64700936689688
 20
19.62064343642878
 30
0.0
 10
63.64700936689688
 20
19.62064343642878
 30
0.0
 10
63.64700936689688
 20
19.62064343642878
 30
0.0
 10
63.64700936689688
 20
20.20846103400608
 30
0.0
 10
63.64700936689688
 20
20.20846103400608
 30
0.0
 10
63.64700936689688
 20
20.20846103400608
 30
0.0
 10
63.7939637662904
 20
20.20846103400608
 30
0.0
 10
63.7939637662904
 20
20.20846103400608
 30
0.0
 10
63.7939637662904
 20
20.20846103400608
 30
0.0
 10
63.7939637662904
 20
19.62064343642878
 30
0.0
 10
63.7939637662904
 20
19.62064343642878
 30
0.0
  0
SPLINE
  5
B1
330
70
100
AcDbEntity
  8
guideline
100
AcDbSpline
210
0.0
220
0.0
230
1.0
 70
    11
 71
     3
 72
    17
 73
    13
 74
     0
 42
0.0000000001
 43
0.0000000001
 40
0.0
 40
0.0
 40
0.0
 40
0.0
 40
1.0
 40
1.0
 40
1.0
 40
2.0
 40
2.0
 40
2.0
 40
3.0
 40
3.0
 40
3.0
 40
4.0
 40
4.0
 40
4.0
 40
4.0
 10
63.7939637662904
 20
20.7962786315821
 30
0.0
 10
63.7939637662904
 20
20.7962786315821
 30
0.0
 10
63.64700936689688
 20
20.7962786315821
 30
0.0
 10
63.64700936689688
 20
20.7962786315821
 30
0.0
 10
63.64700936689688
 20
20.7962786315821
 30
0.0
 10
63.64700936689688
 20
21.38409622915811
 30
0.0
 10
63.64700936689688
 20
21.38409622915811
 30
0.0
 10
63.64700936689688
 20
21.38409622915811
 30
0.0
 10
63.7939637662904
 20
21.38409622915811
 30
0.0
 10
63.7939637662904
 20
21.38409622915811
 30
0.0
 10
63.7939637662904
 20
21.38409622915811
 30
0.0
 10
63.7939637662904
 20
20.7962786315821
 30
0.0
 10
63.7939637662904
 20
20.7962786315821
 30
0.0
  0
SPLINE
  5
B2
330
70
100
AcDbEntity
  8
guideline
100
AcDbSpline
210
0.0
220
0.0
230
1.0
 70
    11
 71
     3
 72
    17
 73
    13
 74
     0
 42
0.0000000001
 43
0.0000000001
 40
0.0
 40
0.0
 40
0.0
 40
0.0
 40
1.0
 40
1.0
 40
1.0
 40
2.0
 40
2.0
 40
2.0
 40
3.0
 40
3.0
 40
3.0
 40
4.0
 40
4.0
 40
4.0
 40
4.0
 10
63.7939637662904
 20
21.97191382673541
 30
0.0
 10
63.7939637662904
 20
21.97191382673541
 30
0.0
 10
63.64700936689688
 20
21.97191382673541
 30
0.0
 10
63.64700936689688
 20
21.97191382673541
 30
0.0
 10
63.64700936689688
 20
21.97191382673541
 30
0.0
 10
63.64700936689688
 20
22.55973142431143
 30
0.0
 10
63.64700936689688
 20
22.55973142431143
 30
0.0
 10
63.64700936689688
 20
22.55973142431143
 30
0.0
 10
63.7939637662904
 20
22.55973142431143
 30
0.0
 10
63.7939637662904
 20
22.55973142431143
 30
0.0
 10
63.7939637662904
 20
22.55973142431143
 30
0.0
 10
63.7939637662904
 20
21.97191382673541
 30
0.0
 10
63.7939637662904
 20
21.97191382673541
 30
0.0
  0
SPLINE
  5
B3
330
70
100
AcDbEntity
  8
guideline
100
AcDbSpline
210
0.0
220
0.0
230
1.0
 70
    11
 71
     3
 72
    17
 73
    13
 74
     0
 42
0.0000000001
 43
0.0000000001
 40
0.0
 40
0.0
 40
0.0
 40
0.0
 40
1.0
 40
1.0
 40
1.0
 40
2.0
 40
2.0
 40
2.0
 40
3.0
 40
3.0
 40
3.0
 40
4.0
 40
4.0
 40
4.0
 40
4.0
 10
63.7939637662904
 20
23.14754902188744
 30
0.0
 10
63.7939637662904
 20
23.14754902188744
 30
0.0
 10
63.64700936689688
 20
23.14754902188744
 30
0.0
 10
63.64700936689688
 20
23.14754902188744
 30
0.0
 10
63.64700936689688
 20
23.14754902188744
 30
0.0
 10
63.64700936689688
 20
23.73536661946539
 30
0.0
 10
63.64700936689688
 20
23.73536661946539
 30
0.0
 10
63.64700936689688
 20
23.73536661946539
 30
0.0
 10
63.7939637662904
 20
23.73536661946539
 30
0.0
 10
63.7939637662904
 20
23.73536661946539
 30
0.0
 10
63.7939637662904
 20
23.73536661946539
 30
0.0
 10
63.7939637662904
 20
23.14754902188744
 30
0.0
 10
63.7939637662904
 20
23.14754902188744
 30
0.0
  0
SPLINE
  5
B4
330
70
100
AcDbEntity
  8
guideline
100
AcDbSpline
210
0.0
220
0.0
230
1.0
 70
    11
 71
     3
 72
    17
 73
    13
 74
     0
 42
0.0000000001
 43
0.0000000001
 40
0.0
 40
0.0
 40
0.0
 40
0.0
 40
1.0
 40
1.0
 40
1.0
 40
2.0
 40
2.0
 40
2.0
 40
3.0
 40
3.0
 40
3.0
 40
4.0
 40
4.0
 40
4.0
 40
4.0
 10
63.7939637662904
 20
24.32318421704076
 30
0.0
 10
63.7939637662904
 20
24.32318421704076
 30
0.0
 10
63.64700936689688
 20
24.32318421704076
 30
0.0
 10
63.64700936689688
 20
24.32318421704076
 30
0.0
 10
63.64700936689688
 20
24.32318421704076
 30
0.0
 10
63.64700936689688
 20
24.91100181461677
 30
0.0
 10
63.64700936689688
 20
24.91100181461677
 30
0.0
 10
63.64700936689688
 20
24.91100181461677
 30
0.0
 10
63.7939637662904
 20
24.91100181461677
 30
0.0
 10
63.7939637662904
 20
24.91100181461677
 30
0.0
 10
63.7939637662904
 20
24.91100181461677
 30
0.0
 10
63.7939637662904
 20
24.32318421704076
 30
0.0
 10
63.7939637662904
 20
24.32318421704076
 30
0.0
  0
SPLINE
  5
B5
330
70
100
AcDbEntity
  8
guideline
100
AcDbSpline
210
0.0
220
0.0
230
1.0
 70
    11
 71
     3
 72
    17
 73
    13
 74
     0
 42
0.0000000001
 43
0.0000000001
 40
0.0
 40
0.0
 40
0.0
 40
0.0
 40
1.0
 40
1.0
 40
1.0
 40
2.0
 40
2.0
 40
2.0
 40
3.0
 40
3.0
 40
3.0
 40
4.0
 40
4.0
 40
4.0
 40
4.0
 10
63.7939637662904
 20
25.49881941219279
 30
0.0
 10
63.7939637662904
 20
25.49881941219279
 30
0.0
 10
63.64700936689688
 20
25.49881941219279
 30
0.0
 10
63.64700936689688
 20
25.49881941219279
 30
0.0
 10
63.64700936689688
 20
25.49881941219279
 30
0.0
 10
63.64700936689688
 20
26.08663700977041
 30
0.0
 10
63.64700936689688
 20
26.08663700977041
 30
0.0
 10
63.64700936689688
 20
26.08663700977041
 30
0.0
 10
63.7939637662904
 20
26.08663700977041
 30
0.0
 10
63.7939637662904
 20
26.08663700977041
 30
0.0
 10
63.7939637662904
 20
26.08663700977041
 30
0.0
 10
63.7939637662904
 20
25.49881941219279
 30
0.0
 10
63.7939637662904
 20
25.49881941219279
 30
0.0
  0
SPLINE
  5
B6
330
70
100
AcDbEntity
  8
guideline
100
AcDbSpline
210
0.0
220
0.0
230
1.0
 70
    11
 71
     3
 72
    17
 73
    13
 74
     0
 42
0.0000000001
 43
0.0000000001
 40
0.0
 40
0.0
 40
0.0
 40
0.0
 40
1.0
 40
1.0
 40
1.0
 40
2.0
 40
2.0
 40
2.0
 40
3.0
 40
3.0
 40
3.0
 40
4.0
 40
4.0
 40
4.0
 40
4.0
 10
63.7939637662904
 20
26.6744546073461
 30
0.0
 10
63.7939637662904
 20
26.6744546073461
 30
0.0
 10
63.64700936689688
 20
26.6744546073461
 30
0.0
 10
63.64700936689688
 20
26.6744546073461
 30
0.0
 10
63.64700936689688
 20
26.6744546073461
 30
0.0
 10
63.64700936689688
 20
27.26227220492212
 30
0.0
 10
63.64700936689688
 20
27.26227220492212
 30
0.0
 10
63.64700936689688
 20
27.26227220492212
 30
0.0
 10
63.7939637662904
 20
27.26227220492212
 30
0.0
 10
63.7939637662904
 20
27.26227220492212
 30
0.0
 10
63.7939637662904
 20
27.26227220492212
 30
0.0
 10
63.7939637662904
 20
26.6744546073461
 30
0.0
 10
63.7939637662904
 20
26.6744546073461
 30
0.0
  0
SPLINE
  5
B7
330
70
100
AcDbEntity
  8
guideline
100
AcDbSpline
210
0.0
220
0.0
230
1.0
 70
    11
 71
     3
 72
    17
 73
    13
 74
     0
 42
0.0000000001
 43
0.0000000001
 40
0.0
 40
0.0
 40
0.0
 40
0.0
 40
1.0
 40
1.0
 40
1.0
 40
2.0
 40
2.0
 40
2.0
 40
3.0
 40
3.0
 40
3.0
 40
4.0
 40
4.0
 40
4.0
 40
4.0
 10
63.7939637662904
 20
27.85008980249782
 30
0.0
 10
63.7939637662904
 20
27.85008980249782
 30
0.0
 10
63.64700936689688
 20
27.85008980249782
 30
0.0
 10
63.64700936689688
 20
27.85008980249782
 30
0.0
 10
63.64700936689688
 20
27.85008980249782
 30
0.0
 10
63.64700936689688
 20
28.43790740007543
 30
0.0
 10
63.64700936689688
 20
28.43790740007543
 30
0.0
 10
63.64700936689688
 20
28.43790740007543
 30
0.0
 10
63.7939637662904
 20
28.43790740007543
 30
0.0
 10
63.7939637662904
 20
28.43790740007543
 30
0.0
 10
63.7939637662904
 20
28.43790740007543
 30
0.0
 10
63.7939637662904
 20
27.85008980249782
 30
0.0
 10
63.7939637662904
 20
27.85008980249782
 30
0.0
  0
SPLINE
  5
B8
330
70
100
AcDbEntity
  8
guideline
100
AcDbSpline
210
0.0
220
0.0
230
1.0
 70
    11
 71
     3
 72
    17
 73
    13
 74
     0
 42
0.0000000001
 43
0.0000000001
 40
0.0
 40
0.0
 40
0.0
 40
0.0
 40
1.0
 40
1.0
 40
1.0
 40
2.0
 40
2.0
 40
2.0
 40
3.0
 40
3.0
 40
3.0
 40
4.0
 40
4.0
 40
4.0
 40
4.0
 10
63.7939637662904
 20
29.02572499765145
 30
0.0
 10
63.7939637662904
 20
29.02572499765145
 30
0.0
 10
63.64700936689688
 20
29.02572499765145
 30
0.0
 10
63.64700936689688
 20
29.02572499765145
 30
0.0
 10
63.64700936689688
 20
29.02572499765145
 30
0.0
 10
63.64700936689688
 20
29.61354259522908
 30
0.0
 10
63.64700936689688
 20
29.61354259522908
 30
0.0
 10
63.64700936689688
 20
29.61354259522908
 30
0.0
 10
63.7939637662904
 20
29.61354259522908
 30
0.0
 10
63.7939637662904
 20
29.61354259522908
 30
0.0
 10
63.7939637662904
 20
29.61354259522908
 30
0.0
 10
63.7939637662904
 20
29.02572499765145
 30
0.0
 10
63.7939637662904
 20
29.02572499765145
 30
0.0
  0
SPLINE
  5
B9
330
70
100
AcDbEntity
  8
guideline
100
AcDbSpline
210
0.0
220
0.0
230
1.0
 70
    11
 71
     3
 72
    17
 73
    13
 74
     0
 42
0.0000000001
 43
0.0000000001
 40
0.0
 40
0.0
 40
0.0
 40
0.0
 40
1.0
 40
1.0
 40
1.0
 40
2.0
 40
2.0
 40
2.0
 40
3.0
 40
3.0
 40
3.0
 40
4.0
 40
4.0
 40
4.0
 40
4.0
 10
63.7939637662904
 20
30.20136019280477
 30
0.0
 10
63.7939637662904
 20
30.20136019280477
 30
0.0
 10
63.64700936689688
 20
30.20136019280477
 30
0.0
 10
63.64700936689688
 20
30.20136019280477
 30
0.0
 10
63.64700936689688
 20
30.20136019280477
 30
0.0
 10
63.64700936689688
 20
30.78917779038079
 30
0.0
 10
63.64700936689688
 20
30.78917779038079
 30
0.0
 10
63.64700936689688
 20
30.78917779038079
 30
0.0
 10
63.7939637662904
 20
30.78917779038079
 30
0.0
 10
63.7939637662904
 20
30.78917779038079
 30
0.0
 10
63.7939637662904
 20
30.78917779038079
 30
0.0
 10
63.7939637662904
 20
30.20136019280477
 30
0.0
 10
63.7939637662904
 20
30.20136019280477
 30
0.0
  0
SPLINE
  5
BA
330
70
100
AcDbEntity
  8
guideline
100
AcDbSpline
210
0.0
220
0.0
230
1.0
 70
    11
 71
     3
 72
    17
 73
    13
 74
     0
 42
0.0000000001
 43
0.0000000001
 40
0.0
 40
0.0
 40
0.0
 40
0.0
 40
1.0
 40
1.0
 40
1.0
 40
2.0
 40
2.0
 40
2.0
 40
3.0
 40
3.0
 40
3.0
 40
4.0
 40
4.0
 40
4.0
 40
4.0
 10
63.7939637662904
 20
31.37699538795648
 30
0.0
 10
63.7939637662904
 20
31.37699538795648
 30
0.0
 10
63.64700936689688
 20
31.37699538795648
 30
0.0
 10
63.64700936689688
 20
31.37699538795648
 30
0.0
 10
63.64700936689688
 20
31.37699538795648
 30
0.0
 10
63.64700936689688
 20
31.96481298553442
 30
0.0
 10
63.64700936689688
 20
31.96481298553442
 30
0.0
 10
63.64700936689688
 20
31.96481298553442
 30
0.0
 10
63.7939637662904
 20
31.96481298553442
 30
0.0
 10
63.7939637662904
 20
31.96481298553442
 30
0.0
 10
63.7939637662904
 20
31.96481298553442
 30
0.0
 10
63.7939637662904
 20
31.37699538795648
 30
0.0
 10
63.7939637662904
 20
31.37699538795648
 30
0.0
  0
SPLINE
  5
BB
330
70
100
AcDbEntity
  8
guideline
100
AcDbSpline
210
0.0
220
0.0
230
1.0
 70
    11
 71
     3
 72
    17
 73
    13
 74
     0
 42
0.0000000001
 43
0.0000000001
 40
0.0
 40
0.0
 40
0.0
 40
0.0
 40
1.0
 40
1.0
 40
1.0
 40
2.0
 40
2.0
 40
2.0
 40
3.0
 40
3.0
 40
3.0
 40
4.0
 40
4.0
 40
4.0
 40
4.0
 10
63.7939637662904
 20
32.55263058311012
 30
0.0
 10
63.7939637662904
 20
32.55263058311012
 30
0.0
 10
63.64700936689688
 20
32.55263058311012
 30
0.0
 10
63.64700936689688
 20
32.55263058311012
 30
0.0
 10
63.64700936689688
 20
32.55263058311012
 30
0.0
 10
63.64700936689688
 20
33.14044818068613
 30
0.0
 10
63.64700936689688
 20
33.14044818068613
 30
0.0
 10
63.64700936689688
 20
33.14044818068613
 30
0.0
 10
63.7939637662904
 20
33.14044818068613
 30
0.0
 10
63.7939637662904
 20
33.14044818068613
 30
0.0
 10
63.7939637662904
 20
33.14044818068613
 30
0.0
 10
63.7939637662904
 20
32.55263058311012
 30
0.0
 10
63.7939637662904
 20
32.55263058311012
 30
0.0
  0
SPLINE
  5
BC
330
70
100
AcDbEntity
  8
guideline
100
AcDbSpline
210
0.0
220
0.0
230
1.0
 70
    11
 71
     3
 72
    17
 73
    13
 74
     0
 42
0.0000000001
 43
0.0000000001
 40
0.0
 40
0.0
 40
0.0
 40
0.0
 40
1.0
 40
1.0
 40
1.0
 40
2.0
 40
2.0
 40
2.0
 40
3.0
 40
3.0
 40
3.0
 40
4.0
 40
4.0
 40
4.0
 40
4.0
 10
63.7939637662904
 20
33.72826577826375
 30
0.0
 10
63.7939637662904
 20
33.72826577826375
 30
0.0
 10
63.64700936689688
 20
33.72826577826375
 30
0.0
 10
63.64700936689688
 20
33.72826577826375
 30
0.0
 10
63.64700936689688
 20
33.72826577826375
 30
0.0
 10
63.64700936689688
 20
34.31608337583945
 30
0.0
 10
63.64700936689688
 20
34.31608337583945
 30
0.0
 10
63.64700936689688
 20
34.31608337583945
 30
0.0
 10
63.7939637662904
 20
34.31608337583945
 30
0.0
 10
63.7939637662904
 20
34.31608337583945
 30
0.0
 10
63.7939637662904
 20
34.31608337583945
 30
0.0
 10
63.7939637662904
 20
33.72826577826375
 30
0.0
 10
63.7939637662904
 20
33.72826577826375
 30
0.0
  0
SPLINE
  5
BD
330
70
100
AcDbEntity
  8
guideline
100
AcDbSpline
210
0.0
220
0.0
230
1.0
 70
    11
 71
     3
 72
    17
 73
    13
 74
     0
 42
0.0000000001
 43
0.0000000001
 40
0.0
 40
0.0
 40
0.0
 40
0.0
 40
1.0
 40
1.0
 40
1.0
 40
2.0
 40
2.0
 40
2.0
 40
3.0
 40
3.0
 40
3.0
 40
4.0
 40
4.0
 40
4.0
 40
4.0
 10
63.7939637662904
 20
34.90390097341546
 30
0.0
 10
63.7939637662904
 20
34.90390097341546
 30
0.0
 10
63.64700936689688
 20
34.90390097341546
 30
0.0
 10
63.64700936689688
 20
34.90390097341546
 30
0.0
 10
63.64700936689688
 20
34.90390097341546
 30
0.0
 10
63.64700936689688
 20
35.49171857099309
 30
0.0
 10
63.64700936689688
 20
35.49171857099309
 30
0.0
 10
63.64700936689688
 20
35.49171857099309
 30
0.0
 10
63.7939637662904
 20
35.49171857099309
 30
0.0
 10
63.7939637662904
 20
35.49171857099309
 30
0.0
 10
63.7939637662904
 20
35.49171857099309
 30
0.0
 10
63.7939637662904
 20
34.90390097341546
 30
0.0
 10
63.7939637662904
 20
34.90390097341546
 30
0.0
  0
SPLINE
  5
BE
330
70
100
AcDbEntity
  8
guideline
100
AcDbSpline
210
0.0
220
0.0
230
1.0
 70
    11
 71
     3
 72
    17
 73
    13
 74
     0
 42
0.0000000001
 43
0.0000000001
 40
0.0
 40
0.0
 40
0.0
 40
0.0
 40
1.0
 40
1.0
 40
1.0
 40
2.0
 40
2.0
 40
2.0
 40
3.0
 40
3.0
 40
3.0
 40
4.0
 40
4.0
 40
4.0
 40
4.0
 10
63.7939637662904
 20
36.07953616856878
 30
0.0
 10
63.7939637662904
 20
36.07953616856878
 30
0.0
 10
63.64700936689688
 20
36.07953616856878
 30
0.0
 10
63.64700936689688
 20
36.07953616856878
 30
0.0
 10
63.64700936689688
 20
36.07953616856878
 30
0.0
 10
63.64700936689688
 20
36.66735376614479
 30
0.0
 10
63.64700936689688
 20
36.66735376614479
 30
0.0
 10
63.64700936689688
 20
36.66735376614479
 30
0.0
 10
63.7939637662904
 20
36.66735376614479
 30
0.0
 10
63.7939637662904
 20
36.66735376614479
 30
0.0
 10
63.7939637662904
 20
36.66735376614479
 30
0.0
 10
63.7939637662904
 20
36.07953616856878
 30
0.0
 10
63.7939637662904
 20
36.07953616856878
 30
0.0
  0
SPLINE
  5
BF
330
70
100
AcDbEntity
  8
guideline
100
AcDbSpline
210
0.0
220
0.0
230
1.0
 70
    11
 71
     3
 72
    17
 73
    13
 74
     0
 42
0.0000000001
 43
0.0000000001
 40
0.0
 40
0.0
 40
0.0
 40
0.0
 40
1.0
 40
1.0
 40
1.0
 40
2.0
 40
2.0
 40
2.0
 40
3.0
 40
3.0
 40
3.0
 40
4.0
 40
4.0
 40
4.0
 40
4.0
 10
63.7939637662904
 20
37.25517136372049
 30
0.0
 10
63.7939637662904
 20
37.25517136372049
 30
0.0
 10
63.64700936689688
 20
37.25517136372049
 30
0.0
 10
63.64700936689688
 20
37.25517136372049
 30
0.0
 10
63.64700936689688
 20
37.25517136372049
 30
0.0
 10
63.64700936689688
 20
37.84298896129811
 30
0.0
 10
63.64700936689688
 20
37.84298896129811
 30
0.0
 10
63.64700936689688
 20
37.84298896129811
 30
0.0
 10
63.7939637662904
 20
37.84298896129811
 30
0.0
 10
63.7939637662904
 20
37.84298896129811
 30
0.0
 10
63.7939637662904
 20
37.84298896129811
 30
0.0
 10
63.7939637662904
 20
37.25517136372049
 30
0.0
 10
63.7939637662904
 20
37.25517136372049
 30
0.0
  0
SPLINE
  5
C0
330
70
100
AcDbEntity
  8
guideline
100
AcDbSpline
210
0.0
220
0.0
230
1.0
 70
    11
 71
     3
 72
    17
 73
    13
 74
     0
 42
0.0000000001
 43
0.0000000001
 40
0.0
 40
0.0
 40
0.0
 40
0.0
 40
1.0
 40
1.0
 40
1.0
 40
2.0
 40
2.0
 40
2.0
 40
3.0
 40
3.0
 40
3.0
 40
4.0
 40
4.0
 40
4.0
 40
4.0
 10
63.7939637662904
 20
38.43080655887412
 30
0.0
 10
63.7939637662904
 20
38.43080655887412
 30
0.0
 10
63.64700936689688
 20
38.43080655887412
 30
0.0
 10
63.64700936689688
 20
38.43080655887412
 30
0.0
 10
63.64700936689688
 20
38.43080655887412
 30
0.0
 10
63.64700936689688
 20
39.01862415644982
 30
0.0
 10
63.64700936689688
 20
39.01862415644982
 30
0.0
 10
63.64700936689688
 20
39.01862415644982
 30
0.0
 10
63.7939637662904
 20
39.01862415644982
 30
0.0
 10
63.7939637662904
 20
39.01862415644982
 30
0.0
 10
63.7939637662904
 20
39.01862415644982
 30
0.0
 10
63.7939637662904
 20
38.43080655887412
 30
0.0
 10
63.7939637662904
 20
38.43080655887412
 30
0.0
  0
SPLINE
  5
C1
330
70
100
AcDbEntity
  8
guideline
100
AcDbSpline
210
0.0
220
0.0
230
1.0
 70
    11
 71
     3
 72
    17
 73
    13
 74
     0
 42
0.0000000001
 43
0.0000000001
 40
0.0
 40
0.0
 40
0.0
 40
0.0
 40
1.0
 40
1.0
 40
1.0
 40
2.0
 40
2.0
 40
2.0
 40
3.0
 40
3.0
 40
3.0
 40
4.0
 40
4.0
 40
4.0
 40
4.0
 10
63.7939637662904
 20
39.60644175402745
 30
0.0
 10
63.7939637662904
 20
39.60644175402745
 30
0.0
 10
63.64700936689688
 20
39.60644175402745
 30
0.0
 10
63.64700936689688
 20
39.60644175402745
 30
0.0
 10
63.64700936689688
 20
39.60644175402745
 30
0.0
 10
63.64700936689688
 20
40.19425935160345
 30
0.0
 10
63.64700936689688
 20
40.19425935160345
 30
0.0
 10
63.64700936689688
 20
40.19425935160345
 30
0.0
 10
63.7939637662904
 20
40.19425935160345
 30
0.0
 10
63.7939637662904
 20
40.19425935160345
 30
0.0
 10
63.7939637662904
 20
40.19425935160345
 30
0.0
 10
63.7939637662904
 20
39.60644175402745
 30
0.0
 10
63.7939637662904
 20
39.60644175402745
 30
0.0
  0
SPLINE
  5
C2
330
70
100
AcDbEntity
  8
guideline
100
AcDbSpline
210
0.0
220
0.0
230
1.0
 70
    11
 71
     3
 72
    17
 73
    13
 74
     0
 42
0.0000000001
 43
0.0000000001
 40
0.0
 40
0.0
 40
0.0
 40
0.0
 40
1.0
 40
1.0
 40
1.0
 40
2.0
 40
2.0
 40
2.0
 40
3.0
 40
3.0
 40
3.0
 40
4.0
 40
4.0
 40
4.0
 40
4.0
 10
63.7939637662904
 20
40.78207694917915
 30
0.0
 10
63.7939637662904
 20
40.78207694917915
 30
0.0
 10
63.64700936689688
 20
40.78207694917915
 30
0.0
 10
63.64700936689688
 20
40.78207694917915
 30
0.0
 10
63.64700936689688
 20
40.78207694917915
 30
0.0
 10
63.64700936689688
 20
41.36989454675709
 30
0.0
 10
63.64700936689688
 20
41.36989454675709
 30
0.0
 10
63.64700936689688
 20
41.36989454675709
 30
0.0
 10
63.7939637662904
 20
41.36989454675709
 30
0.0
 10
63.7939637662904
 20
41.36989454675709
 30
0.0
 10
63.7939637662904
 20
41.36989454675709
 30
0.0
 10
63.7939637662904
 20
40.78207694917915
 30
0.0
 10
63.7939637662904
 20
40.78207694917915
 30
0.0
  0
SPLINE
  5
C3
330
70
100
AcDbEntity
  8
guideline
100
AcDbSpline
210
0.0
220
0.0
230
1.0
 70
    11
 71
     3
 72
    17
 73
    13
 74
     0
 42
0.0000000001
 43
0.0000000001
 40
0.0
 40
0.0
 40
0.0
 40
0.0
 40
1.0
 40
1.0
 40
1.0
 40
2.0
 40
2.0
 40
2.0
 40
3.0
 40
3.0
 40
3.0
 40
4.0
 40
4.0
 40
4.0
 40
4.0
 10
63.7939637662904
 20
41.95771214433278
 30
0.0
 10
63.7939637662904
 20
41.95771214433278
 30
0.0
 10
63.64700936689688
 20
41.95771214433278
 30
0.0
 10
63.64700936689688
 20
41.95771214433278
 30
0.0
 10
63.64700936689688
 20
41.95771214433278
 30
0.0
 10
63.64700936689688
 20
42.5455297419088
 30
0.0
 10
63.64700936689688
 20
42.5455297419088
 30
0.0
 10
63.64700936689688
 20
42.5455297419088
 30
0.0
 10
63.7939637662904
 20
42.5455297419088
 30
0.0
 10
63.7939637662904
 20
42.5455297419088
 30
0.0
 10
63.7939637662904
 20
42.5455297419088
 30
0.0
 10
63.7939637662904
 20
41.95771214433278
 30
0.0
 10
63.7939637662904
 20
41.95771214433278
 30
0.0
  0
SPLINE
  5
C4
330
70
100
AcDbEntity
  8
guideline
100
AcDbSpline
210
0.0
220
0.0
230
1.0
 70
    11
 71
     3
 72
    17
 73
    13
 74
     0
 42
0.0000000001
 43
0.0000000001
 40
0.0
 40
0.0
 40
0.0
 40
0.0
 40
1.0
 40
1.0
 40
1.0
 40
2.0
 40
2.0
 40
2.0
 40
3.0
 40
3.0
 40
3.0
 40
4.0
 40
4.0
 40
4.0
 40
4.0
 10
63.7939637662904
 20
43.13334733948642
 30
0.0
 10
63.7939637662904
 20
43.13334733948642
 30
0.0
 10
63.64700936689688
 20
43.13334733948642
 30
0.0
 10
63.64700936689688
 20
43.13334733948642
 30
0.0
 10
63.64700936689688
 20
43.13334733948642
 30
0.0
 10
63.64700936689688
 20
43.63907712802589
 30
0.0
 10
63.64700936689688
 20
43.63907712802589
 30
0.0
 10
63.64700936689688
 20
43.63907712802589
 30
0.0
 10
63.7939637662904
 20
43.63907712802589
 30
0.0
 10
63.7939637662904
 20
43.63907712802589
 30
0.0
 10
63.7939637662904
 20
43.63907712802589
 30
0.0
 10
63.7939637662904
 20
43.13334733948642
 30
0.0
 10
63.7939637662904
 20
43.13334733948642
 30
0.0
  0
HATCH
  5
C5
330
70
100
AcDbEntity
  8
guideline
 62
   241
420
 16028843
440
 33554687
100
AcDbHatch
 10
0.0
 20
0.0
 30
0.0
210
0.0
220
0.0
230
1.0
  2
SOLID
 70
     1
 71
     1
 91
       32
 92
        1
 93
        1
 72
     4
 94
        3
 73
     0
 74
     0
 95
       17
 96
       13
 40
0.0
 40
0.0
 40
0.0
 40
0.0
 40
1.0
 40
1.0
 40
1.0
 40
2.0
 40
2.0
 40
2.0
 40
3.0
 40
3.0
 40
3.0
 40
4.0
 40
4.0
 40
4.0
 40
4.0
 10
63.7939637662904
 20
6.688656289749368
 10
63.7939637662904
 20
6.688656289749368
 10
63.64700936689688
 20
6.688656289749368
 10
63.64700936689688
 20
6.688656289749368
 10
63.64700936689688
 20
6.688656289749368
 10
63.64700936689688
 20
7.276473887324742
 10
63.64700936689688
 20
7.276473887324742
 10
63.64700936689688
 20
7.276473887324742
 10
63.7939637662904
 20
7.276473887324742
 10
63.7939637662904
 20
7.276473887324742
 10
63.7939637662904
 20
7.276473887324742
 10
63.7939637662904
 20
6.688656289749368
 10
63.7939637662904
 20
6.688656289749368
 97
        0
 97
        1
330
A5
 92
        1
 93
        2
 72
     4
 94
        3
 73
     0
 74
     0
 95
       17
 96
       13
 40
0.0
 40
0.0
 40
0.0
 40
0.0
 40
1.0
 40
1.0
 40
1.0
 40
2.0
 40
2.0
 40
2.0
 40
3.0
 40
3.0
 40
3.0
 40
4.0
 40
4.0
 40
4.0
 40
4.0
 10
63.7939637662904
 20
7.864291484900758
 10
63.7939637662904
 20
7.864291484900758
 10
63.64700936689688
 20
7.864291484900758
 10
63.64700936689688
 20
7.864291484900758
 10
63.64700936689688
 20
7.864291484900758
 10
63.64700936689688
 20
8.452109082478699
 10
63.64700936689688
 20
8.452109082478699
 10
63.64700936689688
 20
8.452109082478699
 10
63.7939637662904
 20
8.452109082478699
 10
63.7939637662904
 20
8.452109082478699
 10
63.7939637662904
 20
8.452109082478699
 10
63.7939637662904
 20
7.864291484900758
 10
63.7939637662904
 20
7.864291484900758
 97
        0
 72
     1
 10
63.7939637662904
 20
7.864291484900758
 11
63.7939637662904
 21
7.864291484900758
 97
        0
 92
        1
 93
        2
 72
     4
 94
        3
 73
     0
 74
     0
 95
       17
 96
       13
 40
0.0
 40
0.0
 40
0.0
 40
0.0
 40
1.0
 40
1.0
 40
1.0
 40
2.0
 40
2.0
 40
2.0
 40
3.0
 40
3.0
 40
3.0
 40
4.0
 40
4.0
 40
4.0
 40
4.0
 10
63.7939637662904
 20
9.039926680054074
 10
63.7939637662904
 20
9.039926680054074
 10
63.64700936689688
 20
9.039926680054074
 10
63.64700936689688
 20
9.039926680054074
 10
63.64700936689688
 20
9.039926680054074
 10
63.64700936689688
 20
9.627744277632015
 10
63.64700936689688
 20
9.627744277632015
 10
63.64700936689688
 20
9.627744277632015
 10
63.7939637662904
 20
9.627744277632015
 10
63.7939637662904
 20
9.627744277632015
 10
63.7939637662904
 20
9.627744277632015
 10
63.7939637662904
 20
9.039926680054074
 10
63.7939637662904
 20
9.039926680054074
 97
        0
 72
     1
 10
63.7939637662904
 20
9.039926680054074
 11
63.7939637662904
 21
9.039926680054074
 97
        0
 92
        1
 93
        2
 72
     4
 94
        3
 73
     0
 74
     0
 95
       17
 96
       13
 40
0.0
 40
0.0
 40
0.0
 40
0.0
 40
1.0
 40
1.0
 40
1.0
 40
2.0
 40
2.0
 40
2.0
 40
3.0
 40
3.0
 40
3.0
 40
4.0
 40
4.0
 40
4.0
 40
4.0
 10
63.7939637662904
 20
10.21556187520803
 10
63.7939637662904
 20
10.21556187520803
 10
63.64700936689688
 20
10.21556187520803
 10
63.64700936689688
 20
10.21556187520803
 10
63.64700936689688
 20
10.21556187520803
 10
63.64700936689688
 20
10.8033794727834
 10
63.64700936689688
 20
10.8033794727834
 10
63.64700936689688
 20
10.8033794727834
 10
63.7939637662904
 20
10.8033794727834
 10
63.7939637662904
 20
10.8033794727834
 10
63.7939637662904
 20
10.8033794727834
 10
63.7939637662904
 20
10.21556187520803
 10
63.7939637662904
 20
10.21556187520803
 97
        0
 72
     1
 10
63.7939637662904
 20
10.21556187520803
 11
63.7939637662904
 21
10.21556187520803
 97
        0
 92
        1
 93
        2
 72
     4
 94
        3
 73
     0
 74
     0
 95
       17
 96
       13
 40
0.0
 40
0.0
 40
0.0
 40
0.0
 40
1.0
 40
1.0
 40
1.0
 40
2.0
 40
2.0
 40
2.0
 40
3.0
 40
3.0
 40
3.0
 40
4.0
 40
4.0
 40
4.0
 40
4.0
 10
63.7939637662904
 20
11.39119707035942
 10
63.7939637662904
 20
11.39119707035942
 10
63.64700936689688
 20
11.39119707035942
 10
63.64700936689688
 20
11.39119707035942
 10
63.64700936689688
 20
11.39119707035942
 10
63.64700936689688
 20
11.97901466793736
 10
63.64700936689688
 20
11.97901466793736
 10
63.64700936689688
 20
11.97901466793736
 10
63.7939637662904
 20
11.97901466793736
 10
63.7939637662904
 20
11.97901466793736
 10
63.7939637662904
 20
11.97901466793736
 10
63.7939637662904
 20
11.39119707035942
 10
63.7939637662904
 20
11.39119707035942
 97
        0
 72
     1
 10
63.7939637662904
 20
11.39119707035942
 11
63.7939637662904
 21
11.39119707035942
 97
        0
 92
        1
 93
        2
 72
     4
 94
        3
 73
     0
 74
     0
 95
       17
 96
       13
 40
0.0
 40
0.0
 40
0.0
 40
0.0
 40
1.0
 40
1.0
 40
1.0
 40
2.0
 40
2.0
 40
2.0
 40
3.0
 40
3.0
 40
3.0
 40
4.0
 40
4.0
 40
4.0
 40
4.0
 10
63.7939637662904
 20
12.56683226551273
 10
63.7939637662904
 20
12.56683226551273
 10
63.64700936689688
 20
12.56683226551273
 10
63.64700936689688
 20
12.56683226551273
 10
63.64700936689688
 20
12.56683226551273
 10
63.64700936689688
 20
13.15464986308875
 10
63.64700936689688
 20
13.15464986308875
 10
63.64700936689688
 20
13.15464986308875
 10
63.7939637662904
 20
13.15464986308875
 10
63.7939637662904
 20
13.15464986308875
 10
63.7939637662904
 20
13.15464986308875
 10
63.7939637662904
 20
12.56683226551273
 10
63.7939637662904
 20
12.56683226551273
 97
        0
 72
     1
 10
63.7939637662904
 20
12.56683226551273
 11
63.7939637662904
 21
12.56683226551273
 97
        0
 92
        1
 93
        2
 72
     4
 94
        3
 73
     0
 74
     0
 95
       17
 96
       13
 40
0.0
 40
0.0
 40
0.0
 40
0.0
 40
1.0
 40
1.0
 40
1.0
 40
2.0
 40
2.0
 40
2.0
 40
3.0
 40
3.0
 40
3.0
 40
4.0
 40
4.0
 40
4.0
 40
4.0
 10
63.7939637662904
 20
13.74246746066477
 10
63.7939637662904
 20
13.74246746066477
 10
63.64700936689688
 20
13.74246746066477
 10
63.64700936689688
 20
13.74246746066477
 10
63.64700936689688
 20
13.74246746066477
 10
63.64700936689688
 20
14.33028505824271
 10
63.64700936689688
 20
14.33028505824271
 10
63.64700936689688
 20
14.33028505824271
 10
63.7939637662904
 20
14.33028505824271
 10
63.7939637662904
 20
14.33028505824271
 10
63.7939637662904
 20
14.33028505824271
 10
63.7939637662904
 20
13.74246746066477
 10
63.7939637662904
 20
13.74246746066477
 97
        0
 72
     1
 10
63.7939637662904
 20
13.74246746066477
 11
63.7939637662904
 21
13.74246746066477
 97
        0
 92
        1
 93
        2
 72
     4
 94
        3
 73
     0
 74
     0
 95
       17
 96
       13
 40
0.0
 40
0.0
 40
0.0
 40
0.0
 40
1.0
 40
1.0
 40
1.0
 40
2.0
 40
2.0
 40
2.0
 40
3.0
 40
3.0
 40
3.0
 40
4.0
 40
4.0
 40
4.0
 40
4.0
 10
63.7939637662904
 20
14.91810265581808
 10
63.7939637662904
 20
14.91810265581808
 10
63.64700936689688
 20
14.91810265581808
 10
63.64700936689688
 20
14.91810265581808
 10
63.64700936689688
 20
14.91810265581808
 10
63.64700936689688
 20
15.50592025339602
 10
63.64700936689688
 20
15.50592025339602
 10
63.64700936689688
 20
15.50592025339602
 10
63.7939637662904
 20
15.50592025339602
 10
63.7939637662904
 20
15.50592025339602
 10
63.7939637662904
 20
15.50592025339602
 10
63.7939637662904
 20
14.91810265581808
 10
63.7939637662904
 20
14.91810265581808
 97
        0
 72
     1
 10
63.7939637662904
 20
14.91810265581808
 11
63.7939637662904
 21
14.91810265581808
 97
        0
 92
        1
 93
        2
 72
     4
 94
        3
 73
     0
 74
     0
 95
       17
 96
       13
 40
0.0
 40
0.0
 40
0.0
 40
0.0
 40
1.0
 40
1.0
 40
1.0
 40
2.0
 40
2.0
 40
2.0
 40
3.0
 40
3.0
 40
3.0
 40
4.0
 40
4.0
 40
4.0
 40
4.0
 10
63.7939637662904
 20
16.09373785097204
 10
63.7939637662904
 20
16.09373785097204
 10
63.64700936689688
 20
16.09373785097204
 10
63.64700936689688
 20
16.09373785097204
 10
63.64700936689688
 20
16.09373785097204
 10
63.64700936689688
 20
16.68155544854742
 10
63.64700936689688
 20
16.68155544854742
 10
63.64700936689688
 20
16.68155544854742
 10
63.7939637662904
 20
16.68155544854742
 10
63.7939637662904
 20
16.68155544854742
 10
63.7939637662904
 20
16.68155544854742
 10
63.7939637662904
 20
16.09373785097204
 10
63.7939637662904
 20
16.09373785097204
 97
        0
 72
     1
 10
63.7939637662904
 20
16.09373785097204
 11
63.7939637662904
 21
16.09373785097204
 97
        0
 92
        1
 93
        2
 72
     4
 94
        3
 73
     0
 74
     0
 95
       17
 96
       13
 40
0.0
 40
0.0
 40
0.0
 40
0.0
 40
1.0
 40
1.0
 40
1.0
 40
2.0
 40
2.0
 40
2.0
 40
3.0
 40
3.0
 40
3.0
 40
4.0
 40
4.0
 40
4.0
 40
4.0
 10
63.7939637662904
 20
17.26937304612343
 10
63.7939637662904
 20
17.26937304612343
 10
63.64700936689688
 20
17.26937304612343
 10
63.64700936689688
 20
17.26937304612343
 10
63.64700936689688
 20
17.26937304612343
 10
63.64700936689688
 20
17.85719064370137
 10
63.64700936689688
 20
17.85719064370137
 10
63.64700936689688
 20
17.85719064370137
 10
63.7939637662904
 20
17.85719064370137
 10
63.7939637662904
 20
17.85719064370137
 10
63.7939637662904
 20
17.85719064370137
 10
63.7939637662904
 20
17.26937304612343
 10
63.7939637662904
 20
17.26937304612343
 97
        0
 72
     1
 10
63.7939637662904
 20
17.26937304612343
 11
63.7939637662904
 21
17.26937304612343
 97
        0
 92
        1
 93
        2
 72
     4
 94
        3
 73
     0
 74
     0
 95
       17
 96
       13
 40
0.0
 40
0.0
 40
0.0
 40
0.0
 40
1.0
 40
1.0
 40
1.0
 40
2.0
 40
2.0
 40
2.0
 40
3.0
 40
3.0
 40
3.0
 40
4.0
 40
4.0
 40
4.0
 40
4.0
 10
63.7939637662904
 20
18.44500824127674
 10
63.7939637662904
 20
18.44500824127674
 10
63.64700936689688
 20
18.44500824127674
 10
63.64700936689688
 20
18.44500824127674
 10
63.64700936689688
 20
18.44500824127674
 10
63.64700936689688
 20
19.03282583885276
 10
63.64700936689688
 20
19.03282583885276
 10
63.64700936689688
 20
19.03282583885276
 10
63.7939637662904
 20
19.03282583885276
 10
63.7939637662904
 20
19.03282583885276
 10
63.7939637662904
 20
19.03282583885276
 10
63.7939637662904
 20
18.44500824127674
 10
63.7939637662904
 20
18.44500824127674
 97
        0
 72
     1
 10
63.7939637662904
 20
18.44500824127674
 11
63.7939637662904
 21
18.44500824127674
 97
        0
 92
        1
 93
        2
 72
     4
 94
        3
 73
     0
 74
     0
 95
       17
 96
       13
 40
0.0
 40
0.0
 40
0.0
 40
0.0
 40
1.0
 40
1.0
 40
1.0
 40
2.0
 40
2.0
 40
2.0
 40
3.0
 40
3.0
 40
3.0
 40
4.0
 40
4.0
 40
4.0
 40
4.0
 10
63.7939637662904
 20
19.62064343642878
 10
63.7939637662904
 20
19.62064343642878
 10
63.64700936689688
 20
19.62064343642878
 10
63.64700936689688
 20
19.62064343642878
 10
63.64700936689688
 20
19.62064343642878
 10
63.64700936689688
 20
20.20846103400608
 10
63.64700936689688
 20
20.20846103400608
 10
63.64700936689688
 20
20.20846103400608
 10
63.7939637662904
 20
20.20846103400608
 10
63.7939637662904
 20
20.20846103400608
 10
63.7939637662904
 20
20.20846103400608
 10
63.7939637662904
 20
19.62064343642878
 10
63.7939637662904
 20
19.62064343642878
 97
        0
 72
     1
 10
63.7939637662904
 20
19.62064343642878
 11
63.7939637662904
 21
19.62064343642878
 97
        0
 92
        1
 93
        2
 72
     4
 94
        3
 73
     0
 74
     0
 95
       17
 96
       13
 40
0.0
 40
0.0
 40
0.0
 40
0.0
 40
1.0
 40
1.0
 40
1.0
 40
2.0
 40
2.0
 40
2.0
 40
3.0
 40
3.0
 40
3.0
 40
4.0
 40
4.0
 40
4.0
 40
4.0
 10
63.7939637662904
 20
20.7962786315821
 10
63.7939637662904
 20
20.7962786315821
 10
63.64700936689688
 20
20.7962786315821
 10
63.64700936689688
 20
20.7962786315821
 10
63.64700936689688
 20
20.7962786315821
 10
63.64700936689688
 20
21.38409622915811
 10
63.64700936689688
 20
21.38409622915811
 10
63.64700936689688
 20
21.38409622915811
 10
63.7939637662904
 20
21.38409622915811
 10
63.7939637662904
 20
21.38409622915811
 10
63.7939637662904
 20
21.38409622915811
 10
63.7939637662904
 20
20.7962786315821
 10
63.7939637662904
 20
20.7962786315821
 97
        0
 72
     1
 10
63.7939637662904
 20
20.7962786315821
 11
63.7939637662904
 21
20.7962786315821
 97
        0
 92
        1
 93
        2
 72
     4
 94
        3
 73
     0
 74
     0
 95
       17
 96
       13
 40
0.0
 40
0.0
 40
0.0
 40
0.0
 40
1.0
 40
1.0
 40
1.0
 40
2.0
 40
2.0
 40
2.0
 40
3.0
 40
3.0
 40
3.0
 40
4.0
 40
4.0
 40
4.0
 40
4.0
 10
63.7939637662904
 20
21.97191382673541
 10
63.7939637662904
 20
21.97191382673541
 10
63.64700936689688
 20
21.97191382673541
 10
63.64700936689688
 20
21.97191382673541
 10
63.64700936689688
 20
21.97191382673541
 10
63.64700936689688
 20
22.55973142431143
 10
63.64700936689688
 20
22.55973142431143
 10
63.64700936689688
 20
22.55973142431143
 10
63.7939637662904
 20
22.55973142431143
 10
63.7939637662904
 20
22.55973142431143
 10
63.7939637662904
 20
22.55973142431143
 10
63.7939637662904
 20
21.97191382673541
 10
63.7939637662904
 20
21.97191382673541
 97
        0
 72
     1
 10
63.7939637662904
 20
21.97191382673541
 11
63.7939637662904
 21
21.97191382673541
 97
        0
 92
        1
 93
        2
 72
     4
 94
        3
 73
     0
 74
     0
 95
       17
 96
       13
 40
0.0
 40
0.0
 40
0.0
 40
0.0
 40
1.0
 40
1.0
 40
1.0
 40
2.0
 40
2.0
 40
2.0
 40
3.0
 40
3.0
 40
3.0
 40
4.0
 40
4.0
 40
4.0
 40
4.0
 10
63.7939637662904
 20
23.14754902188744
 10
63.7939637662904
 20
23.14754902188744
 10
63.64700936689688
 20
23.14754902188744
 10
63.64700936689688
 20
23.14754902188744
 10
63.64700936689688
 20
23.14754902188744
 10
63.64700936689688
 20
23.73536661946539
 10
63.64700936689688
 20
23.73536661946539
 10
63.64700936689688
 20
23.73536661946539
 10
63.7939637662904
 20
23.73536661946539
 10
63.7939637662904
 20
23.73536661946539
 10
63.7939637662904
 20
23.73536661946539
 10
63.7939637662904
 20
23.14754902188744
 10
63.7939637662904
 20
23.14754902188744
 97
        0
 72
     1
 10
63.7939637662904
 20
23.14754902188744
 11
63.7939637662904
 21
23.14754902188744
 97
        0
 92
        1
 93
        2
 72
     4
 94
        3
 73
     0
 74
     0
 95
       17
 96
       13
 40
0.0
 40
0.0
 40
0.0
 40
0.0
 40
1.0
 40
1.0
 40
1.0
 40
2.0
 40
2.0
 40
2.0
 40
3.0
 40
3.0
 40
3.0
 40
4.0
 40
4.0
 40
4.0
 40
4.0
 10
63.7939637662904
 20
24.32318421704076
 10
63.7939637662904
 20
24.32318421704076
 10
63.64700936689688
 20
24.32318421704076
 10
63.64700936689688
 20
24.32318421704076
 10
63.64700936689688
 20
24.32318421704076
 10
63.64700936689688
 20
24.91100181461677
 10
63.64700936689688
 20
24.91100181461677
 10
63.64700936689688
 20
24.91100181461677
 10
63.7939637662904
 20
24.91100181461677
 10
63.7939637662904
 20
24.91100181461677
 10
63.7939637662904
 20
24.91100181461677
 10
63.7939637662904
 20
24.32318421704076
 10
63.7939637662904
 20
24.32318421704076
 97
        0
 72
     1
 10
63.7939637662904
 20
24.32318421704076
 11
63.7939637662904
 21
24.32318421704076
 97
        0
 92
        1
 93
        2
 72
     4
 94
        3
 73
     0
 74
     0
 95
       17
 96
       13
 40
0.0
 40
0.0
 40
0.0
 40
0.0
 40
1.0
 40
1.0
 40
1.0
 40
2.0
 40
2.0
 40
2.0
 40
3.0
 40
3.0
 40
3.0
 40
4.0
 40
4.0
 40
4.0
 40
4.0
 10
63.7939637662904
 20
25.49881941219279
 10
63.7939637662904
 20
25.49881941219279
 10
63.64700936689688
 20
25.49881941219279
 10
63.64700936689688
 20
25.49881941219279
 10
63.64700936689688
 20
25.49881941219279
 10
63.64700936689688
 20
26.08663700977041
 10
63.64700936689688
 20
26.08663700977041
 10
63.64700936689688
 20
26.08663700977041
 10
63.7939637662904
 20
26.08663700977041
 10
63.7939637662904
 20
26.08663700977041
 10
63.7939637662904
 20
26.08663700977041
 10
63.7939637662904
 20
25.49881941219279
 10
63.7939637662904
 20
25.49881941219279
 97
        0
 72
     1
 10
63.7939637662904
 20
25.49881941219279
 11
63.7939637662904
 21
25.49881941219279
 97
        0
 92
        1
 93
        2
 72
     4
 94
        3
 73
     0
 74
     0
 95
       17
 96
       13
 40
0.0
 40
0.0
 40
0.0
 40
0.0
 40
1.0
 40
1.0
 40
1.0
 40
2.0
 40
2.0
 40
2.0
 40
3.0
 40
3.0
 40
3.0
 40
4.0
 40
4.0
 40
4.0
 40
4.0
 10
63.7939637662904
 20
26.6744546073461
 10
63.7939637662904
 20
26.6744546073461
 10
63.64700936689688
 20
26.6744546073461
 10
63.64700936689688
 20
26.6744546073461
 10
63.64700936689688
 20
26.6744546073461
 10
63.64700936689688
 20
27.26227220492212
 10
63.64700936689688
 20
27.26227220492212
 10
63.64700936689688
 20
27.26227220492212
 10
63.7939637662904
 20
27.26227220492212
 10
63.7939637662904
 20
27.26227220492212
 10
63.7939637662904
 20
27.26227220492212
 10
63.7939637662904
 20
26.6744546073461
 10
63.7939637662904
 20
26.6744546073461
 97
        0
 72
     1
 10
63.7939637662904
 20
26.6744546073461
 11
63.7939637662904
 21
26.6744546073461
 97
        0
 92
        1
 93
        2
 72
     4
 94
        3
 73
     0
 74
     0
 95
       17
 96
       13
 40
0.0
 40
0.0
 40
0.0
 40
0.0
 40
1.0
 40
1.0
 40
1.0
 40
2.0
 40
2.0
 40
2.0
 40
3.0
 40
3.0
 40
3.0
 40
4.0
 40
4.0
 40
4.0
 40
4.0
 10
63.7939637662904
 20
27.85008980249782
 10
63.7939637662904
 20
27.85008980249782
 10
63.64700936689688
 20
27.85008980249782
 10
63.64700936689688
 20
27.85008980249782
 10
63.64700936689688
 20
27.85008980249782
 10
63.64700936689688
 20
28.43790740007543
 10
63.64700936689688
 20
28.43790740007543
 10
63.64700936689688
 20
28.43790740007543
 10
63.7939637662904
 20
28.43790740007543
 10
63.7939637662904
 20
28.43790740007543
 10
63.7939637662904
 20
28.43790740007543
 10
63.7939637662904
 20
27.85008980249782
 10
63.7939637662904
 20
27.85008980249782
 97
        0
 72
     1
 10
63.7939637662904
 20
27.85008980249782
 11
63.7939637662904
 21
27.85008980249782
 97
        0
 92
        1
 93
        2
 72
     4
 94
        3
 73
     0
 74
     0
 95
       17
 96
       13
 40
0.0
 40
0.0
 40
0.0
 40
0.0
 40
1.0
 40
1.0
 40
1.0
 40
2.0
 40
2.0
 40
2.0
 40
3.0
 40
3.0
 40
3.0
 40
4.0
 40
4.0
 40
4.0
 40
4.0
 10
63.7939637662904
 20
29.02572499765145
 10
63.7939637662904
 20
29.02572499765145
 10
63.64700936689688
 20
29.02572499765145
 10
63.64700936689688
 20
29.02572499765145
 10
63.64700936689688
 20
29.02572499765145
 10
63.64700936689688
 20
29.61354259522908
 10
63.64700936689688
 20
29.61354259522908
 10
63.64700936689688
 20
29.61354259522908
 10
63.7939637662904
 20
29.61354259522908
 10
63.7939637662904
 20
29.61354259522908
 10
63.7939637662904
 20
29.61354259522908
 10
63.7939637662904
 20
29.02572499765145
 10
63.7939637662904
 20
29.02572499765145
 97
        0
 72
     1
 10
63.7939637662904
 20
29.02572499765145
 11
63.7939637662904
 21
29.02572499765145
 97
        0
 92
        1
 93
        2
 72
     4
 94
        3
 73
     0
 74
     0
 95
       17
 96
       13
 40
0.0
 40
0.0
 40
0.0
 40
0.0
 40
1.0
 40
1.0
 40
1.0
 40
2.0
 40
2.0
 40
2.0
 40
3.0
 40
3.0
 40
3.0
 40
4.0
 40
4.0
 40
4.0
 40
4.0
 10
63.7939637662904
 20
30.20136019280477
 10
63.7939637662904
 20
30.20136019280477
 10
63.64700936689688
 20
30.20136019280477
 10
63.64700936689688
 20
30.20136019280477
 10
63.64700936689688
 20
30.20136019280477
 10
63.64700936689688
 20
30.78917779038079
 10
63.64700936689688
 20
30.78917779038079
 10
63.64700936689688
 20
30.78917779038079
 10
63.7939637662904
 20
30.78917779038079
 10
63.7939637662904
 20
30.78917779038079
 10
63.7939637662904
 20
30.78917779038079
 10
63.7939637662904
 20
30.20136019280477
 10
63.7939637662904
 20
30.20136019280477
 97
        0
 72
     1
 10
63.7939637662904
 20
30.20136019280477
 11
63.7939637662904
 21
30.20136019280477
 97
        0
 92
        1
 93
        2
 72
     4
 94
        3
 73
     0
 74
     0
 95
       17
 96
       13
 40
0.0
 40
0.0
 40
0.0
 40
0.0
 40
1.0
 40
1.0
 40
1.0
 40
2.0
 40
2.0
 40
2.0
 40
3.0
 40
3.0
 40
3.0
 40
4.0
 40
4.0
 40
4.0
 40
4.0
 10
63.7939637662904
 20
31.37699538795648
 10
63.7939637662904
 20
31.37699538795648
 10
63.64700936689688
 20
31.37699538795648
 10
63.64700936689688
 20
31.37699538795648
 10
63.64700936689688
 20
31.37699538795648
 10
63.64700936689688
 20
31.96481298553442
 10
63.64700936689688
 20
31.96481298553442
 10
63.64700936689688
 20
31.96481298553442
 10
63.7939637662904
 20
31.96481298553442
 10
63.7939637662904
 20
31.96481298553442
 10
63.7939637662904
 20
31.96481298553442
 10
63.7939637662904
 20
31.37699538795648
 10
63.7939637662904
 20
31.37699538795648
 97
        0
 72
     1
 10
63.7939637662904
 20
31.37699538795648
 11
63.7939637662904
 21
31.37699538795648
 97
        0
 92
        1
 93
        2
 72
     4
 94
        3
 73
     0
 74
     0
 95
       17
 96
       13
 40
0.0
 40
0.0
 40
0.0
 40
0.0
 40
1.0
 40
1.0
 40
1.0
 40
2.0
 40
2.0
 40
2.0
 40
3.0
 40
3.0
 40
3.0
 40
4.0
 40
4.0
 40
4.0
 40
4.0
 10
63.7939637662904
 20
32.55263058311012
 10
63.7939637662904
 20
32.55263058311012
 10
63.64700936689688
 20
32.55263058311012
 10
63.64700936689688
 20
32.55263058311012
 10
63.64700936689688
 20
32.55263058311012
 10
63.64700936689688
 20
33.14044818068613
 10
63.64700936689688
 20
33.14044818068613
 10
63.64700936689688
 20
33.14044818068613
 10
63.7939637662904
 20
33.14044818068613
 10
63.7939637662904
 20
33.14044818068613
 10
63.7939637662904
 20
33.14044818068613
 10
63.7939637662904
 20
32.55263058311012
 10
63.7939637662904
 20
32.55263058311012
 97
        0
 72
     1
 10
63.7939637662904
 20
32.55263058311012
 11
63.7939637662904
 21
32.55263058311012
 97
        0
 92
        1
 93
        2
 72
     4
 94
        3
 73
     0
 74
     0
 95
       17
 96
       13
 40
0.0
 40
0.0
 40
0.0
 40
0.0
 40
1.0
 40
1.0
 40
1.0
 40
2.0
 40
2.0
 40
2.0
 40
3.0
 40
3.0
 40
3.0
 40
4.0
 40
4.0
 40
4.0
 40
4.0
 10
63.7939637662904
 20
33.72826577826375
 10
63.7939637662904
 20
33.72826577826375
 10
63.64700936689688
 20
33.72826577826375
 10
63.64700936689688
 20
33.72826577826375
 10
63.64700936689688
 20
33.72826577826375
 10
63.64700936689688
 20
34.31608337583945
 10
63.64700936689688
 20
34.31608337583945
 10
63.64700936689688
 20
34.31608337583945
 10
63.7939637662904
 20
34.31608337583945
 10
63.7939637662904
 20
34.31608337583945
 10
63.7939637662904
 20
34.31608337583945
 10
63.7939637662904
 20
33.72826577826375
 10
63.7939637662904
 20
33.72826577826375
 97
        0
 72
     1
 10
63.7939637662904
 20
33.72826577826375
 11
63.7939637662904
 21
33.72826577826375
 97
        0
 92
        1
 93
        2
 72
     4
 94
        3
 73
     0
 74
     0
 95
       17
 96
       13
 40
0.0
 40
0.0
 40
0.0
 40
0.0
 40
1.0
 40
1.0
 40
1.0
 40
2.0
 40
2.0
 40
2.0
 40
3.0
 40
3.0
 40
3.0
 40
4.0
 40
4.0
 40
4.0
 40
4.0
 10
63.7939637662904
 20
34.90390097341546
 10
63.7939637662904
 20
34.90390097341546
 10
63.64700936689688
 20
34.90390097341546
 10
63.64700936689688
 20
34.90390097341546
 10
63.64700936689688
 20
34.90390097341546
 10
63.64700936689688
 20
35.49171857099309
 10
63.64700936689688
 20
35.49171857099309
 10
63.64700936689688
 20
35.49171857099309
 10
63.7939637662904
 20
35.49171857099309
 10
63.7939637662904
 20
35.49171857099309
 10
63.7939637662904
 20
35.49171857099309
 10
63.7939637662904
 20
34.90390097341546
 10
63.7939637662904
 20
34.90390097341546
 97
        0
 72
     1
 10
63.7939637662904
 20
34.90390097341546
 11
63.7939637662904
 21
34.90390097341546
 97
        0
 92
        1
 93
        2
 72
     4
 94
        3
 73
     0
 74
     0
 95
       17
 96
       13
 40
0.0
 40
0.0
 40
0.0
 40
0.0
 40
1.0
 40
1.0
 40
1.0
 40
2.0
 40
2.0
 40
2.0
 40
3.0
 40
3.0
 40
3.0
 40
4.0
 40
4.0
 40
4.0
 40
4.0
 10
63.7939637662904
 20
36.07953616856878
 10
63.7939637662904
 20
36.07953616856878
 10
63.64700936689688
 20
36.07953616856878
 10
63.64700936689688
 20
36.07953616856878
 10
63.64700936689688
 20
36.07953616856878
 10
63.64700936689688
 20
36.66735376614479
 10
63.64700936689688
 20
36.66735376614479
 10
63.64700936689688
 20
36.66735376614479
 10
63.7939637662904
 20
36.66735376614479
 10
63.7939637662904
 20
36.66735376614479
 10
63.7939637662904
 20
36.66735376614479
 10
63.7939637662904
 20
36.07953616856878
 10
63.7939637662904
 20
36.07953616856878
 97
        0
 72
     1
 10
63.7939637662904
 20
36.07953616856878
 11
63.7939637662904
 21
36.07953616856878
 97
        0
 92
        1
 93
        2
 72
     4
 94
        3
 73
     0
 74
     0
 95
       17
 96
       13
 40
0.0
 40
0.0
 40
0.0
 40
0.0
 40
1.0
 40
1.0
 40
1.0
 40
2.0
 40
2.0
 40
2.0
 40
3.0
 40
3.0
 40
3.0
 40
4.0
 40
4.0
 40
4.0
 40
4.0
 10
63.7939637662904
 20
37.25517136372049
 10
63.7939637662904
 20
37.25517136372049
 10
63.64700936689688
 20
37.25517136372049
 10
63.64700936689688
 20
37.25517136372049
 10
63.64700936689688
 20
37.25517136372049
 10
63.64700936689688
 20
37.84298896129811
 10
63.64700936689688
 20
37.84298896129811
 10
63.64700936689688
 20
37.84298896129811
 10
63.7939637662904
 20
37.84298896129811
 10
63.7939637662904
 20
37.84298896129811
 10
63.7939637662904
 20
37.84298896129811
 10
63.7939637662904
 20
37.25517136372049
 10
63.7939637662904
 20
37.25517136372049
 97
        0
 72
     1
 10
63.7939637662904
 20
37.25517136372049
 11
63.7939637662904
 21
37.25517136372049
 97
        0
 92
        1
 93
        2
 72
     4
 94
        3
 73
     0
 74
     0
 95
       17
 96
       13
 40
0.0
 40
0.0
 40
0.0
 40
0.0
 40
1.0
 40
1.0
 40
1.0
 40
2.0
 40
2.0
 40
2.0
 40
3.0
 40
3.0
 40
3.0
 40
4.0
 40
4.0
 40
4.0
 40
4.0
 10
63.7939637662904
 20
38.43080655887412
 10
63.7939637662904
 20
38.43080655887412
 10
63.64700936689688
 20
38.43080655887412
 10
63.64700936689688
 20
38.43080655887412
 10
63.64700936689688
 20
38.43080655887412
 10
63.64700936689688
 20
39.01862415644982
 10
63.64700936689688
 20
39.01862415644982
 10
63.64700936689688
 20
39.01862415644982
 10
63.7939637662904
 20
39.01862415644982
 10
63.7939637662904
 20
39.01862415644982
 10
63.7939637662904
 20
39.01862415644982
 10
63.7939637662904
 20
38.43080655887412
 10
63.7939637662904
 20
38.43080655887412
 97
        0
 72
     1
 10
63.7939637662904
 20
38.43080655887412
 11
63.7939637662904
 21
38.43080655887412
 97
        0
 92
        1
 93
        2
 72
     4
 94
        3
 73
     0
 74
     0
 95
       17
 96
       13
 40
0.0
 40
0.0
 40
0.0
 40
0.0
 40
1.0
 40
1.0
 40
1.0
 40
2.0
 40
2.0
 40
2.0
 40
3.0
 40
3.0
 40
3.0
 40
4.0
 40
4.0
 40
4.0
 40
4.0
 10
63.7939637662904
 20
39.60644175402745
 10
63.7939637662904
 20
39.60644175402745
 10
63.64700936689688
 20
39.60644175402745
 10
63.64700936689688
 20
39.60644175402745
 10
63.64700936689688
 20
39.60644175402745
 10
63.64700936689688
 20
40.19425935160345
 10
63.64700936689688
 20
40.19425935160345
 10
63.64700936689688
 20
40.19425935160345
 10
63.7939637662904
 20
40.19425935160345
 10
63.7939637662904
 20
40.19425935160345
 10
63.7939637662904
 20
40.19425935160345
 10
63.7939637662904
 20
39.60644175402745
 10
63.7939637662904
 20
39.60644175402745
 97
        0
 72
     1
 10
63.7939637662904
 20
39.60644175402745
 11
63.7939637662904
 21
39.60644175402745
 97
        0
 92
        1
 93
        2
 72
     4
 94
        3
 73
     0
 74
     0
 95
       17
 96
       13
 40
0.0
 40
0.0
 40
0.0
 40
0.0
 40
1.0
 40
1.0
 40
1.0
 40
2.0
 40
2.0
 40
2.0
 40
3.0
 40
3.0
 40
3.0
 40
4.0
 40
4.0
 40
4.0
 40
4.0
 10
63.7939637662904
 20
40.78207694917915
 10
63.7939637662904
 20
40.78207694917915
 10
63.64700936689688
 20
40.78207694917915
 10
63.64700936689688
 20
40.78207694917915
 10
63.64700936689688
 20
40.78207694917915
 10
63.64700936689688
 20
41.36989454675709
 10
63.64700936689688
 20
41.36989454675709
 10
63.64700936689688
 20
41.36989454675709
 10
63.7939637662904
 20
41.36989454675709
 10
63.7939637662904
 20
41.36989454675709
 10
63.7939637662904
 20
41.36989454675709
 10
63.7939637662904
 20
40.78207694917915
 10
63.7939637662904
 20
40.78207694917915
 97
        0
 72
     1
 10
63.7939637662904
 20
40.78207694917915
 11
63.7939637662904
 21
40.78207694917915
 97
        0
 92
        1
 93
        2
 72
     4
 94
        3
 73
     0
 74
     0
 95
       17
 96
       13
 40
0.0
 40
0.0
 40
0.0
 40
0.0
 40
1.0
 40
1.0
 40
1.0
 40
2.0
 40
2.0
 40
2.0
 40
3.0
 40
3.0
 40
3.0
 40
4.0
 40
4.0
 40
4.0
 40
4.0
 10
63.7939637662904
 20
41.95771214433278
 10
63.7939637662904
 20
41.95771214433278
 10
63.64700936689688
 20
41.95771214433278
 10
63.64700936689688
 20
41.95771214433278
 10
63.64700936689688
 20
41.95771214433278
 10
63.64700936689688
 20
42.5455297419088
 10
63.64700936689688
 20
42.5455297419088
 10
63.64700936689688
 20
42.5455297419088
 10
63.7939637662904
 20
42.5455297419088
 10
63.7939637662904
 20
42.5455297419088
 10
63.7939637662904
 20
42.5455297419088
 10
63.7939637662904
 20
41.95771214433278
 10
63.7939637662904
 20
41.95771214433278
 97
        0
 72
     1
 10
63.7939637662904
 20
41.95771214433278
 11
63.7939637662904
 21
41.95771214433278
 97
        0
 92
        1
 93
        2
 72
     4
 94
        3
 73
     0
 74
     0
 95
       17
 96
       13
 40
0.0
 40
0.0
 40
0.0
 40
0.0
 40
1.0
 40
1.0
 40
1.0
 40
2.0
 40
2.0
 40
2.0
 40
3.0
 40
3.0
 40
3.0
 40
4.0
 40
4.0
 40
4.0
 40
4.0
 10
63.7939637662904
 20
43.13334733948642
 10
63.7939637662904
 20
43.13334733948642
 10
63.64700936689688
 20
43.13334733948642
 10
63.64700936689688
 20
43.13334733948642
 10
63.64700936689688
 20
43.13334733948642
 10
63.64700936689688
 20
43.63907712802589
 10
63.64700936689688
 20
43.63907712802589
 10
63.64700936689688
 20
43.63907712802589
 10
63.7939637662904
 20
43.63907712802589
 10
63.7939637662904
 20
43.63907712802589
 10
63.7939637662904
 20
43.63907712802589
 10
63.7939637662904
 20
43.13334733948642
 10
63.7939637662904
 20
43.13334733948642
 97
        0
 72
     1
 10
63.7939637662904
 20
43.13334733948642
 11
63.7939637662904
 21
43.13334733948642
 97
        0
 75
     2
 76
     1
 98
        1
 10
0.0
 20
0.0
450
        0
451
        0
460
0.0
461
0.0
452
        0
462
0.0
453
        0
470

  0
LWPOLYLINE
  5
C6
330
70
100
AcDbEntity
  8
guideline
 62
    18
420
        0
370
     0
100
AcDbPolyline
 90
        4
 70
     1
 43
0.0
 10
27.19198558595286
 20
43.52225986131951
 10
26.60416798837652
 20
43.52225986131951
 10
26.60416798837652
 20
43.66921426071368
 10
27.19198558595286
 20
43.66921426071368
  0
LWPOLYLINE
  5
C7
330
70
100
AcDbEntity
  8
guideline
 62
    18
420
        0
370
     0
100
AcDbPolyline
 90
        4
 70
     1
 43
0.0
 10
28.36762078110553
 20
43.52225986131951
 10
27.77980318352919
 20
43.52225986131951
 10
27.77980318352919
 20
43.66921426071368
 10
28.36762078110553
 20
43.66921426071368
  0
LWPOLYLINE
  5
C8
330
70
100
AcDbEntity
  8
guideline
 62
    18
420
        0
370
     0
100
AcDbPolyline
 90
        4
 70
     1
 43
0.0
 10
29.54325597625853
 20
43.52225986131951
 10
28.95543837868155
 20
43.52225986131951
 10
28.95543837868155
 20
43.66921426071368
 10
29.54325597625853
 20
43.66921426071368
  0
LWPOLYLINE
  5
C9
330
70
100
AcDbEntity
  8
guideline
 62
    18
420
        0
370
     0
100
AcDbPolyline
 90
        4
 70
     1
 43
0.0
 10
30.7188911714112
 20
43.52225986131951
 10
30.13107357383486
 20
43.52225986131951
 10
30.13107357383486
 20
43.66921426071368
 10
30.7188911714112
 20
43.66921426071368
  0
LWPOLYLINE
  5
CA
330
70
100
AcDbEntity
  8
guideline
 62
    18
420
        0
370
     0
100
AcDbPolyline
 90
        4
 70
     1
 43
0.0
 10
31.89452636656387
 20
43.52225986131951
 10
31.30670876898754
 20
43.52225986131951
 10
31.30670876898754
 20
43.66921426071368
 10
31.89452636656387
 20
43.66921426071368
  0
LWPOLYLINE
  5
CB
330
70
100
AcDbEntity
  8
guideline
 62
    18
420
        0
370
     0
100
AcDbPolyline
 90
        4
 70
     1
 43
0.0
 10
33.07016156171687
 20
43.52225986131951
 10
32.48234396414022
 20
43.52225986131951
 10
32.48234396414022
 20
43.66921426071368
 10
33.07016156171687
 20
43.66921426071368
  0
LWPOLYLINE
  5
CC
330
70
100
AcDbEntity
  8
guideline
 62
    18
420
        0
370
     0
100
AcDbPolyline
 90
        4
 70
     1
 43
0.0
 10
34.24579675686955
 20
43.52225986131951
 10
33.6579791592932
 20
43.52225986131951
 10
33.6579791592932
 20
43.66921426071368
 10
34.24579675686955
 20
43.66921426071368
  0
LWPOLYLINE
  5
CD
330
70
100
AcDbEntity
  8
guideline
 62
    18
420
        0
370
     0
100
AcDbPolyline
 90
        4
 70
     1
 43
0.0
 10
35.42143195202222
 20
43.52225986131951
 10
34.83361435444588
 20
43.52225986131951
 10
34.83361435444588
 20
43.66921426071368
 10
35.42143195202222
 20
43.66921426071368
  0
LWPOLYLINE
  5
CE
330
70
100
AcDbEntity
  8
guideline
 62
    18
420
        0
370
     0
100
AcDbPolyline
 90
        4
 70
     1
 43
0.0
 10
36.59706714717521
 20
43.52225986131951
 10
36.00924954959887
 20
43.52225986131951
 10
36.00924954959887
 20
43.66921426071368
 10
36.59706714717521
 20
43.66921426071368
  0
LWPOLYLINE
  5
CF
330
70
100
AcDbEntity
  8
guideline
 62
    18
420
        0
370
     0
100
AcDbPolyline
 90
        4
 70
     1
 43
0.0
 10
37.77270234232788
 20
43.52225986131951
 10
37.18488474475155
 20
43.52225986131951
 10
37.18488474475155
 20
43.66921426071368
 10
37.77270234232788
 20
43.66921426071368
  0
LWPOLYLINE
  5
D0
330
70
100
AcDbEntity
  8
guideline
 62
    18
420
        0
370
     0
100
AcDbPolyline
 90
        4
 70
     1
 43
0.0
 10
38.94833753748056
 20
43.52225986131951
 10
38.36051993990422
 20
43.52225986131951
 10
38.36051993990422
 20
43.66921426071368
 10
38.94833753748056
 20
43.66921426071368
  0
LWPOLYLINE
  5
D1
330
70
100
AcDbEntity
  8
guideline
 62
    18
420
        0
370
     0
100
AcDbPolyline
 90
        4
 70
     1
 43
0.0
 10
40.12397273263355
 20
43.52225986131951
 10
39.53615513505722
 20
43.52225986131951
 10
39.53615513505722
 20
43.66921426071368
 10
40.12397273263355
 20
43.66921426071368
  0
LWPOLYLINE
  5
D2
330
70
100
AcDbEntity
  8
guideline
 62
    18
420
        0
370
     0
100
AcDbPolyline
 90
        4
 70
     1
 43
0.0
 10
41.29960792778622
 20
43.52225986131951
 10
40.71179033020988
 20
43.52225986131951
 10
40.71179033020988
 20
43.66921426071368
 10
41.29960792778622
 20
43.66921426071368
  0
LWPOLYLINE
  5
D3
330
70
100
AcDbEntity
  8
guideline
 62
    18
420
        0
370
     0
100
AcDbPolyline
 90
        4
 70
     1
 43
0.0
 10
42.47524312293889
 20
43.52225986131951
 10
41.88742552536256
 20
43.52225986131951
 10
41.88742552536256
 20
43.66921426071368
 10
42.47524312293889
 20
43.66921426071368
  0
LWPOLYLINE
  5
D4
330
70
100
AcDbEntity
  8
guideline
 62
    18
420
        0
370
     0
100
AcDbPolyline
 90
        4
 70
     1
 43
0.0
 10
43.65087831809189
 20
43.52225986131951
 10
43.06306072051556
 20
43.52225986131951
 10
43.06306072051556
 20
43.66921426071368
 10
43.65087831809189
 20
43.66921426071368
  0
LWPOLYLINE
  5
D5
330
70
100
AcDbEntity
  8
guideline
 62
    18
420
        0
370
     0
100
AcDbPolyline
 90
        4
 70
     1
 43
0.0
 10
44.82651351324457
 20
43.52225986131951
 10
44.23869591566822
 20
43.52225986131951
 10
44.23869591566822
 20
43.66921426071368
 10
44.82651351324457
 20
43.66921426071368
  0
LWPOLYLINE
  5
D6
330
70
100
AcDbEntity
  8
guideline
 62
    18
420
        0
370
     0
100
AcDbPolyline
 90
        4
 70
     1
 43
0.0
 10
46.00214870839788
 20
43.52225986131951
 10
45.41433111082122
 20
43.52225986131951
 10
45.41433111082122
 20
43.66921426071368
 10
46.00214870839788
 20
43.66921426071368
  0
LWPOLYLINE
  5
D7
330
70
100
AcDbEntity
  8
guideline
 62
    18
420
        0
370
     0
100
AcDbPolyline
 90
        4
 70
     1
 43
0.0
 10
47.17778390354991
 20
43.52225986131951
 10
46.5899663059739
 20
43.52225986131951
 10
46.5899663059739
 20
43.66921426071368
 10
47.17778390354991
 20
43.66921426071368
  0
LWPOLYLINE
  5
D8
330
70
100
AcDbEntity
  8
guideline
 62
    18
420
        0
370
     0
100
AcDbPolyline
 90
        4
 70
     1
 43
0.0
 10
48.35341909870322
 20
43.52225986131951
 10
47.76560150112657
 20
43.52225986131951
 10
47.76560150112657
 20
43.66921426071368
 10
48.35341909870322
 20
43.66921426071368
  0
LWPOLYLINE
  5
D9
330
70
100
AcDbEntity
  8
guideline
 62
    18
420
        0
370
     0
100
AcDbPolyline
 90
        4
 70
     1
 43
0.0
 10
49.52905429385591
 20
43.52225986131951
 10
48.94123669627925
 20
43.52225986131951
 10
48.94123669627925
 20
43.66921426071368
 10
49.52905429385591
 20
43.66921426071368
  0
LWPOLYLINE
  5
DA
330
70
100
AcDbEntity
  8
guideline
 62
    18
420
        0
370
     0
100
AcDbPolyline
 90
        4
 70
     1
 43
0.0
 10
50.70468948900858
 20
43.52225986131951
 10
50.11687189143192
 20
43.52225986131951
 10
50.11687189143192
 20
43.66921426071368
 10
50.70468948900858
 20
43.66921426071368
  0
LWPOLYLINE
  5
DB
330
70
100
AcDbEntity
  8
guideline
 62
    18
420
        0
370
     0
100
AcDbPolyline
 90
        4
 70
     1
 43
0.0
 10
51.88032468416125
 20
43.52225986131951
 10
51.29250708658524
 20
43.52225986131951
 10
51.29250708658524
 20
43.66921426071368
 10
51.88032468416125
 20
43.66921426071368
  0
LWPOLYLINE
  5
DC
330
70
100
AcDbEntity
  8
guideline
 62
    18
420
        0
370
     0
100
AcDbPolyline
 90
        4
 70
     1
 43
0.0
 10
53.05595987931392
 20
43.52225986131951
 10
52.46814228173726
 20
43.52225986131951
 10
52.46814228173726
 20
43.66921426071368
 10
53.05595987931392
 20
43.66921426071368
  0
LWPOLYLINE
  5
DD
330
70
100
AcDbEntity
  8
guideline
 62
    18
420
        0
370
     0
100
AcDbPolyline
 90
        4
 70
     1
 43
0.0
 10
54.23159507446724
 20
43.52225986131951
 10
53.64377747689058
 20
43.52225986131951
 10
53.64377747689058
 20
43.66921426071368
 10
54.23159507446724
 20
43.66921426071368
  0
LWPOLYLINE
  5
DE
330
70
100
AcDbEntity
  8
guideline
 62
    18
420
        0
370
     0
100
AcDbPolyline
 90
        4
 70
     1
 43
0.0
 10
55.40723026961927
 20
43.52225986131951
 10
54.81941267204326
 20
43.52225986131951
 10
54.81941267204326
 20
43.66921426071368
 10
55.40723026961927
 20
43.66921426071368
  0
LWPOLYLINE
  5
DF
330
70
100
AcDbEntity
  8
guideline
 62
    18
420
        0
370
     0
100
AcDbPolyline
 90
        4
 70
     1
 43
0.0
 10
56.58286546477259
 20
43.52225986131951
 10
55.99504786719593
 20
43.52225986131951
 10
55.99504786719593
 20
43.66921426071368
 10
56.58286546477259
 20
43.66921426071368
  0
LWPOLYLINE
  5
E0
330
70
100
AcDbEntity
  8
guideline
 62
    18
420
        0
370
     0
100
AcDbPolyline
 90
        4
 70
     1
 43
0.0
 10
57.75850065992526
 20
43.52225986131951
 10
57.1706830623486
 20
43.52225986131951
 10
57.1706830623486
 20
43.66921426071368
 10
57.75850065992526
 20
43.66921426071368
  0
LWPOLYLINE
  5
E1
330
70
100
AcDbEntity
  8
guideline
 62
    18
420
        0
370
     0
100
AcDbPolyline
 90
        4
 70
     1
 43
0.0
 10
58.93413585507794
 20
43.52225986131951
 10
58.34631825750128
 20
43.52225986131951
 10
58.34631825750128
 20
43.66921426071368
 10
58.93413585507794
 20
43.66921426071368
  0
LWPOLYLINE
  5
E2
330
70
100
AcDbEntity
  8
guideline
 62
    18
420
        0
370
     0
100
AcDbPolyline
 90
        4
 70
     1
 43
0.0
 10
60.10977105023125
 20
43.52225986131951
 10
59.52195345265459
 20
43.52225986131951
 10
59.52195345265459
 20
43.66921426071368
 10
60.10977105023125
 20
43.66921426071368
  0
LWPOLYLINE
  5
E3
330
70
100
AcDbEntity
  8
guideline
 62
    18
420
        0
370
     0
100
AcDbPolyline
 90
        4
 70
     1
 43
0.0
 10
61.28540624538392
 20
43.52225986131951
 10
60.69758864780727
 20
43.52225986131951
 10
60.69758864780727
 20
43.66921426071368
 10
61.28540624538392
 20
43.66921426071368
  0
LWPOLYLINE
  5
E4
330
70
100
AcDbEntity
  8
guideline
 62
    18
420
        0
370
     0
100
AcDbPolyline
 90
        4
 70
     1
 43
0.0
 10
62.4610414405366
 20
43.52225986131951
 10
61.87322384295994
 20
43.52225986131951
 10
61.87322384295994
 20
43.66921426071368
 10
62.4610414405366
 20
43.66921426071368
  0
LWPOLYLINE
  5
E5
330
70
100
AcDbEntity
  8
guideline
 62
    18
420
        0
370
     0
100
AcDbPolyline
 90
        4
 70
     1
 43
0.0
 10
63.63667663568927
 20
43.52225986131951
 10
63.04885903811325
 20
43.52225986131951
 10
63.04885903811325
 20
43.66921426071368
 10
63.63667663568927
 20
43.66921426071368
  0
SPLINE
  5
E6
330
70
100
AcDbEntity
  8
guideline
100
AcDbSpline
210
0.0
220
0.0
230
1.0
 70
    11
 71
     3
 72
    17
 73
    13
 74
     0
 42
0.0000000001
 43
0.0000000001
 40
0.0
 40
0.0
 40
0.0
 40
0.0
 40
1.0
 40
1.0
 40
1.0
 40
2.0
 40
2.0
 40
2.0
 40
3.0
 40
3.0
 40
3.0
 40
4.0
 40
4.0
 40
4.0
 40
4.0
 10
63.63667663568992
 20
43.52225986132016
 30
0.0
 10
63.63667663568992
 20
43.52225986132016
 30
0.0
 10
63.04885903811261
 20
43.52225986132016
 30
0.0
 10
63.04885903811261
 20
43.52225986132016
 30
0.0
 10
63.04885903811261
 20
43.52225986132016
 30
0.0
 10
63.04885903811261
 20
43.66921426071368
 30
0.0
 10
63.04885903811261
 20
43.66921426071368
 30
0.0
 10
63.04885903811261
 20
43.66921426071368
 30
0.0
 10
63.63667663568992
 20
43.66921426071368
 30
0.0
 10
63.63667663568992
 20
43.66921426071368
 30
0.0
 10
63.63667663568992
 20
43.66921426071368
 30
0.0
 10
63.63667663568992
 20
43.52225986132016
 30
0.0
 10
63.63667663568992
 20
43.52225986132016
 30
0.0
  0
SPLINE
  5
E7
330
70
100
AcDbEntity
  8
guideline
100
AcDbSpline
210
0.0
220
0.0
230
1.0
 70
    11
 71
     3
 72
    17
 73
    13
 74
     0
 42
0.0000000001
 43
0.0000000001
 40
0.0
 40
0.0
 40
0.0
 40
0.0
 40
1.0
 40
1.0
 40
1.0
 40
2.0
 40
2.0
 40
2.0
 40
3.0
 40
3.0
 40
3.0
 40
4.0
 40
4.0
 40
4.0
 40
4.0
 10
62.46104144053596
 20
43.52225986132016
 30
0.0
 10
62.46104144053596
 20
43.52225986132016
 30
0.0
 10
61.87322384296058
 20
43.52225986132016
 30
0.0
 10
61.87322384296058
 20
43.52225986132016
 30
0.0
 10
61.87322384296058
 20
43.52225986132016
 30
0.0
 10
61.87322384296058
 20
43.66921426071368
 30
0.0
 10
61.87322384296058
 20
43.66921426071368
 30
0.0
 10
61.87322384296058
 20
43.66921426071368
 30
0.0
 10
62.46104144053596
 20
43.66921426071368
 30
0.0
 10
62.46104144053596
 20
43.66921426071368
 30
0.0
 10
62.46104144053596
 20
43.66921426071368
 30
0.0
 10
62.46104144053596
 20
43.52225986132016
 30
0.0
 10
62.46104144053596
 20
43.52225986132016
 30
0.0
  0
SPLINE
  5
E8
330
70
100
AcDbEntity
  8
guideline
100
AcDbSpline
210
0.0
220
0.0
230
1.0
 70
    11
 71
     3
 72
    17
 73
    13
 74
     0
 42
0.0000000001
 43
0.0000000001
 40
0.0
 40
0.0
 40
0.0
 40
0.0
 40
1.0
 40
1.0
 40
1.0
 40
2.0
 40
2.0
 40
2.0
 40
3.0
 40
3.0
 40
3.0
 40
4.0
 40
4.0
 40
4.0
 40
4.0
 10
61.28540624538328
 20
43.52225986132016
 30
0.0
 10
61.28540624538328
 20
43.52225986132016
 30
0.0
 10
60.69758864780791
 20
43.52225986132016
 30
0.0
 10
60.69758864780791
 20
43.52225986132016
 30
0.0
 10
60.69758864780791
 20
43.52225986132016
 30
0.0
 10
60.69758864780791
 20
43.66921426071368
 30
0.0
 10
60.69758864780791
 20
43.66921426071368
 30
0.0
 10
60.69758864780791
 20
43.66921426071368
 30
0.0
 10
61.28540624538328
 20
43.66921426071368
 30
0.0
 10
61.28540624538328
 20
43.66921426071368
 30
0.0
 10
61.28540624538328
 20
43.66921426071368
 30
0.0
 10
61.28540624538328
 20
43.52225986132016
 30
0.0
 10
61.28540624538328
 20
43.52225986132016
 30
0.0
  0
SPLINE
  5
E9
330
70
100
AcDbEntity
  8
guideline
100
AcDbSpline
210
0.0
220
0.0
230
1.0
 70
    11
 71
     3
 72
    17
 73
    13
 74
     0
 42
0.0000000001
 43
0.0000000001
 40
0.0
 40
0.0
 40
0.0
 40
0.0
 40
1.0
 40
1.0
 40
1.0
 40
2.0
 40
2.0
 40
2.0
 40
3.0
 40
3.0
 40
3.0
 40
4.0
 40
4.0
 40
4.0
 40
4.0
 10
60.10977105023125
 20
43.52225986132016
 30
0.0
 10
60.10977105023125
 20
43.52225986132016
 30
0.0
 10
59.52195345265395
 20
43.52225986132016
 30
0.0
 10
59.52195345265395
 20
43.52225986132016
 30
0.0
 10
59.52195345265395
 20
43.52225986132016
 30
0.0
 10
59.52195345265395
 20
43.66921426071368
 30
0.0
 10
59.52195345265395
 20
43.66921426071368
 30
0.0
 10
59.52195345265395
 20
43.66921426071368
 30
0.0
 10
60.10977105023125
 20
43.66921426071368
 30
0.0
 10
60.10977105023125
 20
43.66921426071368
 30
0.0
 10
60.10977105023125
 20
43.66921426071368
 30
0.0
 10
60.10977105023125
 20
43.52225986132016
 30
0.0
 10
60.10977105023125
 20
43.52225986132016
 30
0.0
  0
SPLINE
  5
EA
330
70
100
AcDbEntity
  8
guideline
100
AcDbSpline
210
0.0
220
0.0
230
1.0
 70
    11
 71
     3
 72
    17
 73
    13
 74
     0
 42
0.0000000001
 43
0.0000000001
 40
0.0
 40
0.0
 40
0.0
 40
0.0
 40
1.0
 40
1.0
 40
1.0
 40
2.0
 40
2.0
 40
2.0
 40
3.0
 40
3.0
 40
3.0
 40
4.0
 40
4.0
 40
4.0
 40
4.0
 10
58.93413585507857
 20
43.52225986132016
 30
0.0
 10
58.93413585507857
 20
43.52225986132016
 30
0.0
 10
58.34631825750128
 20
43.52225986132016
 30
0.0
 10
58.34631825750128
 20
43.52225986132016
 30
0.0
 10
58.34631825750128
 20
43.52225986132016
 30
0.0
 10
58.34631825750128
 20
43.66921426071368
 30
0.0
 10
58.34631825750128
 20
43.66921426071368
 30
0.0
 10
58.34631825750128
 20
43.66921426071368
 30
0.0
 10
58.93413585507857
 20
43.66921426071368
 30
0.0
 10
58.93413585507857
 20
43.66921426071368
 30
0.0
 10
58.93413585507857
 20
43.66921426071368
 30
0.0
 10
58.93413585507857
 20
43.52225986132016
 30
0.0
 10
58.93413585507857
 20
43.52225986132016
 30
0.0
  0
SPLINE
  5
EB
330
70
100
AcDbEntity
  8
guideline
100
AcDbSpline
210
0.0
220
0.0
230
1.0
 70
    11
 71
     3
 72
    17
 73
    13
 74
     0
 42
0.0000000001
 43
0.0000000001
 40
0.0
 40
0.0
 40
0.0
 40
0.0
 40
1.0
 40
1.0
 40
1.0
 40
2.0
 40
2.0
 40
2.0
 40
3.0
 40
3.0
 40
3.0
 40
4.0
 40
4.0
 40
4.0
 40
4.0
 10
57.75850065992462
 20
43.52225986132016
 30
0.0
 10
57.75850065992462
 20
43.52225986132016
 30
0.0
 10
57.17068306234924
 20
43.52225986132016
 30
0.0
 10
57.17068306234924
 20
43.52225986132016
 30
0.0
 10
57.17068306234924
 20
43.52225986132016
 30
0.0
 10
57.17068306234924
 20
43.66921426071368
 30
0.0
 10
57.17068306234924
 20
43.66921426071368
 30
0.0
 10
57.17068306234924
 20
43.66921426071368
 30
0.0
 10
57.75850065992462
 20
43.66921426071368
 30
0.0
 10
57.75850065992462
 20
43.66921426071368
 30
0.0
 10
57.75850065992462
 20
43.66921426071368
 30
0.0
 10
57.75850065992462
 20
43.52225986132016
 30
0.0
 10
57.75850065992462
 20
43.52225986132016
 30
0.0
  0
SPLINE
  5
EC
330
70
100
AcDbEntity
  8
guideline
100
AcDbSpline
210
0.0
220
0.0
230
1.0
 70
    11
 71
     3
 72
    17
 73
    13
 74
     0
 42
0.0000000001
 43
0.0000000001
 40
0.0
 40
0.0
 40
0.0
 40
0.0
 40
1.0
 40
1.0
 40
1.0
 40
2.0
 40
2.0
 40
2.0
 40
3.0
 40
3.0
 40
3.0
 40
4.0
 40
4.0
 40
4.0
 40
4.0
 10
56.58286546477195
 20
43.52225986132016
 30
0.0
 10
56.58286546477195
 20
43.52225986132016
 30
0.0
 10
55.99504786719657
 20
43.52225986132016
 30
0.0
 10
55.99504786719657
 20
43.52225986132016
 30
0.0
 10
55.99504786719657
 20
43.52225986132016
 30
0.0
 10
55.99504786719657
 20
43.66921426071368
 30
0.0
 10
55.99504786719657
 20
43.66921426071368
 30
0.0
 10
55.99504786719657
 20
43.66921426071368
 30
0.0
 10
56.58286546477195
 20
43.66921426071368
 30
0.0
 10
56.58286546477195
 20
43.66921426071368
 30
0.0
 10
56.58286546477195
 20
43.66921426071368
 30
0.0
 10
56.58286546477195
 20
43.52225986132016
 30
0.0
 10
56.58286546477195
 20
43.52225986132016
 30
0.0
  0
SPLINE
  5
ED
330
70
100
AcDbEntity
  8
guideline
100
AcDbSpline
210
0.0
220
0.0
230
1.0
 70
    11
 71
     3
 72
    17
 73
    13
 74
     0
 42
0.0000000001
 43
0.0000000001
 40
0.0
 40
0.0
 40
0.0
 40
0.0
 40
1.0
 40
1.0
 40
1.0
 40
2.0
 40
2.0
 40
2.0
 40
3.0
 40
3.0
 40
3.0
 40
4.0
 40
4.0
 40
4.0
 40
4.0
 10
55.40723026961927
 20
43.52225986132016
 30
0.0
 10
55.40723026961927
 20
43.52225986132016
 30
0.0
 10
54.81941267204262
 20
43.52225986132016
 30
0.0
 10
54.81941267204262
 20
43.52225986132016
 30
0.0
 10
54.81941267204262
 20
43.52225986132016
 30
0.0
 10
54.81941267204262
 20
43.66921426071368
 30
0.0
 10
54.81941267204262
 20
43.66921426071368
 30
0.0
 10
54.81941267204262
 20
43.66921426071368
 30
0.0
 10
55.40723026961927
 20
43.66921426071368
 30
0.0
 10
55.40723026961927
 20
43.66921426071368
 30
0.0
 10
55.40723026961927
 20
43.66921426071368
 30
0.0
 10
55.40723026961927
 20
43.52225986132016
 30
0.0
 10
55.40723026961927
 20
43.52225986132016
 30
0.0
  0
SPLINE
  5
EE
330
70
100
AcDbEntity
  8
guideline
100
AcDbSpline
210
0.0
220
0.0
230
1.0
 70
    11
 71
     3
 72
    17
 73
    13
 74
     0
 42
0.0000000001
 43
0.0000000001
 40
0.0
 40
0.0
 40
0.0
 40
0.0
 40
1.0
 40
1.0
 40
1.0
 40
2.0
 40
2.0
 40
2.0
 40
3.0
 40
3.0
 40
3.0
 40
4.0
 40
4.0
 40
4.0
 40
4.0
 10
54.23159507446724
 20
43.52225986132016
 30
0.0
 10
54.23159507446724
 20
43.52225986132016
 30
0.0
 10
53.64377747688994
 20
43.52225986132016
 30
0.0
 10
53.64377747688994
 20
43.52225986132016
 30
0.0
 10
53.64377747688994
 20
43.52225986132016
 30
0.0
 10
53.64377747688994
 20
43.66921426071368
 30
0.0
 10
53.64377747688994
 20
43.66921426071368
 30
0.0
 10
53.64377747688994
 20
43.66921426071368
 30
0.0
 10
54.23159507446724
 20
43.66921426071368
 30
0.0
 10
54.23159507446724
 20
43.66921426071368
 30
0.0
 10
54.23159507446724
 20
43.66921426071368
 30
0.0
 10
54.23159507446724
 20
43.52225986132016
 30
0.0
 10
54.23159507446724
 20
43.52225986132016
 30
0.0
  0
SPLINE
  5
EF
330
70
100
AcDbEntity
  8
guideline
100
AcDbSpline
210
0.0
220
0.0
230
1.0
 70
    11
 71
     3
 72
    17
 73
    13
 74
     0
 42
0.0000000001
 43
0.0000000001
 40
0.0
 40
0.0
 40
0.0
 40
0.0
 40
1.0
 40
1.0
 40
1.0
 40
2.0
 40
2.0
 40
2.0
 40
3.0
 40
3.0
 40
3.0
 40
4.0
 40
4.0
 40
4.0
 40
4.0
 10
53.05595987931456
 20
43.52225986132016
 30
0.0
 10
53.05595987931456
 20
43.52225986132016
 30
0.0
 10
52.46814228173791
 20
43.52225986132016
 30
0.0
 10
52.46814228173791
 20
43.52225986132016
 30
0.0
 10
52.46814228173791
 20
43.52225986132016
 30
0.0
 10
52.46814228173791
 20
43.66921426071368
 30
0.0
 10
52.46814228173791
 20
43.66921426071368
 30
0.0
 10
52.46814228173791
 20
43.66921426071368
 30
0.0
 10
53.05595987931456
 20
43.66921426071368
 30
0.0
 10
53.05595987931456
 20
43.66921426071368
 30
0.0
 10
53.05595987931456
 20
43.66921426071368
 30
0.0
 10
53.05595987931456
 20
43.52225986132016
 30
0.0
 10
53.05595987931456
 20
43.52225986132016
 30
0.0
  0
SPLINE
  5
F0
330
70
100
AcDbEntity
  8
guideline
100
AcDbSpline
210
0.0
220
0.0
230
1.0
 70
    11
 71
     3
 72
    17
 73
    13
 74
     0
 42
0.0000000001
 43
0.0000000001
 40
0.0
 40
0.0
 40
0.0
 40
0.0
 40
1.0
 40
1.0
 40
1.0
 40
2.0
 40
2.0
 40
2.0
 40
3.0
 40
3.0
 40
3.0
 40
4.0
 40
4.0
 40
4.0
 40
4.0
 10
51.88032468416061
 20
43.52225986132016
 30
0.0
 10
51.88032468416061
 20
43.52225986132016
 30
0.0
 10
51.29250708658524
 20
43.52225986132016
 30
0.0
 10
51.29250708658524
 20
43.52225986132016
 30
0.0
 10
51.29250708658524
 20
43.52225986132016
 30
0.0
 10
51.29250708658524
 20
43.66921426071368
 30
0.0
 10
51.29250708658524
 20
43.66921426071368
 30
0.0
 10
51.29250708658524
 20
43.66921426071368
 30
0.0
 10
51.88032468416061
 20
43.66921426071368
 30
0.0
 10
51.88032468416061
 20
43.66921426071368
 30
0.0
 10
51.88032468416061
 20
43.66921426071368
 30
0.0
 10
51.88032468416061
 20
43.52225986132016
 30
0.0
 10
51.88032468416061
 20
43.52225986132016
 30
0.0
  0
SPLINE
  5
F1
330
70
100
AcDbEntity
  8
guideline
100
AcDbSpline
210
0.0
220
0.0
230
1.0
 70
    11
 71
     3
 72
    17
 73
    13
 74
     0
 42
0.0000000001
 43
0.0000000001
 40
0.0
 40
0.0
 40
0.0
 40
0.0
 40
1.0
 40
1.0
 40
1.0
 40
2.0
 40
2.0
 40
2.0
 40
3.0
 40
3.0
 40
3.0
 40
4.0
 40
4.0
 40
4.0
 40
4.0
 10
50.70468948900793
 20
43.52225986132016
 30
0.0
 10
50.70468948900793
 20
43.52225986132016
 30
0.0
 10
50.11687189143255
 20
43.52225986132016
 30
0.0
 10
50.11687189143255
 20
43.52225986132016
 30
0.0
 10
50.11687189143255
 20
43.52225986132016
 30
0.0
 10
50.11687189143255
 20
43.66921426071368
 30
0.0
 10
50.11687189143255
 20
43.66921426071368
 30
0.0
 10
50.11687189143255
 20
43.66921426071368
 30
0.0
 10
50.70468948900793
 20
43.66921426071368
 30
0.0
 10
50.70468948900793
 20
43.66921426071368
 30
0.0
 10
50.70468948900793
 20
43.66921426071368
 30
0.0
 10
50.70468948900793
 20
43.52225986132016
 30
0.0
 10
50.70468948900793
 20
43.52225986132016
 30
0.0
  0
SPLINE
  5
F2
330
70
100
AcDbEntity
  8
guideline
100
AcDbSpline
210
0.0
220
0.0
230
1.0
 70
    11
 71
     3
 72
    17
 73
    13
 74
     0
 42
0.0000000001
 43
0.0000000001
 40
0.0
 40
0.0
 40
0.0
 40
0.0
 40
1.0
 40
1.0
 40
1.0
 40
2.0
 40
2.0
 40
2.0
 40
3.0
 40
3.0
 40
3.0
 40
4.0
 40
4.0
 40
4.0
 40
4.0
 10
49.52905429385591
 20
43.52225986132016
 30
0.0
 10
49.52905429385591
 20
43.52225986132016
 30
0.0
 10
48.94123669627861
 20
43.52225986132016
 30
0.0
 10
48.94123669627861
 20
43.52225986132016
 30
0.0
 10
48.94123669627861
 20
43.52225986132016
 30
0.0
 10
48.94123669627861
 20
43.66921426071368
 30
0.0
 10
48.94123669627861
 20
43.66921426071368
 30
0.0
 10
48.94123669627861
 20
43.66921426071368
 30
0.0
 10
49.52905429385591
 20
43.66921426071368
 30
0.0
 10
49.52905429385591
 20
43.66921426071368
 30
0.0
 10
49.52905429385591
 20
43.66921426071368
 30
0.0
 10
49.52905429385591
 20
43.52225986132016
 30
0.0
 10
49.52905429385591
 20
43.52225986132016
 30
0.0
  0
SPLINE
  5
F3
330
70
100
AcDbEntity
  8
guideline
100
AcDbSpline
210
0.0
220
0.0
230
1.0
 70
    11
 71
     3
 72
    17
 73
    13
 74
     0
 42
0.0000000001
 43
0.0000000001
 40
0.0
 40
0.0
 40
0.0
 40
0.0
 40
1.0
 40
1.0
 40
1.0
 40
2.0
 40
2.0
 40
2.0
 40
3.0
 40
3.0
 40
3.0
 40
4.0
 40
4.0
 40
4.0
 40
4.0
 10
48.35341909870322
 20
43.52225986132016
 30
0.0
 10
48.35341909870322
 20
43.52225986132016
 30
0.0
 10
47.76560150112657
 20
43.52225986132016
 30
0.0
 10
47.76560150112657
 20
43.52225986132016
 30
0.0
 10
47.76560150112657
 20
43.52225986132016
 30
0.0
 10
47.76560150112657
 20
43.66921426071368
 30
0.0
 10
47.76560150112657
 20
43.66921426071368
 30
0.0
 10
47.76560150112657
 20
43.66921426071368
 30
0.0
 10
48.35341909870322
 20
43.66921426071368
 30
0.0
 10
48.35341909870322
 20
43.66921426071368
 30
0.0
 10
48.35341909870322
 20
43.66921426071368
 30
0.0
 10
48.35341909870322
 20
43.52225986132016
 30
0.0
 10
48.35341909870322
 20
43.52225986132016
 30
0.0
  0
SPLINE
  5
F4
330
70
100
AcDbEntity
  8
guideline
100
AcDbSpline
210
0.0
220
0.0
230
1.0
 70
    11
 71
     3
 72
    17
 73
    13
 74
     0
 42
0.0000000001
 43
0.0000000001
 40
0.0
 40
0.0
 40
0.0
 40
0.0
 40
1.0
 40
1.0
 40
1.0
 40
2.0
 40
2.0
 40
2.0
 40
3.0
 40
3.0
 40
3.0
 40
4.0
 40
4.0
 40
4.0
 40
4.0
 10
47.17778390354927
 20
43.52225986132016
 30
0.0
 10
47.17778390354927
 20
43.52225986132016
 30
0.0
 10
46.5899663059739
 20
43.52225986132016
 30
0.0
 10
46.5899663059739
 20
43.52225986132016
 30
0.0
 10
46.5899663059739
 20
43.52225986132016
 30
0.0
 10
46.5899663059739
 20
43.66921426071368
 30
0.0
 10
46.5899663059739
 20
43.66921426071368
 30
0.0
 10
46.5899663059739
 20
43.66921426071368
 30
0.0
 10
47.17778390354927
 20
43.66921426071368
 30
0.0
 10
47.17778390354927
 20
43.66921426071368
 30
0.0
 10
47.17778390354927
 20
43.66921426071368
 30
0.0
 10
47.17778390354927
 20
43.52225986132016
 30
0.0
 10
47.17778390354927
 20
43.52225986132016
 30
0.0
  0
SPLINE
  5
F5
330
70
100
AcDbEntity
  8
guideline
100
AcDbSpline
210
0.0
220
0.0
230
1.0
 70
    11
 71
     3
 72
    17
 73
    13
 74
     0
 42
0.0000000001
 43
0.0000000001
 40
0.0
 40
0.0
 40
0.0
 40
0.0
 40
1.0
 40
1.0
 40
1.0
 40
2.0
 40
2.0
 40
2.0
 40
3.0
 40
3.0
 40
3.0
 40
4.0
 40
4.0
 40
4.0
 40
4.0
 10
46.00214870839788
 20
43.52225986132016
 30
0.0
 10
46.00214870839788
 20
43.52225986132016
 30
0.0
 10
45.41433111082122
 20
43.52225986132016
 30
0.0
 10
45.41433111082122
 20
43.52225986132016
 30
0.0
 10
45.41433111082122
 20
43.52225986132016
 30
0.0
 10
45.41433111082122
 20
43.66921426071368
 30
0.0
 10
45.41433111082122
 20
43.66921426071368
 30
0.0
 10
45.41433111082122
 20
43.66921426071368
 30
0.0
 10
46.00214870839788
 20
43.66921426071368
 30
0.0
 10
46.00214870839788
 20
43.66921426071368
 30
0.0
 10
46.00214870839788
 20
43.66921426071368
 30
0.0
 10
46.00214870839788
 20
43.52225986132016
 30
0.0
 10
46.00214870839788
 20
43.52225986132016
 30
0.0
  0
SPLINE
  5
F6
330
70
100
AcDbEntity
  8
guideline
100
AcDbSpline
210
0.0
220
0.0
230
1.0
 70
    11
 71
     3
 72
    17
 73
    13
 74
     0
 42
0.0000000001
 43
0.0000000001
 40
0.0
 40
0.0
 40
0.0
 40
0.0
 40
1.0
 40
1.0
 40
1.0
 40
2.0
 40
2.0
 40
2.0
 40
3.0
 40
3.0
 40
3.0
 40
4.0
 40
4.0
 40
4.0
 40
4.0
 10
44.82651351324424
 20
43.52225986132016
 30
0.0
 10
44.82651351324424
 20
43.52225986132016
 30
0.0
 10
44.23869591566854
 20
43.52225986132016
 30
0.0
 10
44.23869591566854
 20
43.52225986132016
 30
0.0
 10
44.23869591566854
 20
43.52225986132016
 30
0.0
 10
44.23869591566854
 20
43.66921426071368
 30
0.0
 10
44.23869591566854
 20
43.66921426071368
 30
0.0
 10
44.23869591566854
 20
43.66921426071368
 30
0.0
 10
44.82651351324424
 20
43.66921426071368
 30
0.0
 10
44.82651351324424
 20
43.66921426071368
 30
0.0
 10
44.82651351324424
 20
43.66921426071368
 30
0.0
 10
44.82651351324424
 20
43.52225986132016
 30
0.0
 10
44.82651351324424
 20
43.52225986132016
 30
0.0
  0
SPLINE
  5
F7
330
70
100
AcDbEntity
  8
guideline
100
AcDbSpline
210
0.0
220
0.0
230
1.0
 70
    11
 71
     3
 72
    17
 73
    13
 74
     0
 42
0.0000000001
 43
0.0000000001
 40
0.0
 40
0.0
 40
0.0
 40
0.0
 40
1.0
 40
1.0
 40
1.0
 40
2.0
 40
2.0
 40
2.0
 40
3.0
 40
3.0
 40
3.0
 40
4.0
 40
4.0
 40
4.0
 40
4.0
 10
43.65087831809157
 20
43.52225986132016
 30
0.0
 10
43.65087831809157
 20
43.52225986132016
 30
0.0
 10
43.06306072051587
 20
43.52225986132016
 30
0.0
 10
43.06306072051587
 20
43.52225986132016
 30
0.0
 10
43.06306072051587
 20
43.52225986132016
 30
0.0
 10
43.06306072051587
 20
43.66921426071368
 30
0.0
 10
43.06306072051587
 20
43.66921426071368
 30
0.0
 10
43.06306072051587
 20
43.66921426071368
 30
0.0
 10
43.65087831809157
 20
43.66921426071368
 30
0.0
 10
43.65087831809157
 20
43.66921426071368
 30
0.0
 10
43.65087831809157
 20
43.66921426071368
 30
0.0
 10
43.65087831809157
 20
43.52225986132016
 30
0.0
 10
43.65087831809157
 20
43.52225986132016
 30
0.0
  0
SPLINE
  5
F8
330
70
100
AcDbEntity
  8
guideline
100
AcDbSpline
210
0.0
220
0.0
230
1.0
 70
    11
 71
     3
 72
    17
 73
    13
 74
     0
 42
0.0000000001
 43
0.0000000001
 40
0.0
 40
0.0
 40
0.0
 40
0.0
 40
1.0
 40
1.0
 40
1.0
 40
2.0
 40
2.0
 40
2.0
 40
3.0
 40
3.0
 40
3.0
 40
4.0
 40
4.0
 40
4.0
 40
4.0
 10
42.47524312293921
 20
43.52225986132016
 30
0.0
 10
42.47524312293921
 20
43.52225986132016
 30
0.0
 10
41.88742552536224
 20
43.52225986132016
 30
0.0
 10
41.88742552536224
 20
43.52225986132016
 30
0.0
 10
41.88742552536224
 20
43.52225986132016
 30
0.0
 10
41.88742552536224
 20
43.66921426071368
 30
0.0
 10
41.88742552536224
 20
43.66921426071368
 30
0.0
 10
41.88742552536224
 20
43.66921426071368
 30
0.0
 10
42.47524312293921
 20
43.66921426071368
 30
0.0
 10
42.47524312293921
 20
43.66921426071368
 30
0.0
 10
42.47524312293921
 20
43.66921426071368
 30
0.0
 10
42.47524312293921
 20
43.52225986132016
 30
0.0
 10
42.47524312293921
 20
43.52225986132016
 30
0.0
  0
SPLINE
  5
F9
330
70
100
AcDbEntity
  8
guideline
100
AcDbSpline
210
0.0
220
0.0
230
1.0
 70
    11
 71
     3
 72
    17
 73
    13
 74
     0
 42
0.0000000001
 43
0.0000000001
 40
0.0
 40
0.0
 40
0.0
 40
0.0
 40
1.0
 40
1.0
 40
1.0
 40
2.0
 40
2.0
 40
2.0
 40
3.0
 40
3.0
 40
3.0
 40
4.0
 40
4.0
 40
4.0
 40
4.0
 10
41.29960792778654
 20
43.52225986132016
 30
0.0
 10
41.29960792778654
 20
43.52225986132016
 30
0.0
 10
40.71179033020956
 20
43.52225986132016
 30
0.0
 10
40.71179033020956
 20
43.52225986132016
 30
0.0
 10
40.71179033020956
 20
43.52225986132016
 30
0.0
 10
40.71179033020956
 20
43.66921426071368
 30
0.0
 10
40.71179033020956
 20
43.66921426071368
 30
0.0
 10
40.71179033020956
 20
43.66921426071368
 30
0.0
 10
41.29960792778654
 20
43.66921426071368
 30
0.0
 10
41.29960792778654
 20
43.66921426071368
 30
0.0
 10
41.29960792778654
 20
43.66921426071368
 30
0.0
 10
41.29960792778654
 20
43.52225986132016
 30
0.0
 10
41.29960792778654
 20
43.52225986132016
 30
0.0
  0
SPLINE
  5
FA
330
70
100
AcDbEntity
  8
guideline
100
AcDbSpline
210
0.0
220
0.0
230
1.0
 70
    11
 71
     3
 72
    17
 73
    13
 74
     0
 42
0.0000000001
 43
0.0000000001
 40
0.0
 40
0.0
 40
0.0
 40
0.0
 40
1.0
 40
1.0
 40
1.0
 40
2.0
 40
2.0
 40
2.0
 40
3.0
 40
3.0
 40
3.0
 40
4.0
 40
4.0
 40
4.0
 40
4.0
 10
40.12397273263387
 20
43.52225986132016
 30
0.0
 10
40.12397273263387
 20
43.52225986132016
 30
0.0
 10
39.53615513505722
 20
43.52225986132016
 30
0.0
 10
39.53615513505722
 20
43.52225986132016
 30
0.0
 10
39.53615513505722
 20
43.52225986132016
 30
0.0
 10
39.53615513505722
 20
43.66921426071368
 30
0.0
 10
39.53615513505722
 20
43.66921426071368
 30
0.0
 10
39.53615513505722
 20
43.66921426071368
 30
0.0
 10
40.12397273263387
 20
43.66921426071368
 30
0.0
 10
40.12397273263387
 20
43.66921426071368
 30
0.0
 10
40.12397273263387
 20
43.66921426071368
 30
0.0
 10
40.12397273263387
 20
43.52225986132016
 30
0.0
 10
40.12397273263387
 20
43.52225986132016
 30
0.0
  0
SPLINE
  5
FB
330
70
100
AcDbEntity
  8
guideline
100
AcDbSpline
210
0.0
220
0.0
230
1.0
 70
    11
 71
     3
 72
    17
 73
    13
 74
     0
 42
0.0000000001
 43
0.0000000001
 40
0.0
 40
0.0
 40
0.0
 40
0.0
 40
1.0
 40
1.0
 40
1.0
 40
2.0
 40
2.0
 40
2.0
 40
3.0
 40
3.0
 40
3.0
 40
4.0
 40
4.0
 40
4.0
 40
4.0
 10
38.94833753748024
 20
43.52225986132016
 30
0.0
 10
38.94833753748024
 20
43.52225986132016
 30
0.0
 10
38.36051993990454
 20
43.52225986132016
 30
0.0
 10
38.36051993990454
 20
43.52225986132016
 30
0.0
 10
38.36051993990454
 20
43.52225986132016
 30
0.0
 10
38.36051993990454
 20
43.66921426071368
 30
0.0
 10
38.36051993990454
 20
43.66921426071368
 30
0.0
 10
38.36051993990454
 20
43.66921426071368
 30
0.0
 10
38.94833753748024
 20
43.66921426071368
 30
0.0
 10
38.94833753748024
 20
43.66921426071368
 30
0.0
 10
38.94833753748024
 20
43.66921426071368
 30
0.0
 10
38.94833753748024
 20
43.52225986132016
 30
0.0
 10
38.94833753748024
 20
43.52225986132016
 30
0.0
  0
SPLINE
  5
FC
330
70
100
AcDbEntity
  8
guideline
100
AcDbSpline
210
0.0
220
0.0
230
1.0
 70
    11
 71
     3
 72
    17
 73
    13
 74
     0
 42
0.0000000001
 43
0.0000000001
 40
0.0
 40
0.0
 40
0.0
 40
0.0
 40
1.0
 40
1.0
 40
1.0
 40
2.0
 40
2.0
 40
2.0
 40
3.0
 40
3.0
 40
3.0
 40
4.0
 40
4.0
 40
4.0
 40
4.0
 10
37.77270234232788
 20
43.52225986132016
 30
0.0
 10
37.77270234232788
 20
43.52225986132016
 30
0.0
 10
37.18488474475187
 20
43.52225986132016
 30
0.0
 10
37.18488474475187
 20
43.52225986132016
 30
0.0
 10
37.18488474475187
 20
43.52225986132016
 30
0.0
 10
37.18488474475187
 20
43.66921426071368
 30
0.0
 10
37.18488474475187
 20
43.66921426071368
 30
0.0
 10
37.18488474475187
 20
43.66921426071368
 30
0.0
 10
37.77270234232788
 20
43.66921426071368
 30
0.0
 10
37.77270234232788
 20
43.66921426071368
 30
0.0
 10
37.77270234232788
 20
43.66921426071368
 30
0.0
 10
37.77270234232788
 20
43.52225986132016
 30
0.0
 10
37.77270234232788
 20
43.52225986132016
 30
0.0
  0
SPLINE
  5
FD
330
70
100
AcDbEntity
  8
guideline
100
AcDbSpline
210
0.0
220
0.0
230
1.0
 70
    11
 71
     3
 72
    17
 73
    13
 74
     0
 42
0.0000000001
 43
0.0000000001
 40
0.0
 40
0.0
 40
0.0
 40
0.0
 40
1.0
 40
1.0
 40
1.0
 40
2.0
 40
2.0
 40
2.0
 40
3.0
 40
3.0
 40
3.0
 40
4.0
 40
4.0
 40
4.0
 40
4.0
 10
36.59706714717521
 20
43.52225986132016
 30
0.0
 10
36.59706714717521
 20
43.52225986132016
 30
0.0
 10
36.0092495495992
 20
43.52225986132016
 30
0.0
 10
36.0092495495992
 20
43.52225986132016
 30
0.0
 10
36.0092495495992
 20
43.52225986132016
 30
0.0
 10
36.0092495495992
 20
43.66921426071368
 30
0.0
 10
36.0092495495992
 20
43.66921426071368
 30
0.0
 10
36.0092495495992
 20
43.66921426071368
 30
0.0
 10
36.59706714717521
 20
43.66921426071368
 30
0.0
 10
36.59706714717521
 20
43.66921426071368
 30
0.0
 10
36.59706714717521
 20
43.66921426071368
 30
0.0
 10
36.59706714717521
 20
43.52225986132016
 30
0.0
 10
36.59706714717521
 20
43.52225986132016
 30
0.0
  0
SPLINE
  5
FE
330
70
100
AcDbEntity
  8
guideline
100
AcDbSpline
210
0.0
220
0.0
230
1.0
 70
    11
 71
     3
 72
    17
 73
    13
 74
     0
 42
0.0000000001
 43
0.0000000001
 40
0.0
 40
0.0
 40
0.0
 40
0.0
 40
1.0
 40
1.0
 40
1.0
 40
2.0
 40
2.0
 40
2.0
 40
3.0
 40
3.0
 40
3.0
 40
4.0
 40
4.0
 40
4.0
 40
4.0
 10
35.42143195202254
 20
43.52225986132016
 30
0.0
 10
35.42143195202254
 20
43.52225986132016
 30
0.0
 10
34.83361435444588
 20
43.52225986132016
 30
0.0
 10
34.83361435444588
 20
43.52225986132016
 30
0.0
 10
34.83361435444588
 20
43.52225986132016
 30
0.0
 10
34.83361435444588
 20
43.66921426071368
 30
0.0
 10
34.83361435444588
 20
43.66921426071368
 30
0.0
 10
34.83361435444588
 20
43.66921426071368
 30
0.0
 10
35.42143195202254
 20
43.66921426071368
 30
0.0
 10
35.42143195202254
 20
43.66921426071368
 30
0.0
 10
35.42143195202254
 20
43.66921426071368
 30
0.0
 10
35.42143195202254
 20
43.52225986132016
 30
0.0
 10
35.42143195202254
 20
43.52225986132016
 30
0.0
  0
SPLINE
  5
FF
330
70
100
AcDbEntity
  8
guideline
100
AcDbSpline
210
0.0
220
0.0
230
1.0
 70
    11
 71
     3
 72
    17
 73
    13
 74
     0
 42
0.0000000001
 43
0.0000000001
 40
0.0
 40
0.0
 40
0.0
 40
0.0
 40
1.0
 40
1.0
 40
1.0
 40
2.0
 40
2.0
 40
2.0
 40
3.0
 40
3.0
 40
3.0
 40
4.0
 40
4.0
 40
4.0
 40
4.0
 10
34.24579675686987
 20
43.52225986132016
 30
0.0
 10
34.24579675686987
 20
43.52225986132016
 30
0.0
 10
33.6579791592932
 20
43.52225986132016
 30
0.0
 10
33.6579791592932
 20
43.52225986132016
 30
0.0
 10
33.6579791592932
 20
43.52225986132016
 30
0.0
 10
33.6579791592932
 20
43.66921426071368
 30
0.0
 10
33.6579791592932
 20
43.66921426071368
 30
0.0
 10
33.6579791592932
 20
43.66921426071368
 30
0.0
 10
34.24579675686987
 20
43.66921426071368
 30
0.0
 10
34.24579675686987
 20
43.66921426071368
 30
0.0
 10
34.24579675686987
 20
43.66921426071368
 30
0.0
 10
34.24579675686987
 20
43.52225986132016
 30
0.0
 10
34.24579675686987
 20
43.52225986132016
 30
0.0
  0
SPLINE
  5
100
330
70
100
AcDbEntity
  8
guideline
100
AcDbSpline
210
0.0
220
0.0
230
1.0
 70
    11
 71
     3
 72
    17
 73
    13
 74
     0
 42
0.0000000001
 43
0.0000000001
 40
0.0
 40
0.0
 40
0.0
 40
0.0
 40
1.0
 40
1.0
 40
1.0
 40
2.0
 40
2.0
 40
2.0
 40
3.0
 40
3.0
 40
3.0
 40
4.0
 40
4.0
 40
4.0
 40
4.0
 10
33.07016156171719
 20
43.52225986132016
 30
0.0
 10
33.07016156171719
 20
43.52225986132016
 30
0.0
 10
32.48234396414054
 20
43.52225986132016
 30
0.0
 10
32.48234396414054
 20
43.52225986132016
 30
0.0
 10
32.48234396414054
 20
43.52225986132016
 30
0.0
 10
32.48234396414054
 20
43.66921426071368
 30
0.0
 10
32.48234396414054
 20
43.66921426071368
 30
0.0
 10
32.48234396414054
 20
43.66921426071368
 30
0.0
 10
33.07016156171719
 20
43.66921426071368
 30
0.0
 10
33.07016156171719
 20
43.66921426071368
 30
0.0
 10
33.07016156171719
 20
43.66921426071368
 30
0.0
 10
33.07016156171719
 20
43.52225986132016
 30
0.0
 10
33.07016156171719
 20
43.52225986132016
 30
0.0
  0
SPLINE
  5
101
330
70
100
AcDbEntity
  8
guideline
100
AcDbSpline
210
0.0
220
0.0
230
1.0
 70
    11
 71
     3
 72
    17
 73
    13
 74
     0
 42
0.0000000001
 43
0.0000000001
 40
0.0
 40
0.0
 40
0.0
 40
0.0
 40
1.0
 40
1.0
 40
1.0
 40
2.0
 40
2.0
 40
2.0
 40
3.0
 40
3.0
 40
3.0
 40
4.0
 40
4.0
 40
4.0
 40
4.0
 10
31.89452636656387
 20
43.52225986132016
 30
0.0
 10
31.89452636656387
 20
43.52225986132016
 30
0.0
 10
31.30670876898786
 20
43.52225986132016
 30
0.0
 10
31.30670876898786
 20
43.52225986132016
 30
0.0
 10
31.30670876898786
 20
43.52225986132016
 30
0.0
 10
31.30670876898786
 20
43.66921426071368
 30
0.0
 10
31.30670876898786
 20
43.66921426071368
 30
0.0
 10
31.30670876898786
 20
43.66921426071368
 30
0.0
 10
31.89452636656387
 20
43.66921426071368
 30
0.0
 10
31.89452636656387
 20
43.66921426071368
 30
0.0
 10
31.89452636656387
 20
43.66921426071368
 30
0.0
 10
31.89452636656387
 20
43.52225986132016
 30
0.0
 10
31.89452636656387
 20
43.52225986132016
 30
0.0
  0
SPLINE
  5
102
330
70
100
AcDbEntity
  8
guideline
100
AcDbSpline
210
0.0
220
0.0
230
1.0
 70
    11
 71
     3
 72
    17
 73
    13
 74
     0
 42
0.0000000001
 43
0.0000000001
 40
0.0
 40
0.0
 40
0.0
 40
0.0
 40
1.0
 40
1.0
 40
1.0
 40
2.0
 40
2.0
 40
2.0
 40
3.0
 40
3.0
 40
3.0
 40
4.0
 40
4.0
 40
4.0
 40
4.0
 10
30.7188911714112
 20
43.52225986132016
 30
0.0
 10
30.7188911714112
 20
43.52225986132016
 30
0.0
 10
30.13107357383454
 20
43.52225986132016
 30
0.0
 10
30.13107357383454
 20
43.52225986132016
 30
0.0
 10
30.13107357383454
 20
43.52225986132016
 30
0.0
 10
30.13107357383454
 20
43.66921426071368
 30
0.0
 10
30.13107357383454
 20
43.66921426071368
 30
0.0
 10
30.13107357383454
 20
43.66921426071368
 30
0.0
 10
30.7188911714112
 20
43.66921426071368
 30
0.0
 10
30.7188911714112
 20
43.66921426071368
 30
0.0
 10
30.7188911714112
 20
43.66921426071368
 30
0.0
 10
30.7188911714112
 20
43.52225986132016
 30
0.0
 10
30.7188911714112
 20
43.52225986132016
 30
0.0
  0
SPLINE
  5
103
330
70
100
AcDbEntity
  8
guideline
100
AcDbSpline
210
0.0
220
0.0
230
1.0
 70
    11
 71
     3
 72
    17
 73
    13
 74
     0
 42
0.0000000001
 43
0.0000000001
 40
0.0
 40
0.0
 40
0.0
 40
0.0
 40
1.0
 40
1.0
 40
1.0
 40
2.0
 40
2.0
 40
2.0
 40
3.0
 40
3.0
 40
3.0
 40
4.0
 40
4.0
 40
4.0
 40
4.0
 10
29.54325597625853
 20
43.52225986132016
 30
0.0
 10
29.54325597625853
 20
43.52225986132016
 30
0.0
 10
28.95543837868187
 20
43.52225986132016
 30
0.0
 10
28.95543837868187
 20
43.52225986132016
 30
0.0
 10
28.95543837868187
 20
43.52225986132016
 30
0.0
 10
28.95543837868187
 20
43.66921426071368
 30
0.0
 10
28.95543837868187
 20
43.66921426071368
 30
0.0
 10
28.95543837868187
 20
43.66921426071368
 30
0.0
 10
29.54325597625853
 20
43.66921426071368
 30
0.0
 10
29.54325597625853
 20
43.66921426071368
 30
0.0
 10
29.54325597625853
 20
43.66921426071368
 30
0.0
 10
29.54325597625853
 20
43.52225986132016
 30
0.0
 10
29.54325597625853
 20
43.52225986132016
 30
0.0
  0
SPLINE
  5
104
330
70
100
AcDbEntity
  8
guideline
100
AcDbSpline
210
0.0
220
0.0
230
1.0
 70
    11
 71
     3
 72
    17
 73
    13
 74
     0
 42
0.0000000001
 43
0.0000000001
 40
0.0
 40
0.0
 40
0.0
 40
0.0
 40
1.0
 40
1.0
 40
1.0
 40
2.0
 40
2.0
 40
2.0
 40
3.0
 40
3.0
 40
3.0
 40
4.0
 40
4.0
 40
4.0
 40
4.0
 10
28.36762078110585
 20
43.52225986132016
 30
0.0
 10
28.36762078110585
 20
43.52225986132016
 30
0.0
 10
27.77980318352919
 20
43.52225986132016
 30
0.0
 10
27.77980318352919
 20
43.52225986132016
 30
0.0
 10
27.77980318352919
 20
43.52225986132016
 30
0.0
 10
27.77980318352919
 20
43.66921426071368
 30
0.0
 10
27.77980318352919
 20
43.66921426071368
 30
0.0
 10
27.77980318352919
 20
43.66921426071368
 30
0.0
 10
28.36762078110585
 20
43.66921426071368
 30
0.0
 10
28.36762078110585
 20
43.66921426071368
 30
0.0
 10
28.36762078110585
 20
43.66921426071368
 30
0.0
 10
28.36762078110585
 20
43.52225986132016
 30
0.0
 10
28.36762078110585
 20
43.52225986132016
 30
0.0
  0
SPLINE
  5
105
330
70
100
AcDbEntity
  8
guideline
100
AcDbSpline
210
0.0
220
0.0
230
1.0
 70
    11
 71
     3
 72
    17
 73
    13
 74
     0
 42
0.0000000001
 43
0.0000000001
 40
0.0
 40
0.0
 40
0.0
 40
0.0
 40
1.0
 40
1.0
 40
1.0
 40
2.0
 40
2.0
 40
2.0
 40
3.0
 40
3.0
 40
3.0
 40
4.0
 40
4.0
 40
4.0
 40
4.0
 10
27.19198558595254
 20
43.52225986132016
 30
0.0
 10
27.19198558595254
 20
43.52225986132016
 30
0.0
 10
26.60416798837652
 20
43.52225986132016
 30
0.0
 10
26.60416798837652
 20
43.52225986132016
 30
0.0
 10
26.60416798837652
 20
43.52225986132016
 30
0.0
 10
26.60416798837652
 20
43.66921426071368
 30
0.0
 10
26.60416798837652
 20
43.66921426071368
 30
0.0
 10
26.60416798837652
 20
43.66921426071368
 30
0.0
 10
27.19198558595254
 20
43.66921426071368
 30
0.0
 10
27.19198558595254
 20
43.66921426071368
 30
0.0
 10
27.19198558595254
 20
43.66921426071368
 30
0.0
 10
27.19198558595254
 20
43.52225986132016
 30
0.0
 10
27.19198558595254
 20
43.52225986132016
 30
0.0
  0
HATCH
  5
106
330
70
100
AcDbEntity
  8
guideline
 62
   241
420
 16028843
440
 33554687
100
AcDbHatch
 10
0.0
 20
0.0
 30
0.0
210
0.0
220
0.0
230
1.0
  2
SOLID
 70
     1
 71
     1
 91
       32
 92
        1
 93
        1
 72
     4
 94
        3
 73
     0
 74
     0
 95
       17
 96
       13
 40
0.0
 40
0.0
 40
0.0
 40
0.0
 40
1.0
 40
1.0
 40
1.0
 40
2.0
 40
2.0
 40
2.0
 40
3.0
 40
3.0
 40
3.0
 40
4.0
 40
4.0
 40
4.0
 40
4.0
 10
63.63667663568992
 20
43.52225986132016
 10
63.63667663568992
 20
43.52225986132016
 10
63.04885903811261
 20
43.52225986132016
 10
63.04885903811261
 20
43.52225986132016
 10
63.04885903811261
 20
43.52225986132016
 10
63.04885903811261
 20
43.66921426071368
 10
63.04885903811261
 20
43.66921426071368
 10
63.04885903811261
 20
43.66921426071368
 10
63.63667663568992
 20
43.66921426071368
 10
63.63667663568992
 20
43.66921426071368
 10
63.63667663568992
 20
43.66921426071368
 10
63.63667663568992
 20
43.52225986132016
 10
63.63667663568992
 20
43.52225986132016
 97
        0
 97
        1
330
E6
 92
        1
 93
        2
 72
     4
 94
        3
 73
     0
 74
     0
 95
       17
 96
       13
 40
0.0
 40
0.0
 40
0.0
 40
0.0
 40
1.0
 40
1.0
 40
1.0
 40
2.0
 40
2.0
 40
2.0
 40
3.0
 40
3.0
 40
3.0
 40
4.0
 40
4.0
 40
4.0
 40
4.0
 10
62.46104144053596
 20
43.52225986132016
 10
62.46104144053596
 20
43.52225986132016
 10
61.87322384296058
 20
43.52225986132016
 10
61.87322384296058
 20
43.52225986132016
 10
61.87322384296058
 20
43.52225986132016
 10
61.87322384296058
 20
43.66921426071368
 10
61.87322384296058
 20
43.66921426071368
 10
61.87322384296058
 20
43.66921426071368
 10
62.46104144053596
 20
43.66921426071368
 10
62.46104144053596
 20
43.66921426071368
 10
62.46104144053596
 20
43.66921426071368
 10
62.46104144053596
 20
43.52225986132016
 10
62.46104144053596
 20
43.52225986132016
 97
        0
 72
     1
 10
62.46104144053596
 20
43.52225986132016
 11
62.46104144053596
 21
43.52225986132016
 97
        0
 92
        1
 93
        2
 72
     4
 94
        3
 73
     0
 74
     0
 95
       17
 96
       13
 40
0.0
 40
0.0
 40
0.0
 40
0.0
 40
1.0
 40
1.0
 40
1.0
 40
2.0
 40
2.0
 40
2.0
 40
3.0
 40
3.0
 40
3.0
 40
4.0
 40
4.0
 40
4.0
 40
4.0
 10
61.28540624538328
 20
43.52225986132016
 10
61.28540624538328
 20
43.52225986132016
 10
60.69758864780791
 20
43.52225986132016
 10
60.69758864780791
 20
43.52225986132016
 10
60.69758864780791
 20
43.52225986132016
 10
60.69758864780791
 20
43.66921426071368
 10
60.69758864780791
 20
43.66921426071368
 10
60.69758864780791
 20
43.66921426071368
 10
61.28540624538328
 20
43.66921426071368
 10
61.28540624538328
 20
43.66921426071368
 10
61.28540624538328
 20
43.66921426071368
 10
61.28540624538328
 20
43.52225986132016
 10
61.28540624538328
 20
43.52225986132016
 97
        0
 72
     1
 10
61.28540624538328
 20
43.52225986132016
 11
61.28540624538328
 21
43.52225986132016
 97
        0
 92
        1
 93
        2
 72
     4
 94
        3
 73
     0
 74
     0
 95
       17
 96
       13
 40
0.0
 40
0.0
 40
0.0
 40
0.0
 40
1.0
 40
1.0
 40
1.0
 40
2.0
 40
2.0
 40
2.0
 40
3.0
 40
3.0
 40
3.0
 40
4.0
 40
4.0
 40
4.0
 40
4.0
 10
60.10977105023125
 20
43.52225986132016
 10
60.10977105023125
 20
43.52225986132016
 10
59.52195345265395
 20
43.52225986132016
 10
59.52195345265395
 20
43.52225986132016
 10
59.52195345265395
 20
43.52225986132016
 10
59.52195345265395
 20
43.66921426071368
 10
59.52195345265395
 20
43.66921426071368
 10
59.52195345265395
 20
43.66921426071368
 10
60.10977105023125
 20
43.66921426071368
 10
60.10977105023125
 20
43.66921426071368
 10
60.10977105023125
 20
43.66921426071368
 10
60.10977105023125
 20
43.52225986132016
 10
60.10977105023125
 20
43.52225986132016
 97
        0
 72
     1
 10
60.10977105023125
 20
43.52225986132016
 11
60.10977105023125
 21
43.52225986132016
 97
        0
 92
        1
 93
        2
 72
     4
 94
        3
 73
     0
 74
     0
 95
       17
 96
       13
 40
0.0
 40
0.0
 40
0.0
 40
0.0
 40
1.0
 40
1.0
 40
1.0
 40
2.0
 40
2.0
 40
2.0
 40
3.0
 40
3.0
 40
3.0
 40
4.0
 40
4.0
 40
4.0
 40
4.0
 10
58.93413585507857
 20
43.52225986132016
 10
58.93413585507857
 20
43.52225986132016
 10
58.34631825750128
 20
43.52225986132016
 10
58.34631825750128
 20
43.52225986132016
 10
58.34631825750128
 20
43.52225986132016
 10
58.34631825750128
 20
43.66921426071368
 10
58.34631825750128
 20
43.66921426071368
 10
58.34631825750128
 20
43.66921426071368
 10
58.93413585507857
 20
43.66921426071368
 10
58.93413585507857
 20
43.66921426071368
 10
58.93413585507857
 20
43.66921426071368
 10
58.93413585507857
 20
43.52225986132016
 10
58.93413585507857
 20
43.52225986132016
 97
        0
 72
     1
 10
58.93413585507857
 20
43.52225986132016
 11
58.93413585507857
 21
43.52225986132016
 97
        0
 92
        1
 93
        2
 72
     4
 94
        3
 73
     0
 74
     0
 95
       17
 96
       13
 40
0.0
 40
0.0
 40
0.0
 40
0.0
 40
1.0
 40
1.0
 40
1.0
 40
2.0
 40
2.0
 40
2.0
 40
3.0
 40
3.0
 40
3.0
 40
4.0
 40
4.0
 40
4.0
 40
4.0
 10
57.75850065992462
 20
43.52225986132016
 10
57.75850065992462
 20
43.52225986132016
 10
57.17068306234924
 20
43.52225986132016
 10
57.17068306234924
 20
43.52225986132016
 10
57.17068306234924
 20
43.52225986132016
 10
57.17068306234924
 20
43.66921426071368
 10
57.17068306234924
 20
43.66921426071368
 10
57.17068306234924
 20
43.66921426071368
 10
57.75850065992462
 20
43.66921426071368
 10
57.75850065992462
 20
43.66921426071368
 10
57.75850065992462
 20
43.66921426071368
 10
57.75850065992462
 20
43.52225986132016
 10
57.75850065992462
 20
43.52225986132016
 97
        0
 72
     1
 10
57.75850065992462
 20
43.52225986132016
 11
57.75850065992462
 21
43.52225986132016
 97
        0
 92
        1
 93
        2
 72
     4
 94
        3
 73
     0
 74
     0
 95
       17
 96
       13
 40
0.0
 40
0.0
 40
0.0
 40
0.0
 40
1.0
 40
1.0
 40
1.0
 40
2.0
 40
2.0
 40
2.0
 40
3.0
 40
3.0
 40
3.0
 40
4.0
 40
4.0
 40
4.0
 40
4.0
 10
56.58286546477195
 20
43.52225986132016
 10
56.58286546477195
 20
43.52225986132016
 10
55.99504786719657
 20
43.52225986132016
 10
55.99504786719657
 20
43.52225986132016
 10
55.99504786719657
 20
43.52225986132016
 10
55.99504786719657
 20
43.66921426071368
 10
55.99504786719657
 20
43.66921426071368
 10
55.99504786719657
 20
43.66921426071368
 10
56.58286546477195
 20
43.66921426071368
 10
56.58286546477195
 20
43.66921426071368
 10
56.58286546477195
 20
43.66921426071368
 10
56.58286546477195
 20
43.52225986132016
 10
56.58286546477195
 20
43.52225986132016
 97
        0
 72
     1
 10
56.58286546477195
 20
43.52225986132016
 11
56.58286546477195
 21
43.52225986132016
 97
        0
 92
        1
 93
        2
 72
     4
 94
        3
 73
     0
 74
     0
 95
       17
 96
       13
 40
0.0
 40
0.0
 40
0.0
 40
0.0
 40
1.0
 40
1.0
 40
1.0
 40
2.0
 40
2.0
 40
2.0
 40
3.0
 40
3.0
 40
3.0
 40
4.0
 40
4.0
 40
4.0
 40
4.0
 10
55.40723026961927
 20
43.52225986132016
 10
55.40723026961927
 20
43.52225986132016
 10
54.81941267204262
 20
43.52225986132016
 10
54.81941267204262
 20
43.52225986132016
 10
54.81941267204262
 20
43.52225986132016
 10
54.81941267204262
 20
43.66921426071368
 10
54.81941267204262
 20
43.66921426071368
 10
54.81941267204262
 20
43.66921426071368
 10
55.40723026961927
 20
43.66921426071368
 10
55.40723026961927
 20
43.66921426071368
 10
55.40723026961927
 20
43.66921426071368
 10
55.40723026961927
 20
43.52225986132016
 10
55.40723026961927
 20
43.52225986132016
 97
        0
 72
     1
 10
55.40723026961927
 20
43.52225986132016
 11
55.40723026961927
 21
43.52225986132016
 97
        0
 92
        1
 93
        2
 72
     4
 94
        3
 73
     0
 74
     0
 95
       17
 96
       13
 40
0.0
 40
0.0
 40
0.0
 40
0.0
 40
1.0
 40
1.0
 40
1.0
 40
2.0
 40
2.0
 40
2.0
 40
3.0
 40
3.0
 40
3.0
 40
4.0
 40
4.0
 40
4.0
 40
4.0
 10
54.23159507446724
 20
43.52225986132016
 10
54.23159507446724
 20
43.52225986132016
 10
53.64377747688994
 20
43.52225986132016
 10
53.64377747688994
 20
43.52225986132016
 10
53.64377747688994
 20
43.52225986132016
 10
53.64377747688994
 20
43.66921426071368
 10
53.64377747688994
 20
43.66921426071368
 10
53.64377747688994
 20
43.66921426071368
 10
54.23159507446724
 20
43.66921426071368
 10
54.23159507446724
 20
43.66921426071368
 10
54.23159507446724
 20
43.66921426071368
 10
54.23159507446724
 20
43.52225986132016
 10
54.23159507446724
 20
43.52225986132016
 97
        0
 72
     1
 10
54.23159507446724
 20
43.52225986132016
 11
54.23159507446724
 21
43.52225986132016
 97
        0
 92
        1
 93
        2
 72
     4
 94
        3
 73
     0
 74
     0
 95
       17
 96
       13
 40
0.0
 40
0.0
 40
0.0
 40
0.0
 40
1.0
 40
1.0
 40
1.0
 40
2.0
 40
2.0
 40
2.0
 40
3.0
 40
3.0
 40
3.0
 40
4.0
 40
4.0
 40
4.0
 40
4.0
 10
53.05595987931456
 20
43.52225986132016
 10
53.05595987931456
 20
43.52225986132016
 10
52.46814228173791
 20
43.52225986132016
 10
52.46814228173791
 20
43.52225986132016
 10
52.46814228173791
 20
43.52225986132016
 10
52.46814228173791
 20
43.66921426071368
 10
52.46814228173791
 20
43.66921426071368
 10
52.46814228173791
 20
43.66921426071368
 10
53.05595987931456
 20
43.66921426071368
 10
53.05595987931456
 20
43.66921426071368
 10
53.05595987931456
 20
43.66921426071368
 10
53.05595987931456
 20
43.52225986132016
 10
53.05595987931456
 20
43.52225986132016
 97
        0
 72
     1
 10
53.05595987931456
 20
43.52225986132016
 11
53.05595987931456
 21
43.52225986132016
 97
        0
 92
        1
 93
        2
 72
     4
 94
        3
 73
     0
 74
     0
 95
       17
 96
       13
 40
0.0
 40
0.0
 40
0.0
 40
0.0
 40
1.0
 40
1.0
 40
1.0
 40
2.0
 40
2.0
 40
2.0
 40
3.0
 40
3.0
 40
3.0
 40
4.0
 40
4.0
 40
4.0
 40
4.0
 10
51.88032468416061
 20
43.52225986132016
 10
51.88032468416061
 20
43.52225986132016
 10
51.29250708658524
 20
43.52225986132016
 10
51.29250708658524
 20
43.52225986132016
 10
51.29250708658524
 20
43.52225986132016
 10
51.29250708658524
 20
43.66921426071368
 10
51.29250708658524
 20
43.66921426071368
 10
51.29250708658524
 20
43.66921426071368
 10
51.88032468416061
 20
43.66921426071368
 10
51.88032468416061
 20
43.66921426071368
 10
51.88032468416061
 20
43.66921426071368
 10
51.88032468416061
 20
43.52225986132016
 10
51.88032468416061
 20
43.52225986132016
 97
        0
 72
     1
 10
51.88032468416061
 20
43.52225986132016
 11
51.88032468416061
 21
43.52225986132016
 97
        0
 92
        1
 93
        2
 72
     4
 94
        3
 73
     0
 74
     0
 95
       17
 96
       13
 40
0.0
 40
0.0
 40
0.0
 40
0.0
 40
1.0
 40
1.0
 40
1.0
 40
2.0
 40
2.0
 40
2.0
 40
3.0
 40
3.0
 40
3.0
 40
4.0
 40
4.0
 40
4.0
 40
4.0
 10
50.70468948900793
 20
43.52225986132016
 10
50.70468948900793
 20
43.52225986132016
 10
50.11687189143255
 20
43.52225986132016
 10
50.11687189143255
 20
43.52225986132016
 10
50.11687189143255
 20
43.52225986132016
 10
50.11687189143255
 20
43.66921426071368
 10
50.11687189143255
 20
43.66921426071368
 10
50.11687189143255
 20
43.66921426071368
 10
50.70468948900793
 20
43.66921426071368
 10
50.70468948900793
 20
43.66921426071368
 10
50.70468948900793
 20
43.66921426071368
 10
50.70468948900793
 20
43.52225986132016
 10
50.70468948900793
 20
43.52225986132016
 97
        0
 72
     1
 10
50.70468948900793
 20
43.52225986132016
 11
50.70468948900793
 21
43.52225986132016
 97
        0
 92
        1
 93
        2
 72
     4
 94
        3
 73
     0
 74
     0
 95
       17
 96
       13
 40
0.0
 40
0.0
 40
0.0
 40
0.0
 40
1.0
 40
1.0
 40
1.0
 40
2.0
 40
2.0
 40
2.0
 40
3.0
 40
3.0
 40
3.0
 40
4.0
 40
4.0
 40
4.0
 40
4.0
 10
49.52905429385591
 20
43.52225986132016
 10
49.52905429385591
 20
43.52225986132016
 10
48.94123669627861
 20
43.52225986132016
 10
48.94123669627861
 20
43.52225986132016
 10
48.94123669627861
 20
43.52225986132016
 10
48.94123669627861
 20
43.66921426071368
 10
48.94123669627861
 20
43.66921426071368
 10
48.94123669627861
 20
43.66921426071368
 10
49.52905429385591
 20
43.66921426071368
 10
49.52905429385591
 20
43.66921426071368
 10
49.52905429385591
 20
43.66921426071368
 10
49.52905429385591
 20
43.52225986132016
 10
49.52905429385591
 20
43.52225986132016
 97
        0
 72
     1
 10
49.52905429385591
 20
43.52225986132016
 11
49.52905429385591
 21
43.52225986132016
 97
        0
 92
        1
 93
        2
 72
     4
 94
        3
 73
     0
 74
     0
 95
       17
 96
       13
 40
0.0
 40
0.0
 40
0.0
 40
0.0
 40
1.0
 40
1.0
 40
1.0
 40
2.0
 40
2.0
 40
2.0
 40
3.0
 40
3.0
 40
3.0
 40
4.0
 40
4.0
 40
4.0
 40
4.0
 10
48.35341909870322
 20
43.52225986132016
 10
48.35341909870322
 20
43.52225986132016
 10
47.76560150112657
 20
43.52225986132016
 10
47.76560150112657
 20
43.52225986132016
 10
47.76560150112657
 20
43.52225986132016
 10
47.76560150112657
 20
43.66921426071368
 10
47.76560150112657
 20
43.66921426071368
 10
47.76560150112657
 20
43.66921426071368
 10
48.35341909870322
 20
43.66921426071368
 10
48.35341909870322
 20
43.66921426071368
 10
48.35341909870322
 20
43.66921426071368
 10
48.35341909870322
 20
43.52225986132016
 10
48.35341909870322
 20
43.52225986132016
 97
        0
 72
     1
 10
48.35341909870322
 20
43.52225986132016
 11
48.35341909870322
 21
43.52225986132016
 97
        0
 92
        1
 93
        2
 72
     4
 94
        3
 73
     0
 74
     0
 95
       17
 96
       13
 40
0.0
 40
0.0
 40
0.0
 40
0.0
 40
1.0
 40
1.0
 40
1.0
 40
2.0
 40
2.0
 40
2.0
 40
3.0
 40
3.0
 40
3.0
 40
4.0
 40
4.0
 40
4.0
 40
4.0
 10
47.17778390354927
 20
43.52225986132016
 10
47.17778390354927
 20
43.52225986132016
 10
46.5899663059739
 20
43.52225986132016
 10
46.5899663059739
 20
43.52225986132016
 10
46.5899663059739
 20
43.52225986132016
 10
46.5899663059739
 20
43.66921426071368
 10
46.5899663059739
 20
43.66921426071368
 10
46.5899663059739
 20
43.66921426071368
 10
47.17778390354927
 20
43.66921426071368
 10
47.17778390354927
 20
43.66921426071368
 10
47.17778390354927
 20
43.66921426071368
 10
47.17778390354927
 20
43.52225986132016
 10
47.17778390354927
 20
43.52225986132016
 97
        0
 72
     1
 10
47.17778390354927
 20
43.52225986132016
 11
47.17778390354927
 21
43.52225986132016
 97
        0
 92
        1
 93
        2
 72
     4
 94
        3
 73
     0
 74
     0
 95
       17
 96
       13
 40
0.0
 40
0.0
 40
0.0
 40
0.0
 40
1.0
 40
1.0
 40
1.0
 40
2.0
 40
2.0
 40
2.0
 40
3.0
 40
3.0
 40
3.0
 40
4.0
 40
4.0
 40
4.0
 40
4.0
 10
46.00214870839788
 20
43.52225986132016
 10
46.00214870839788
 20
43.52225986132016
 10
45.41433111082122
 20
43.52225986132016
 10
45.41433111082122
 20
43.52225986132016
 10
45.41433111082122
 20
43.52225986132016
 10
45.41433111082122
 20
43.66921426071368
 10
45.41433111082122
 20
43.66921426071368
 10
45.41433111082122
 20
43.66921426071368
 10
46.00214870839788
 20
43.66921426071368
 10
46.00214870839788
 20
43.66921426071368
 10
46.00214870839788
 20
43.66921426071368
 10
46.00214870839788
 20
43.52225986132016
 10
46.00214870839788
 20
43.52225986132016
 97
        0
 72
     1
 10
46.00214870839788
 20
43.52225986132016
 11
46.00214870839788
 21
43.52225986132016
 97
        0
 92
        1
 93
        2
 72
     4
 94
        3
 73
     0
 74
     0
 95
       17
 96
       13
 40
0.0
 40
0.0
 40
0.0
 40
0.0
 40
1.0
 40
1.0
 40
1.0
 40
2.0
 40
2.0
 40
2.0
 40
3.0
 40
3.0
 40
3.0
 40
4.0
 40
4.0
 40
4.0
 40
4.0
 10
44.82651351324424
 20
43.52225986132016
 10
44.82651351324424
 20
43.52225986132016
 10
44.23869591566854
 20
43.52225986132016
 10
44.23869591566854
 20
43.52225986132016
 10
44.23869591566854
 20
43.52225986132016
 10
44.23869591566854
 20
43.66921426071368
 10
44.23869591566854
 20
43.66921426071368
 10
44.23869591566854
 20
43.66921426071368
 10
44.82651351324424
 20
43.66921426071368
 10
44.82651351324424
 20
43.66921426071368
 10
44.82651351324424
 20
43.66921426071368
 10
44.82651351324424
 20
43.52225986132016
 10
44.82651351324424
 20
43.52225986132016
 97
        0
 72
     1
 10
44.82651351324424
 20
43.52225986132016
 11
44.82651351324424
 21
43.52225986132016
 97
        0
 92
        1
 93
        2
 72
     4
 94
        3
 73
     0
 74
     0
 95
       17
 96
       13
 40
0.0
 40
0.0
 40
0.0
 40
0.0
 40
1.0
 40
1.0
 40
1.0
 40
2.0
 40
2.0
 40
2.0
 40
3.0
 40
3.0
 40
3.0
 40
4.0
 40
4.0
 40
4.0
 40
4.0
 10
43.65087831809157
 20
43.52225986132016
 10
43.65087831809157
 20
43.52225986132016
 10
43.06306072051587
 20
43.52225986132016
 10
43.06306072051587
 20
43.52225986132016
 10
43.06306072051587
 20
43.52225986132016
 10
43.06306072051587
 20
43.66921426071368
 10
43.06306072051587
 20
43.66921426071368
 10
43.06306072051587
 20
43.66921426071368
 10
43.65087831809157
 20
43.66921426071368
 10
43.65087831809157
 20
43.66921426071368
 10
43.65087831809157
 20
43.66921426071368
 10
43.65087831809157
 20
43.52225986132016
 10
43.65087831809157
 20
43.52225986132016
 97
        0
 72
     1
 10
43.65087831809157
 20
43.52225986132016
 11
43.65087831809157
 21
43.52225986132016
 97
        0
 92
        1
 93
        2
 72
     4
 94
        3
 73
     0
 74
     0
 95
       17
 96
       13
 40
0.0
 40
0.0
 40
0.0
 40
0.0
 40
1.0
 40
1.0
 40
1.0
 40
2.0
 40
2.0
 40
2.0
 40
3.0
 40
3.0
 40
3.0
 40
4.0
 40
4.0
 40
4.0
 40
4.0
 10
42.47524312293921
 20
43.52225986132016
 10
42.47524312293921
 20
43.52225986132016
 10
41.88742552536224
 20
43.52225986132016
 10
41.88742552536224
 20
43.52225986132016
 10
41.88742552536224
 20
43.52225986132016
 10
41.88742552536224
 20
43.66921426071368
 10
41.88742552536224
 20
43.66921426071368
 10
41.88742552536224
 20
43.66921426071368
 10
42.47524312293921
 20
43.66921426071368
 10
42.47524312293921
 20
43.66921426071368
 10
42.47524312293921
 20
43.66921426071368
 10
42.47524312293921
 20
43.52225986132016
 10
42.47524312293921
 20
43.52225986132016
 97
        0
 72
     1
 10
42.47524312293921
 20
43.52225986132016
 11
42.47524312293921
 21
43.52225986132016
 97
        0
 92
        1
 93
        2
 72
     4
 94
        3
 73
     0
 74
     0
 95
       17
 96
       13
 40
0.0
 40
0.0
 40
0.0
 40
0.0
 40
1.0
 40
1.0
 40
1.0
 40
2.0
 40
2.0
 40
2.0
 40
3.0
 40
3.0
 40
3.0
 40
4.0
 40
4.0
 40
4.0
 40
4.0
 10
41.29960792778654
 20
43.52225986132016
 10
41.29960792778654
 20
43.52225986132016
 10
40.71179033020956
 20
43.52225986132016
 10
40.71179033020956
 20
43.52225986132016
 10
40.71179033020956
 20
43.52225986132016
 10
40.71179033020956
 20
43.66921426071368
 10
40.71179033020956
 20
43.66921426071368
 10
40.71179033020956
 20
43.66921426071368
 10
41.29960792778654
 20
43.66921426071368
 10
41.29960792778654
 20
43.66921426071368
 10
41.29960792778654
 20
43.66921426071368
 10
41.29960792778654
 20
43.52225986132016
 10
41.29960792778654
 20
43.52225986132016
 97
        0
 72
     1
 10
41.29960792778654
 20
43.52225986132016
 11
41.29960792778654
 21
43.52225986132016
 97
        0
 92
        1
 93
        2
 72
     4
 94
        3
 73
     0
 74
     0
 95
       17
 96
       13
 40
0.0
 40
0.0
 40
0.0
 40
0.0
 40
1.0
 40
1.0
 40
1.0
 40
2.0
 40
2.0
 40
2.0
 40
3.0
 40
3.0
 40
3.0
 40
4.0
 40
4.0
 40
4.0
 40
4.0
 10
40.12397273263387
 20
43.52225986132016
 10
40.12397273263387
 20
43.52225986132016
 10
39.53615513505722
 20
43.52225986132016
 10
39.53615513505722
 20
43.52225986132016
 10
39.53615513505722
 20
43.52225986132016
 10
39.53615513505722
 20
43.66921426071368
 10
39.53615513505722
 20
43.66921426071368
 10
39.53615513505722
 20
43.66921426071368
 10
40.12397273263387
 20
43.66921426071368
 10
40.12397273263387
 20
43.66921426071368
 10
40.12397273263387
 20
43.66921426071368
 10
40.12397273263387
 20
43.52225986132016
 10
40.12397273263387
 20
43.52225986132016
 97
        0
 72
     1
 10
40.12397273263387
 20
43.52225986132016
 11
40.12397273263387
 21
43.52225986132016
 97
        0
 92
        1
 93
        2
 72
     4
 94
        3
 73
     0
 74
     0
 95
       17
 96
       13
 40
0.0
 40
0.0
 40
0.0
 40
0.0
 40
1.0
 40
1.0
 40
1.0
 40
2.0
 40
2.0
 40
2.0
 40
3.0
 40
3.0
 40
3.0
 40
4.0
 40
4.0
 40
4.0
 40
4.0
 10
38.94833753748024
 20
43.52225986132016
 10
38.94833753748024
 20
43.52225986132016
 10
38.36051993990454
 20
43.52225986132016
 10
38.36051993990454
 20
43.52225986132016
 10
38.36051993990454
 20
43.52225986132016
 10
38.36051993990454
 20
43.66921426071368
 10
38.36051993990454
 20
43.66921426071368
 10
38.36051993990454
 20
43.66921426071368
 10
38.94833753748024
 20
43.66921426071368
 10
38.94833753748024
 20
43.66921426071368
 10
38.94833753748024
 20
43.66921426071368
 10
38.94833753748024
 20
43.52225986132016
 10
38.94833753748024
 20
43.52225986132016
 97
        0
 72
     1
 10
38.94833753748024
 20
43.52225986132016
 11
38.94833753748024
 21
43.52225986132016
 97
        0
 92
        1
 93
        2
 72
     4
 94
        3
 73
     0
 74
     0
 95
       17
 96
       13
 40
0.0
 40
0.0
 40
0.0
 40
0.0
 40
1.0
 40
1.0
 40
1.0
 40
2.0
 40
2.0
 40
2.0
 40
3.0
 40
3.0
 40
3.0
 40
4.0
 40
4.0
 40
4.0
 40
4.0
 10
37.77270234232788
 20
43.52225986132016
 10
37.77270234232788
 20
43.52225986132016
 10
37.18488474475187
 20
43.52225986132016
 10
37.18488474475187
 20
43.52225986132016
 10
37.18488474475187
 20
43.52225986132016
 10
37.18488474475187
 20
43.66921426071368
 10
37.18488474475187
 20
43.66921426071368
 10
37.18488474475187
 20
43.66921426071368
 10
37.77270234232788
 20
43.66921426071368
 10
37.77270234232788
 20
43.66921426071368
 10
37.77270234232788
 20
43.66921426071368
 10
37.77270234232788
 20
43.52225986132016
 10
37.77270234232788
 20
43.52225986132016
 97
        0
 72
     1
 10
37.77270234232788
 20
43.52225986132016
 11
37.77270234232788
 21
43.52225986132016
 97
        0
 92
        1
 93
        2
 72
     4
 94
        3
 73
     0
 74
     0
 95
       17
 96
       13
 40
0.0
 40
0.0
 40
0.0
 40
0.0
 40
1.0
 40
1.0
 40
1.0
 40
2.0
 40
2.0
 40
2.0
 40
3.0
 40
3.0
 40
3.0
 40
4.0
 40
4.0
 40
4.0
 40
4.0
 10
36.59706714717521
 20
43.52225986132016
 10
36.59706714717521
 20
43.52225986132016
 10
36.0092495495992
 20
43.52225986132016
 10
36.0092495495992
 20
43.52225986132016
 10
36.0092495495992
 20
43.52225986132016
 10
36.0092495495992
 20
43.66921426071368
 10
36.0092495495992
 20
43.66921426071368
 10
36.0092495495992
 20
43.66921426071368
 10
36.59706714717521
 20
43.66921426071368
 10
36.59706714717521
 20
43.66921426071368
 10
36.59706714717521
 20
43.66921426071368
 10
36.59706714717521
 20
43.52225986132016
 10
36.59706714717521
 20
43.52225986132016
 97
        0
 72
     1
 10
36.59706714717521
 20
43.52225986132016
 11
36.59706714717521
 21
43.52225986132016
 97
        0
 92
        1
 93
        2
 72
     4
 94
        3
 73
     0
 74
     0
 95
       17
 96
       13
 40
0.0
 40
0.0
 40
0.0
 40
0.0
 40
1.0
 40
1.0
 40
1.0
 40
2.0
 40
2.0
 40
2.0
 40
3.0
 40
3.0
 40
3.0
 40
4.0
 40
4.0
 40
4.0
 40
4.0
 10
35.42143195202254
 20
43.52225986132016
 10
35.42143195202254
 20
43.52225986132016
 10
34.83361435444588
 20
43.52225986132016
 10
34.83361435444588
 20
43.52225986132016
 10
34.83361435444588
 20
43.52225986132016
 10
34.83361435444588
 20
43.66921426071368
 10
34.83361435444588
 20
43.66921426071368
 10
34.83361435444588
 20
43.66921426071368
 10
35.42143195202254
 20
43.66921426071368
 10
35.42143195202254
 20
43.66921426071368
 10
35.42143195202254
 20
43.66921426071368
 10
35.42143195202254
 20
43.52225986132016
 10
35.42143195202254
 20
43.52225986132016
 97
        0
 72
     1
 10
35.42143195202254
 20
43.52225986132016
 11
35.42143195202254
 21
43.52225986132016
 97
        0
 92
        1
 93
        2
 72
     4
 94
        3
 73
     0
 74
     0
 95
       17
 96
       13
 40
0.0
 40
0.0
 40
0.0
 40
0.0
 40
1.0
 40
1.0
 40
1.0
 40
2.0
 40
2.0
 40
2.0
 40
3.0
 40
3.0
 40
3.0
 40
4.0
 40
4.0
 40
4.0
 40
4.0
 10
34.24579675686987
 20
43.52225986132016
 10
34.24579675686987
 20
43.52225986132016
 10
33.6579791592932
 20
43.52225986132016
 10
33.6579791592932
 20
43.52225986132016
 10
33.6579791592932
 20
43.52225986132016
 10
33.6579791592932
 20
43.66921426071368
 10
33.6579791592932
 20
43.66921426071368
 10
33.6579791592932
 20
43.66921426071368
 10
34.24579675686987
 20
43.66921426071368
 10
34.24579675686987
 20
43.66921426071368
 10
34.24579675686987
 20
43.66921426071368
 10
34.24579675686987
 20
43.52225986132016
 10
34.24579675686987
 20
43.52225986132016
 97
        0
 72
     1
 10
34.24579675686987
 20
43.52225986132016
 11
34.24579675686987
 21
43.52225986132016
 97
        0
 92
        1
 93
        2
 72
     4
 94
        3
 73
     0
 74
     0
 95
       17
 96
       13
 40
0.0
 40
0.0
 40
0.0
 40
0.0
 40
1.0
 40
1.0
 40
1.0
 40
2.0
 40
2.0
 40
2.0
 40
3.0
 40
3.0
 40
3.0
 40
4.0
 40
4.0
 40
4.0
 40
4.0
 10
33.07016156171719
 20
43.52225986132016
 10
33.07016156171719
 20
43.52225986132016
 10
32.48234396414054
 20
43.52225986132016
 10
32.48234396414054
 20
43.52225986132016
 10
32.48234396414054
 20
43.52225986132016
 10
32.48234396414054
 20
43.66921426071368
 10
32.48234396414054
 20
43.66921426071368
 10
32.48234396414054
 20
43.66921426071368
 10
33.07016156171719
 20
43.66921426071368
 10
33.07016156171719
 20
43.66921426071368
 10
33.07016156171719
 20
43.66921426071368
 10
33.07016156171719
 20
43.52225986132016
 10
33.07016156171719
 20
43.52225986132016
 97
        0
 72
     1
 10
33.07016156171719
 20
43.52225986132016
 11
33.07016156171719
 21
43.52225986132016
 97
        0
 92
        1
 93
        2
 72
     4
 94
        3
 73
     0
 74
     0
 95
       17
 96
       13
 40
0.0
 40
0.0
 40
0.0
 40
0.0
 40
1.0
 40
1.0
 40
1.0
 40
2.0
 40
2.0
 40
2.0
 40
3.0
 40
3.0
 40
3.0
 40
4.0
 40
4.0
 40
4.0
 40
4.0
 10
31.89452636656387
 20
43.52225986132016
 10
31.89452636656387
 20
43.52225986132016
 10
31.30670876898786
 20
43.52225986132016
 10
31.30670876898786
 20
43.52225986132016
 10
31.30670876898786
 20
43.52225986132016
 10
31.30670876898786
 20
43.66921426071368
 10
31.30670876898786
 20
43.66921426071368
 10
31.30670876898786
 20
43.66921426071368
 10
31.89452636656387
 20
43.66921426071368
 10
31.89452636656387
 20
43.66921426071368
 10
31.89452636656387
 20
43.66921426071368
 10
31.89452636656387
 20
43.52225986132016
 10
31.89452636656387
 20
43.52225986132016
 97
        0
 72
     1
 10
31.89452636656387
 20
43.52225986132016
 11
31.89452636656387
 21
43.52225986132016
 97
        0
 92
        1
 93
        2
 72
     4
 94
        3
 73
     0
 74
     0
 95
       17
 96
       13
 40
0.0
 40
0.0
 40
0.0
 40
0.0
 40
1.0
 40
1.0
 40
1.0
 40
2.0
 40
2.0
 40
2.0
 40
3.0
 40
3.0
 40
3.0
 40
4.0
 40
4.0
 40
4.0
 40
4.0
 10
30.7188911714112
 20
43.52225986132016
 10
30.7188911714112
 20
43.52225986132016
 10
30.13107357383454
 20
43.52225986132016
 10
30.13107357383454
 20
43.52225986132016
 10
30.13107357383454
 20
43.52225986132016
 10
30.13107357383454
 20
43.66921426071368
 10
30.13107357383454
 20
43.66921426071368
 10
30.13107357383454
 20
43.66921426071368
 10
30.7188911714112
 20
43.66921426071368
 10
30.7188911714112
 20
43.66921426071368
 10
30.7188911714112
 20
43.66921426071368
 10
30.7188911714112
 20
43.52225986132016
 10
30.7188911714112
 20
43.52225986132016
 97
        0
 72
     1
 10
30.7188911714112
 20
43.52225986132016
 11
30.7188911714112
 21
43.52225986132016
 97
        0
 92
        1
 93
        2
 72
     4
 94
        3
 73
     0
 74
     0
 95
       17
 96
       13
 40
0.0
 40
0.0
 40
0.0
 40
0.0
 40
1.0
 40
1.0
 40
1.0
 40
2.0
 40
2.0
 40
2.0
 40
3.0
 40
3.0
 40
3.0
 40
4.0
 40
4.0
 40
4.0
 40
4.0
 10
29.54325597625853
 20
43.52225986132016
 10
29.54325597625853
 20
43.52225986132016
 10
28.95543837868187
 20
43.52225986132016
 10
28.95543837868187
 20
43.52225986132016
 10
28.95543837868187
 20
43.52225986132016
 10
28.95543837868187
 20
43.66921426071368
 10
28.95543837868187
 20
43.66921426071368
 10
28.95543837868187
 20
43.66921426071368
 10
29.54325597625853
 20
43.66921426071368
 10
29.54325597625853
 20
43.66921426071368
 10
29.54325597625853
 20
43.66921426071368
 10
29.54325597625853
 20
43.52225986132016
 10
29.54325597625853
 20
43.52225986132016
 97
        0
 72
     1
 10
29.54325597625853
 20
43.52225986132016
 11
29.54325597625853
 21
43.52225986132016
 97
        0
 92
        1
 93
        2
 72
     4
 94
        3
 73
     0
 74
     0
 95
       17
 96
       13
 40
0.0
 40
0.0
 40
0.0
 40
0.0
 40
1.0
 40
1.0
 40
1.0
 40
2.0
 40
2.0
 40
2.0
 40
3.0
 40
3.0
 40
3.0
 40
4.0
 40
4.0
 40
4.0
 40
4.0
 10
28.36762078110585
 20
43.52225986132016
 10
28.36762078110585
 20
43.52225986132016
 10
27.77980318352919
 20
43.52225986132016
 10
27.77980318352919
 20
43.52225986132016
 10
27.77980318352919
 20
43.52225986132016
 10
27.77980318352919
 20
43.66921426071368
 10
27.77980318352919
 20
43.66921426071368
 10
27.77980318352919
 20
43.66921426071368
 10
28.36762078110585
 20
43.66921426071368
 10
28.36762078110585
 20
43.66921426071368
 10
28.36762078110585
 20
43.66921426071368
 10
28.36762078110585
 20
43.52225986132016
 10
28.36762078110585
 20
43.52225986132016
 97
        0
 72
     1
 10
28.36762078110585
 20
43.52225986132016
 11
28.36762078110585
 21
43.52225986132016
 97
        0
 92
        1
 93
        2
 72
     4
 94
        3
 73
     0
 74
     0
 95
       17
 96
       13
 40
0.0
 40
0.0
 40
0.0
 40
0.0
 40
1.0
 40
1.0
 40
1.0
 40
2.0
 40
2.0
 40
2.0
 40
3.0
 40
3.0
 40
3.0
 40
4.0
 40
4.0
 40
4.0
 40
4.0
 10
27.19198558595254
 20
43.52225986132016
 10
27.19198558595254
 20
43.52225986132016
 10
26.60416798837652
 20
43.52225986132016
 10
26.60416798837652
 20
43.52225986132016
 10
26.60416798837652
 20
43.52225986132016
 10
26.60416798837652
 20
43.66921426071368
 10
26.60416798837652
 20
43.66921426071368
 10
26.60416798837652
 20
43.66921426071368
 10
27.19198558595254
 20
43.66921426071368
 10
27.19198558595254
 20
43.66921426071368
 10
27.19198558595254
 20
43.66921426071368
 10
27.19198558595254
 20
43.52225986132016
 10
27.19198558595254
 20
43.52225986132016
 97
        0
 72
     1
 10
27.19198558595254
 20
43.52225986132016
 11
27.19198558595254
 21
43.52225986132016
 97
        0
 75
     2
 76
     1
 98
        1
 10
0.0
 20
0.0
450
        0
451
        0
460
0.0
461
0.0
452
        0
462
0.0
453
        0
470

  0
LWPOLYLINE
  5
107
330
70
100
AcDbEntity
  8
guideline
 62
    18
420
        0
370
     0
100
AcDbPolyline
 90
        4
 70
     1
 43
0.0
 10
27.20432745933901
 20
35.52070762243512
 10
26.616509861763
 20
35.52070762243512
 10
26.616509861763
 20
35.66766202182928
 10
27.20432745933901
 20
35.66766202182928
  0
LWPOLYLINE
  5
108
330
70
100
AcDbEntity
  8
guideline
 62
    18
420
        0
370
     0
100
AcDbPolyline
 90
        4
 70
     1
 43
0.0
 10
28.37996265449201
 20
35.52070762243512
 10
27.79214505691567
 20
35.52070762243512
 10
27.79214505691567
 20
35.66766202182928
 10
28.37996265449201
 20
35.66766202182928
  0
LWPOLYLINE
  5
109
330
70
100
AcDbEntity
  8
guideline
 62
    18
420
        0
370
     0
100
AcDbPolyline
 90
        4
 70
     1
 43
0.0
 10
29.555597849645
 20
35.52070762243512
 10
28.96778025206866
 20
35.52070762243512
 10
28.96778025206866
 20
35.66766202182928
 10
29.555597849645
 20
35.66766202182928
  0
LWPOLYLINE
  5
10A
330
70
100
AcDbEntity
  8
guideline
 62
    18
420
        0
370
     0
100
AcDbPolyline
 90
        4
 70
     1
 43
0.0
 10
30.73123304479767
 20
35.52070762243512
 10
30.14341544722134
 20
35.52070762243512
 10
30.14341544722134
 20
35.66766202182928
 10
30.73123304479767
 20
35.66766202182928
  0
LWPOLYLINE
  5
10B
330
70
100
AcDbEntity
  8
guideline
 62
    18
420
        0
370
     0
100
AcDbPolyline
 90
        4
 70
     1
 43
0.0
 10
31.90686823995067
 20
35.52070762243512
 10
31.31905064237433
 20
35.52070762243512
 10
31.31905064237433
 20
35.66766202182928
 10
31.90686823995067
 20
35.66766202182928
  0
LWPOLYLINE
  5
10C
330
70
100
AcDbEntity
  8
guideline
 62
    18
420
        0
370
     0
100
AcDbPolyline
 90
        4
 70
     1
 43
0.0
 10
33.08250343510334
 20
35.52070762243512
 10
32.494685837527
 20
35.52070762243512
 10
32.494685837527
 20
35.66766202182928
 10
33.08250343510334
 20
35.66766202182928
  0
LWPOLYLINE
  5
10D
330
70
100
AcDbEntity
  8
guideline
 62
    18
420
        0
370
     0
100
AcDbPolyline
 90
        4
 70
     1
 43
0.0
 10
34.25813863025601
 20
35.52070762243512
 10
33.67032103267936
 20
35.52070762243512
 10
33.67032103267936
 20
35.66766202182928
 10
34.25813863025601
 20
35.66766202182928
  0
LWPOLYLINE
  5
10E
330
70
100
AcDbEntity
  8
guideline
 62
    18
420
        0
370
     0
100
AcDbPolyline
 90
        4
 70
     1
 43
0.0
 10
35.43377382540901
 20
35.52070762243512
 10
34.84595622783299
 20
35.52070762243512
 10
34.84595622783299
 20
35.66766202182928
 10
35.43377382540901
 20
35.66766202182928
  0
LWPOLYLINE
  5
10F
330
70
100
AcDbEntity
  8
guideline
 62
    18
420
        0
370
     0
100
AcDbPolyline
 90
        4
 70
     1
 43
0.0
 10
36.60940902056168
 20
35.52070762243512
 10
36.02159142298535
 20
35.52070762243512
 10
36.02159142298535
 20
35.66766202182928
 10
36.60940902056168
 20
35.66766202182928
  0
LWPOLYLINE
  5
110
330
70
100
AcDbEntity
  8
guideline
 62
    18
420
        0
370
     0
100
AcDbPolyline
 90
        4
 70
     1
 43
0.0
 10
37.78504421571436
 20
35.52070762243512
 10
37.19722661813802
 20
35.52070762243512
 10
37.19722661813802
 20
35.66766202182928
 10
37.78504421571436
 20
35.66766202182928
  0
LWPOLYLINE
  5
111
330
70
100
AcDbEntity
  8
guideline
 62
    18
420
        0
370
     0
100
AcDbPolyline
 90
        4
 70
     1
 43
0.0
 10
38.96067941086735
 20
35.52070762243512
 10
38.37286181329102
 20
35.52070762243512
 10
38.37286181329102
 20
35.66766202182928
 10
38.96067941086735
 20
35.66766202182928
  0
LWPOLYLINE
  5
112
330
70
100
AcDbEntity
  8
guideline
 62
    18
420
        0
370
     0
100
AcDbPolyline
 90
        4
 70
     1
 43
0.0
 10
40.13631460602034
 20
35.52070762243512
 10
39.54849700844369
 20
35.52070762243512
 10
39.54849700844369
 20
35.66766202182928
 10
40.13631460602034
 20
35.66766202182928
  0
LWPOLYLINE
  5
113
330
70
100
AcDbEntity
  8
guideline
 62
    18
420
        0
370
     0
100
AcDbPolyline
 90
        4
 70
     1
 43
0.0
 10
41.31194980117302
 20
35.52070762243512
 10
40.72413220359636
 20
35.52070762243512
 10
40.72413220359636
 20
35.66766202182928
 10
41.31194980117302
 20
35.66766202182928
  0
LWPOLYLINE
  5
114
330
70
100
AcDbEntity
  8
guideline
 62
    18
420
        0
370
     0
100
AcDbPolyline
 90
        4
 70
     1
 43
0.0
 10
42.48758499632569
 20
35.52070762243512
 10
41.89976739874935
 20
35.52070762243512
 10
41.89976739874935
 20
35.66766202182928
 10
42.48758499632569
 20
35.66766202182928
  0
LWPOLYLINE
  5
115
330
70
100
AcDbEntity
  8
guideline
 62
    18
420
        0
370
     0
100
AcDbPolyline
 90
        4
 70
     1
 43
0.0
 10
43.66322019147836
 20
35.52070762243512
 10
43.07540259390203
 20
35.52070762243512
 10
43.07540259390203
 20
35.66766202182928
 10
43.66322019147836
 20
35.66766202182928
  0
LWPOLYLINE
  5
116
330
70
100
AcDbEntity
  8
guideline
 62
    18
420
        0
370
     0
100
AcDbPolyline
 90
        4
 70
     1
 43
0.0
 10
44.83885538663136
 20
35.52070762243512
 10
44.2510377890547
 20
35.52070762243512
 10
44.2510377890547
 20
35.66766202182928
 10
44.83885538663136
 20
35.66766202182928
  0
LWPOLYLINE
  5
117
330
70
100
AcDbEntity
  8
guideline
 62
    18
420
        0
370
     0
100
AcDbPolyline
 90
        4
 70
     1
 43
0.0
 10
46.01449058178403
 20
35.52070762243512
 10
45.42667298420801
 20
35.52070762243512
 10
45.42667298420801
 20
35.66766202182928
 10
46.01449058178403
 20
35.66766202182928
  0
LWPOLYLINE
  5
118
330
70
100
AcDbEntity
  8
guideline
 62
    18
420
        0
370
     0
100
AcDbPolyline
 90
        4
 70
     1
 43
0.0
 10
47.1901257769367
 20
35.52070762243512
 10
46.60230817936069
 20
35.52070762243512
 10
46.60230817936069
 20
35.66766202182928
 10
47.1901257769367
 20
35.66766202182928
  0
LWPOLYLINE
  5
119
330
70
100
AcDbEntity
  8
guideline
 62
    18
420
        0
370
     0
100
AcDbPolyline
 90
        4
 70
     1
 43
0.0
 10
48.36576097209002
 20
35.52070762243512
 10
47.77794337451336
 20
35.52070762243512
 10
47.77794337451336
 20
35.66766202182928
 10
48.36576097209002
 20
35.66766202182928
  0
LWPOLYLINE
  5
11A
330
70
100
AcDbEntity
  8
guideline
 62
    18
420
        0
370
     0
100
AcDbPolyline
 90
        4
 70
     1
 43
0.0
 10
49.54139616724205
 20
35.52070762243512
 10
48.95357856966604
 20
35.52070762243512
 10
48.95357856966604
 20
35.66766202182928
 10
49.54139616724205
 20
35.66766202182928
  0
LWPOLYLINE
  5
11B
330
70
100
AcDbEntity
  8
guideline
 62
    18
420
        0
370
     0
100
AcDbPolyline
 90
        4
 70
     1
 43
0.0
 10
50.71703136239538
 20
35.52070762243512
 10
50.12921376481871
 20
35.52070762243512
 10
50.12921376481871
 20
35.66766202182928
 10
50.71703136239538
 20
35.66766202182928
  0
LWPOLYLINE
  5
11C
330
70
100
AcDbEntity
  8
guideline
 62
    18
420
        0
370
     0
100
AcDbPolyline
 90
        4
 70
     1
 43
0.0
 10
51.89266655754805
 20
35.52070762243512
 10
51.30484895997202
 20
35.52070762243512
 10
51.30484895997202
 20
35.66766202182928
 10
51.89266655754805
 20
35.66766202182928
  0
LWPOLYLINE
  5
11D
330
70
100
AcDbEntity
  8
guideline
 62
    18
420
        0
370
     0
100
AcDbPolyline
 90
        4
 70
     1
 43
0.0
 10
53.06830175270071
 20
35.52070762243512
 10
52.48048415512406
 20
35.52070762243512
 10
52.48048415512406
 20
35.66766202182928
 10
53.06830175270071
 20
35.66766202182928
  0
LWPOLYLINE
  5
11E
330
70
100
AcDbEntity
  8
guideline
 62
    18
420
        0
370
     0
100
AcDbPolyline
 90
        4
 70
     1
 43
0.0
 10
54.24393694785339
 20
35.52070762243512
 10
53.65611935027673
 20
35.52070762243512
 10
53.65611935027673
 20
35.66766202182928
 10
54.24393694785339
 20
35.66766202182928
  0
LWPOLYLINE
  5
11F
330
70
100
AcDbEntity
  8
guideline
 62
    18
420
        0
370
     0
100
AcDbPolyline
 90
        4
 70
     1
 43
0.0
 10
55.41957214300606
 20
35.52070762243512
 10
54.83175454543005
 20
35.52070762243512
 10
54.83175454543005
 20
35.66766202182928
 10
55.41957214300606
 20
35.66766202182928
  0
LWPOLYLINE
  5
120
330
70
100
AcDbEntity
  8
guideline
 62
    18
420
        0
370
     0
100
AcDbPolyline
 90
        4
 70
     1
 43
0.0
 10
56.59520733815938
 20
35.52070762243512
 10
56.00738974058272
 20
35.52070762243512
 10
56.00738974058272
 20
35.66766202182928
 10
56.59520733815938
 20
35.66766202182928
  0
LWPOLYLINE
  5
121
330
70
100
AcDbEntity
  8
guideline
 62
    18
420
        0
370
     0
100
AcDbPolyline
 90
        4
 70
     1
 43
0.0
 10
57.77084253331206
 20
35.52070762243512
 10
57.18302493573539
 20
35.52070762243512
 10
57.18302493573539
 20
35.66766202182928
 10
57.77084253331206
 20
35.66766202182928
  0
LWPOLYLINE
  5
122
330
70
100
AcDbEntity
  8
guideline
 62
    18
420
        0
370
     0
100
AcDbPolyline
 90
        4
 70
     1
 43
0.0
 10
58.94647772846473
 20
35.52070762243512
 10
58.35866013088807
 20
35.52070762243512
 10
58.35866013088807
 20
35.66766202182928
 10
58.94647772846473
 20
35.66766202182928
  0
LWPOLYLINE
  5
123
330
70
100
AcDbEntity
  8
guideline
 62
    18
420
        0
370
     0
100
AcDbPolyline
 90
        4
 70
     1
 43
0.0
 10
60.1221129236174
 20
35.52070762243512
 10
59.53429532604139
 20
35.52070762243512
 10
59.53429532604139
 20
35.66766202182928
 10
60.1221129236174
 20
35.66766202182928
  0
LWPOLYLINE
  5
124
330
70
100
AcDbEntity
  8
guideline
 62
    18
420
        0
370
     0
100
AcDbPolyline
 90
        4
 70
     1
 43
0.0
 10
61.29774811877007
 20
35.52070762243512
 10
60.70993052119342
 20
35.52070762243512
 10
60.70993052119342
 20
35.66766202182928
 10
61.29774811877007
 20
35.66766202182928
  0
LWPOLYLINE
  5
125
330
70
100
AcDbEntity
  8
guideline
 62
    18
420
        0
370
     0
100
AcDbPolyline
 90
        4
 70
     1
 43
0.0
 10
62.47338331392339
 20
35.52070762243512
 10
61.88556571634673
 20
35.52070762243512
 10
61.88556571634673
 20
35.66766202182928
 10
62.47338331392339
 20
35.66766202182928
  0
LWPOLYLINE
  5
126
330
70
100
AcDbEntity
  8
guideline
 62
    18
420
        0
370
     0
100
AcDbPolyline
 90
        4
 70
     1
 43
0.0
 10
63.64901850907543
 20
35.52070762243512
 10
63.0612009114994
 20
35.52070762243512
 10
63.0612009114994
 20
35.66766202182928
 10
63.64901850907543
 20
35.66766202182928
  0
SPLINE
  5
127
330
70
100
AcDbEntity
  8
guideline
100
AcDbSpline
210
0.0
220
0.0
230
1.0
 70
    11
 71
     3
 72
    17
 73
    13
 74
     0
 42
0.0000000001
 43
0.0000000001
 40
0.0
 40
0.0
 40
0.0
 40
0.0
 40
1.0
 40
1.0
 40
1.0
 40
2.0
 40
2.0
 40
2.0
 40
3.0
 40
3.0
 40
3.0
 40
4.0
 40
4.0
 40
4.0
 40
4.0
 10
63.64901850907607
 20
35.52070762243447
 30
0.0
 10
63.64901850907607
 20
35.52070762243447
 30
0.0
 10
63.0612009114994
 20
35.52070762243447
 30
0.0
 10
63.0612009114994
 20
35.52070762243447
 30
0.0
 10
63.0612009114994
 20
35.52070762243447
 30
0.0
 10
63.0612009114994
 20
35.6676620218296
 30
0.0
 10
63.0612009114994
 20
35.6676620218296
 30
0.0
 10
63.0612009114994
 20
35.6676620218296
 30
0.0
 10
63.64901850907607
 20
35.6676620218296
 30
0.0
 10
63.64901850907607
 20
35.6676620218296
 30
0.0
 10
63.64901850907607
 20
35.6676620218296
 30
0.0
 10
63.64901850907607
 20
35.52070762243447
 30
0.0
 10
63.64901850907607
 20
35.52070762243447
 30
0.0
  0
SPLINE
  5
128
330
70
100
AcDbEntity
  8
guideline
100
AcDbSpline
210
0.0
220
0.0
230
1.0
 70
    11
 71
     3
 72
    17
 73
    13
 74
     0
 42
0.0000000001
 43
0.0000000001
 40
0.0
 40
0.0
 40
0.0
 40
0.0
 40
1.0
 40
1.0
 40
1.0
 40
2.0
 40
2.0
 40
2.0
 40
3.0
 40
3.0
 40
3.0
 40
4.0
 40
4.0
 40
4.0
 40
4.0
 10
62.47338331392275
 20
35.52070762243447
 30
0.0
 10
62.47338331392275
 20
35.52070762243447
 30
0.0
 10
61.88556571634673
 20
35.52070762243447
 30
0.0
 10
61.88556571634673
 20
35.52070762243447
 30
0.0
 10
61.88556571634673
 20
35.52070762243447
 30
0.0
 10
61.88556571634673
 20
35.6676620218296
 30
0.0
 10
61.88556571634673
 20
35.6676620218296
 30
0.0
 10
61.88556571634673
 20
35.6676620218296
 30
0.0
 10
62.47338331392275
 20
35.6676620218296
 30
0.0
 10
62.47338331392275
 20
35.6676620218296
 30
0.0
 10
62.47338331392275
 20
35.6676620218296
 30
0.0
 10
62.47338331392275
 20
35.52070762243447
 30
0.0
 10
62.47338331392275
 20
35.52070762243447
 30
0.0
  0
SPLINE
  5
129
330
70
100
AcDbEntity
  8
guideline
100
AcDbSpline
210
0.0
220
0.0
230
1.0
 70
    11
 71
     3
 72
    17
 73
    13
 74
     0
 42
0.0000000001
 43
0.0000000001
 40
0.0
 40
0.0
 40
0.0
 40
0.0
 40
1.0
 40
1.0
 40
1.0
 40
2.0
 40
2.0
 40
2.0
 40
3.0
 40
3.0
 40
3.0
 40
4.0
 40
4.0
 40
4.0
 40
4.0
 10
61.29774811877007
 20
35.52070762243447
 30
0.0
 10
61.29774811877007
 20
35.52070762243447
 30
0.0
 10
60.70993052119342
 20
35.52070762243447
 30
0.0
 10
60.70993052119342
 20
35.52070762243447
 30
0.0
 10
60.70993052119342
 20
35.52070762243447
 30
0.0
 10
60.70993052119342
 20
35.6676620218296
 30
0.0
 10
60.70993052119342
 20
35.6676620218296
 30
0.0
 10
60.70993052119342
 20
35.6676620218296
 30
0.0
 10
61.29774811877007
 20
35.6676620218296
 30
0.0
 10
61.29774811877007
 20
35.6676620218296
 30
0.0
 10
61.29774811877007
 20
35.6676620218296
 30
0.0
 10
61.29774811877007
 20
35.52070762243447
 30
0.0
 10
61.29774811877007
 20
35.52070762243447
 30
0.0
  0
SPLINE
  5
12A
330
70
100
AcDbEntity
  8
guideline
100
AcDbSpline
210
0.0
220
0.0
230
1.0
 70
    11
 71
     3
 72
    17
 73
    13
 74
     0
 42
0.0000000001
 43
0.0000000001
 40
0.0
 40
0.0
 40
0.0
 40
0.0
 40
1.0
 40
1.0
 40
1.0
 40
2.0
 40
2.0
 40
2.0
 40
3.0
 40
3.0
 40
3.0
 40
4.0
 40
4.0
 40
4.0
 40
4.0
 10
60.1221129236174
 20
35.52070762243447
 30
0.0
 10
60.1221129236174
 20
35.52070762243447
 30
0.0
 10
59.53429532604075
 20
35.52070762243447
 30
0.0
 10
59.53429532604075
 20
35.52070762243447
 30
0.0
 10
59.53429532604075
 20
35.52070762243447
 30
0.0
 10
59.53429532604075
 20
35.6676620218296
 30
0.0
 10
59.53429532604075
 20
35.6676620218296
 30
0.0
 10
59.53429532604075
 20
35.6676620218296
 30
0.0
 10
60.1221129236174
 20
35.6676620218296
 30
0.0
 10
60.1221129236174
 20
35.6676620218296
 30
0.0
 10
60.1221129236174
 20
35.6676620218296
 30
0.0
 10
60.1221129236174
 20
35.52070762243447
 30
0.0
 10
60.1221129236174
 20
35.52070762243447
 30
0.0
  0
SPLINE
  5
12B
330
70
100
AcDbEntity
  8
guideline
100
AcDbSpline
210
0.0
220
0.0
230
1.0
 70
    11
 71
     3
 72
    17
 73
    13
 74
     0
 42
0.0000000001
 43
0.0000000001
 40
0.0
 40
0.0
 40
0.0
 40
0.0
 40
1.0
 40
1.0
 40
1.0
 40
2.0
 40
2.0
 40
2.0
 40
3.0
 40
3.0
 40
3.0
 40
4.0
 40
4.0
 40
4.0
 40
4.0
 10
58.94647772846473
 20
35.52070762243447
 30
0.0
 10
58.94647772846473
 20
35.52070762243447
 30
0.0
 10
58.35866013088807
 20
35.52070762243447
 30
0.0
 10
58.35866013088807
 20
35.52070762243447
 30
0.0
 10
58.35866013088807
 20
35.52070762243447
 30
0.0
 10
58.35866013088807
 20
35.6676620218296
 30
0.0
 10
58.35866013088807
 20
35.6676620218296
 30
0.0
 10
58.35866013088807
 20
35.6676620218296
 30
0.0
 10
58.94647772846473
 20
35.6676620218296
 30
0.0
 10
58.94647772846473
 20
35.6676620218296
 30
0.0
 10
58.94647772846473
 20
35.6676620218296
 30
0.0
 10
58.94647772846473
 20
35.52070762243447
 30
0.0
 10
58.94647772846473
 20
35.52070762243447
 30
0.0
  0
SPLINE
  5
12C
330
70
100
AcDbEntity
  8
guideline
100
AcDbSpline
210
0.0
220
0.0
230
1.0
 70
    11
 71
     3
 72
    17
 73
    13
 74
     0
 42
0.0000000001
 43
0.0000000001
 40
0.0
 40
0.0
 40
0.0
 40
0.0
 40
1.0
 40
1.0
 40
1.0
 40
2.0
 40
2.0
 40
2.0
 40
3.0
 40
3.0
 40
3.0
 40
4.0
 40
4.0
 40
4.0
 40
4.0
 10
57.77084253331206
 20
35.52070762243447
 30
0.0
 10
57.77084253331206
 20
35.52070762243447
 30
0.0
 10
57.18302493573539
 20
35.52070762243447
 30
0.0
 10
57.18302493573539
 20
35.52070762243447
 30
0.0
 10
57.18302493573539
 20
35.52070762243447
 30
0.0
 10
57.18302493573539
 20
35.6676620218296
 30
0.0
 10
57.18302493573539
 20
35.6676620218296
 30
0.0
 10
57.18302493573539
 20
35.6676620218296
 30
0.0
 10
57.77084253331206
 20
35.6676620218296
 30
0.0
 10
57.77084253331206
 20
35.6676620218296
 30
0.0
 10
57.77084253331206
 20
35.6676620218296
 30
0.0
 10
57.77084253331206
 20
35.52070762243447
 30
0.0
 10
57.77084253331206
 20
35.52070762243447
 30
0.0
  0
SPLINE
  5
12D
330
70
100
AcDbEntity
  8
guideline
100
AcDbSpline
210
0.0
220
0.0
230
1.0
 70
    11
 71
     3
 72
    17
 73
    13
 74
     0
 42
0.0000000001
 43
0.0000000001
 40
0.0
 40
0.0
 40
0.0
 40
0.0
 40
1.0
 40
1.0
 40
1.0
 40
2.0
 40
2.0
 40
2.0
 40
3.0
 40
3.0
 40
3.0
 40
4.0
 40
4.0
 40
4.0
 40
4.0
 10
56.59520733815874
 20
35.52070762243447
 30
0.0
 10
56.59520733815874
 20
35.52070762243447
 30
0.0
 10
56.00738974058272
 20
35.52070762243447
 30
0.0
 10
56.00738974058272
 20
35.52070762243447
 30
0.0
 10
56.00738974058272
 20
35.52070762243447
 30
0.0
 10
56.00738974058272
 20
35.6676620218296
 30
0.0
 10
56.00738974058272
 20
35.6676620218296
 30
0.0
 10
56.00738974058272
 20
35.6676620218296
 30
0.0
 10
56.59520733815874
 20
35.6676620218296
 30
0.0
 10
56.59520733815874
 20
35.6676620218296
 30
0.0
 10
56.59520733815874
 20
35.6676620218296
 30
0.0
 10
56.59520733815874
 20
35.52070762243447
 30
0.0
 10
56.59520733815874
 20
35.52070762243447
 30
0.0
  0
SPLINE
  5
12E
330
70
100
AcDbEntity
  8
guideline
100
AcDbSpline
210
0.0
220
0.0
230
1.0
 70
    11
 71
     3
 72
    17
 73
    13
 74
     0
 42
0.0000000001
 43
0.0000000001
 40
0.0
 40
0.0
 40
0.0
 40
0.0
 40
1.0
 40
1.0
 40
1.0
 40
2.0
 40
2.0
 40
2.0
 40
3.0
 40
3.0
 40
3.0
 40
4.0
 40
4.0
 40
4.0
 40
4.0
 10
55.41957214300606
 20
35.52070762243447
 30
0.0
 10
55.41957214300606
 20
35.52070762243447
 30
0.0
 10
54.83175454543005
 20
35.52070762243447
 30
0.0
 10
54.83175454543005
 20
35.52070762243447
 30
0.0
 10
54.83175454543005
 20
35.52070762243447
 30
0.0
 10
54.83175454543005
 20
35.6676620218296
 30
0.0
 10
54.83175454543005
 20
35.6676620218296
 30
0.0
 10
54.83175454543005
 20
35.6676620218296
 30
0.0
 10
55.41957214300606
 20
35.6676620218296
 30
0.0
 10
55.41957214300606
 20
35.6676620218296
 30
0.0
 10
55.41957214300606
 20
35.6676620218296
 30
0.0
 10
55.41957214300606
 20
35.52070762243447
 30
0.0
 10
55.41957214300606
 20
35.52070762243447
 30
0.0
  0
SPLINE
  5
12F
330
70
100
AcDbEntity
  8
guideline
100
AcDbSpline
210
0.0
220
0.0
230
1.0
 70
    11
 71
     3
 72
    17
 73
    13
 74
     0
 42
0.0000000001
 43
0.0000000001
 40
0.0
 40
0.0
 40
0.0
 40
0.0
 40
1.0
 40
1.0
 40
1.0
 40
2.0
 40
2.0
 40
2.0
 40
3.0
 40
3.0
 40
3.0
 40
4.0
 40
4.0
 40
4.0
 40
4.0
 10
54.24393694785339
 20
35.52070762243447
 30
0.0
 10
54.24393694785339
 20
35.52070762243447
 30
0.0
 10
53.65611935027673
 20
35.52070762243447
 30
0.0
 10
53.65611935027673
 20
35.52070762243447
 30
0.0
 10
53.65611935027673
 20
35.52070762243447
 30
0.0
 10
53.65611935027673
 20
35.6676620218296
 30
0.0
 10
53.65611935027673
 20
35.6676620218296
 30
0.0
 10
53.65611935027673
 20
35.6676620218296
 30
0.0
 10
54.24393694785339
 20
35.6676620218296
 30
0.0
 10
54.24393694785339
 20
35.6676620218296
 30
0.0
 10
54.24393694785339
 20
35.6676620218296
 30
0.0
 10
54.24393694785339
 20
35.52070762243447
 30
0.0
 10
54.24393694785339
 20
35.52070762243447
 30
0.0
  0
SPLINE
  5
130
330
70
100
AcDbEntity
  8
guideline
100
AcDbSpline
210
0.0
220
0.0
230
1.0
 70
    11
 71
     3
 72
    17
 73
    13
 74
     0
 42
0.0000000001
 43
0.0000000001
 40
0.0
 40
0.0
 40
0.0
 40
0.0
 40
1.0
 40
1.0
 40
1.0
 40
2.0
 40
2.0
 40
2.0
 40
3.0
 40
3.0
 40
3.0
 40
4.0
 40
4.0
 40
4.0
 40
4.0
 10
53.06830175270071
 20
35.52070762243447
 30
0.0
 10
53.06830175270071
 20
35.52070762243447
 30
0.0
 10
52.48048415512406
 20
35.52070762243447
 30
0.0
 10
52.48048415512406
 20
35.52070762243447
 30
0.0
 10
52.48048415512406
 20
35.52070762243447
 30
0.0
 10
52.48048415512406
 20
35.6676620218296
 30
0.0
 10
52.48048415512406
 20
35.6676620218296
 30
0.0
 10
52.48048415512406
 20
35.6676620218296
 30
0.0
 10
53.06830175270071
 20
35.6676620218296
 30
0.0
 10
53.06830175270071
 20
35.6676620218296
 30
0.0
 10
53.06830175270071
 20
35.6676620218296
 30
0.0
 10
53.06830175270071
 20
35.52070762243447
 30
0.0
 10
53.06830175270071
 20
35.52070762243447
 30
0.0
  0
SPLINE
  5
131
330
70
100
AcDbEntity
  8
guideline
100
AcDbSpline
210
0.0
220
0.0
230
1.0
 70
    11
 71
     3
 72
    17
 73
    13
 74
     0
 42
0.0000000001
 43
0.0000000001
 40
0.0
 40
0.0
 40
0.0
 40
0.0
 40
1.0
 40
1.0
 40
1.0
 40
2.0
 40
2.0
 40
2.0
 40
3.0
 40
3.0
 40
3.0
 40
4.0
 40
4.0
 40
4.0
 40
4.0
 10
51.89266655754805
 20
35.52070762243447
 30
0.0
 10
51.89266655754805
 20
35.52070762243447
 30
0.0
 10
51.30484895997138
 20
35.52070762243447
 30
0.0
 10
51.30484895997138
 20
35.52070762243447
 30
0.0
 10
51.30484895997138
 20
35.52070762243447
 30
0.0
 10
51.30484895997138
 20
35.6676620218296
 30
0.0
 10
51.30484895997138
 20
35.6676620218296
 30
0.0
 10
51.30484895997138
 20
35.6676620218296
 30
0.0
 10
51.89266655754805
 20
35.6676620218296
 30
0.0
 10
51.89266655754805
 20
35.6676620218296
 30
0.0
 10
51.89266655754805
 20
35.6676620218296
 30
0.0
 10
51.89266655754805
 20
35.52070762243447
 30
0.0
 10
51.89266655754805
 20
35.52070762243447
 30
0.0
  0
SPLINE
  5
132
330
70
100
AcDbEntity
  8
guideline
100
AcDbSpline
210
0.0
220
0.0
230
1.0
 70
    11
 71
     3
 72
    17
 73
    13
 74
     0
 42
0.0000000001
 43
0.0000000001
 40
0.0
 40
0.0
 40
0.0
 40
0.0
 40
1.0
 40
1.0
 40
1.0
 40
2.0
 40
2.0
 40
2.0
 40
3.0
 40
3.0
 40
3.0
 40
4.0
 40
4.0
 40
4.0
 40
4.0
 10
50.71703136239473
 20
35.52070762243447
 30
0.0
 10
50.71703136239473
 20
35.52070762243447
 30
0.0
 10
50.12921376481871
 20
35.52070762243447
 30
0.0
 10
50.12921376481871
 20
35.52070762243447
 30
0.0
 10
50.12921376481871
 20
35.52070762243447
 30
0.0
 10
50.12921376481871
 20
35.6676620218296
 30
0.0
 10
50.12921376481871
 20
35.6676620218296
 30
0.0
 10
50.12921376481871
 20
35.6676620218296
 30
0.0
 10
50.71703136239473
 20
35.6676620218296
 30
0.0
 10
50.71703136239473
 20
35.6676620218296
 30
0.0
 10
50.71703136239473
 20
35.6676620218296
 30
0.0
 10
50.71703136239473
 20
35.52070762243447
 30
0.0
 10
50.71703136239473
 20
35.52070762243447
 30
0.0
  0
SPLINE
  5
133
330
70
100
AcDbEntity
  8
guideline
100
AcDbSpline
210
0.0
220
0.0
230
1.0
 70
    11
 71
     3
 72
    17
 73
    13
 74
     0
 42
0.0000000001
 43
0.0000000001
 40
0.0
 40
0.0
 40
0.0
 40
0.0
 40
1.0
 40
1.0
 40
1.0
 40
2.0
 40
2.0
 40
2.0
 40
3.0
 40
3.0
 40
3.0
 40
4.0
 40
4.0
 40
4.0
 40
4.0
 10
49.54139616724205
 20
35.52070762243447
 30
0.0
 10
49.54139616724205
 20
35.52070762243447
 30
0.0
 10
48.95357856966604
 20
35.52070762243447
 30
0.0
 10
48.95357856966604
 20
35.52070762243447
 30
0.0
 10
48.95357856966604
 20
35.52070762243447
 30
0.0
 10
48.95357856966604
 20
35.6676620218296
 30
0.0
 10
48.95357856966604
 20
35.6676620218296
 30
0.0
 10
48.95357856966604
 20
35.6676620218296
 30
0.0
 10
49.54139616724205
 20
35.6676620218296
 30
0.0
 10
49.54139616724205
 20
35.6676620218296
 30
0.0
 10
49.54139616724205
 20
35.6676620218296
 30
0.0
 10
49.54139616724205
 20
35.52070762243447
 30
0.0
 10
49.54139616724205
 20
35.52070762243447
 30
0.0
  0
SPLINE
  5
134
330
70
100
AcDbEntity
  8
guideline
100
AcDbSpline
210
0.0
220
0.0
230
1.0
 70
    11
 71
     3
 72
    17
 73
    13
 74
     0
 42
0.0000000001
 43
0.0000000001
 40
0.0
 40
0.0
 40
0.0
 40
0.0
 40
1.0
 40
1.0
 40
1.0
 40
2.0
 40
2.0
 40
2.0
 40
3.0
 40
3.0
 40
3.0
 40
4.0
 40
4.0
 40
4.0
 40
4.0
 10
48.36576097208938
 20
35.52070762243447
 30
0.0
 10
48.36576097208938
 20
35.52070762243447
 30
0.0
 10
47.77794337451272
 20
35.52070762243447
 30
0.0
 10
47.77794337451272
 20
35.52070762243447
 30
0.0
 10
47.77794337451272
 20
35.52070762243447
 30
0.0
 10
47.77794337451272
 20
35.6676620218296
 30
0.0
 10
47.77794337451272
 20
35.6676620218296
 30
0.0
 10
47.77794337451272
 20
35.6676620218296
 30
0.0
 10
48.36576097208938
 20
35.6676620218296
 30
0.0
 10
48.36576097208938
 20
35.6676620218296
 30
0.0
 10
48.36576097208938
 20
35.6676620218296
 30
0.0
 10
48.36576097208938
 20
35.52070762243447
 30
0.0
 10
48.36576097208938
 20
35.52070762243447
 30
0.0
  0
SPLINE
  5
135
330
70
100
AcDbEntity
  8
guideline
100
AcDbSpline
210
0.0
220
0.0
230
1.0
 70
    11
 71
     3
 72
    17
 73
    13
 74
     0
 42
0.0000000001
 43
0.0000000001
 40
0.0
 40
0.0
 40
0.0
 40
0.0
 40
1.0
 40
1.0
 40
1.0
 40
2.0
 40
2.0
 40
2.0
 40
3.0
 40
3.0
 40
3.0
 40
4.0
 40
4.0
 40
4.0
 40
4.0
 10
47.1901257769367
 20
35.52070762243447
 30
0.0
 10
47.1901257769367
 20
35.52070762243447
 30
0.0
 10
46.60230817936005
 20
35.52070762243447
 30
0.0
 10
46.60230817936005
 20
35.52070762243447
 30
0.0
 10
46.60230817936005
 20
35.52070762243447
 30
0.0
 10
46.60230817936005
 20
35.6676620218296
 30
0.0
 10
46.60230817936005
 20
35.6676620218296
 30
0.0
 10
46.60230817936005
 20
35.6676620218296
 30
0.0
 10
47.1901257769367
 20
35.6676620218296
 30
0.0
 10
47.1901257769367
 20
35.6676620218296
 30
0.0
 10
47.1901257769367
 20
35.6676620218296
 30
0.0
 10
47.1901257769367
 20
35.52070762243447
 30
0.0
 10
47.1901257769367
 20
35.52070762243447
 30
0.0
  0
SPLINE
  5
136
330
70
100
AcDbEntity
  8
guideline
100
AcDbSpline
210
0.0
220
0.0
230
1.0
 70
    11
 71
     3
 72
    17
 73
    13
 74
     0
 42
0.0000000001
 43
0.0000000001
 40
0.0
 40
0.0
 40
0.0
 40
0.0
 40
1.0
 40
1.0
 40
1.0
 40
2.0
 40
2.0
 40
2.0
 40
3.0
 40
3.0
 40
3.0
 40
4.0
 40
4.0
 40
4.0
 40
4.0
 10
46.01449058178403
 20
35.52070762243447
 30
0.0
 10
46.01449058178403
 20
35.52070762243447
 30
0.0
 10
45.42667298420737
 20
35.52070762243447
 30
0.0
 10
45.42667298420737
 20
35.52070762243447
 30
0.0
 10
45.42667298420737
 20
35.52070762243447
 30
0.0
 10
45.42667298420737
 20
35.6676620218296
 30
0.0
 10
45.42667298420737
 20
35.6676620218296
 30
0.0
 10
45.42667298420737
 20
35.6676620218296
 30
0.0
 10
46.01449058178403
 20
35.6676620218296
 30
0.0
 10
46.01449058178403
 20
35.6676620218296
 30
0.0
 10
46.01449058178403
 20
35.6676620218296
 30
0.0
 10
46.01449058178403
 20
35.52070762243447
 30
0.0
 10
46.01449058178403
 20
35.52070762243447
 30
0.0
  0
SPLINE
  5
137
330
70
100
AcDbEntity
  8
guideline
100
AcDbSpline
210
0.0
220
0.0
230
1.0
 70
    11
 71
     3
 72
    17
 73
    13
 74
     0
 42
0.0000000001
 43
0.0000000001
 40
0.0
 40
0.0
 40
0.0
 40
0.0
 40
1.0
 40
1.0
 40
1.0
 40
2.0
 40
2.0
 40
2.0
 40
3.0
 40
3.0
 40
3.0
 40
4.0
 40
4.0
 40
4.0
 40
4.0
 10
44.83885538663169
 20
35.52070762243447
 30
0.0
 10
44.83885538663169
 20
35.52070762243447
 30
0.0
 10
44.25103778905502
 20
35.52070762243447
 30
0.0
 10
44.25103778905502
 20
35.52070762243447
 30
0.0
 10
44.25103778905502
 20
35.52070762243447
 30
0.0
 10
44.25103778905502
 20
35.6676620218296
 30
0.0
 10
44.25103778905502
 20
35.6676620218296
 30
0.0
 10
44.25103778905502
 20
35.6676620218296
 30
0.0
 10
44.83885538663169
 20
35.6676620218296
 30
0.0
 10
44.83885538663169
 20
35.6676620218296
 30
0.0
 10
44.83885538663169
 20
35.6676620218296
 30
0.0
 10
44.83885538663169
 20
35.52070762243447
 30
0.0
 10
44.83885538663169
 20
35.52070762243447
 30
0.0
  0
SPLINE
  5
138
330
70
100
AcDbEntity
  8
guideline
100
AcDbSpline
210
0.0
220
0.0
230
1.0
 70
    11
 71
     3
 72
    17
 73
    13
 74
     0
 42
0.0000000001
 43
0.0000000001
 40
0.0
 40
0.0
 40
0.0
 40
0.0
 40
1.0
 40
1.0
 40
1.0
 40
2.0
 40
2.0
 40
2.0
 40
3.0
 40
3.0
 40
3.0
 40
4.0
 40
4.0
 40
4.0
 40
4.0
 10
43.66322019147804
 20
35.52070762243447
 30
0.0
 10
43.66322019147804
 20
35.52070762243447
 30
0.0
 10
43.07540259390235
 20
35.52070762243447
 30
0.0
 10
43.07540259390235
 20
35.52070762243447
 30
0.0
 10
43.07540259390235
 20
35.52070762243447
 30
0.0
 10
43.07540259390235
 20
35.6676620218296
 30
0.0
 10
43.07540259390235
 20
35.6676620218296
 30
0.0
 10
43.07540259390235
 20
35.6676620218296
 30
0.0
 10
43.66322019147804
 20
35.6676620218296
 30
0.0
 10
43.66322019147804
 20
35.6676620218296
 30
0.0
 10
43.66322019147804
 20
35.6676620218296
 30
0.0
 10
43.66322019147804
 20
35.52070762243447
 30
0.0
 10
43.66322019147804
 20
35.52070762243447
 30
0.0
  0
SPLINE
  5
139
330
70
100
AcDbEntity
  8
guideline
100
AcDbSpline
210
0.0
220
0.0
230
1.0
 70
    11
 71
     3
 72
    17
 73
    13
 74
     0
 42
0.0000000001
 43
0.0000000001
 40
0.0
 40
0.0
 40
0.0
 40
0.0
 40
1.0
 40
1.0
 40
1.0
 40
2.0
 40
2.0
 40
2.0
 40
3.0
 40
3.0
 40
3.0
 40
4.0
 40
4.0
 40
4.0
 40
4.0
 10
42.48758499632569
 20
35.52070762243447
 30
0.0
 10
42.48758499632569
 20
35.52070762243447
 30
0.0
 10
41.89976739874967
 20
35.52070762243447
 30
0.0
 10
41.89976739874967
 20
35.52070762243447
 30
0.0
 10
41.89976739874967
 20
35.52070762243447
 30
0.0
 10
41.89976739874967
 20
35.6676620218296
 30
0.0
 10
41.89976739874967
 20
35.6676620218296
 30
0.0
 10
41.89976739874967
 20
35.6676620218296
 30
0.0
 10
42.48758499632569
 20
35.6676620218296
 30
0.0
 10
42.48758499632569
 20
35.6676620218296
 30
0.0
 10
42.48758499632569
 20
35.6676620218296
 30
0.0
 10
42.48758499632569
 20
35.52070762243447
 30
0.0
 10
42.48758499632569
 20
35.52070762243447
 30
0.0
  0
SPLINE
  5
13A
330
70
100
AcDbEntity
  8
guideline
100
AcDbSpline
210
0.0
220
0.0
230
1.0
 70
    11
 71
     3
 72
    17
 73
    13
 74
     0
 42
0.0000000001
 43
0.0000000001
 40
0.0
 40
0.0
 40
0.0
 40
0.0
 40
1.0
 40
1.0
 40
1.0
 40
2.0
 40
2.0
 40
2.0
 40
3.0
 40
3.0
 40
3.0
 40
4.0
 40
4.0
 40
4.0
 40
4.0
 10
41.31194980117302
 20
35.52070762243447
 30
0.0
 10
41.31194980117302
 20
35.52070762243447
 30
0.0
 10
40.72413220359636
 20
35.52070762243447
 30
0.0
 10
40.72413220359636
 20
35.52070762243447
 30
0.0
 10
40.72413220359636
 20
35.52070762243447
 30
0.0
 10
40.72413220359636
 20
35.6676620218296
 30
0.0
 10
40.72413220359636
 20
35.6676620218296
 30
0.0
 10
40.72413220359636
 20
35.6676620218296
 30
0.0
 10
41.31194980117302
 20
35.6676620218296
 30
0.0
 10
41.31194980117302
 20
35.6676620218296
 30
0.0
 10
41.31194980117302
 20
35.6676620218296
 30
0.0
 10
41.31194980117302
 20
35.52070762243447
 30
0.0
 10
41.31194980117302
 20
35.52070762243447
 30
0.0
  0
SPLINE
  5
13B
330
70
100
AcDbEntity
  8
guideline
100
AcDbSpline
210
0.0
220
0.0
230
1.0
 70
    11
 71
     3
 72
    17
 73
    13
 74
     0
 42
0.0000000001
 43
0.0000000001
 40
0.0
 40
0.0
 40
0.0
 40
0.0
 40
1.0
 40
1.0
 40
1.0
 40
2.0
 40
2.0
 40
2.0
 40
3.0
 40
3.0
 40
3.0
 40
4.0
 40
4.0
 40
4.0
 40
4.0
 10
40.13631460602034
 20
35.52070762243447
 30
0.0
 10
40.13631460602034
 20
35.52070762243447
 30
0.0
 10
39.54849700844369
 20
35.52070762243447
 30
0.0
 10
39.54849700844369
 20
35.52070762243447
 30
0.0
 10
39.54849700844369
 20
35.52070762243447
 30
0.0
 10
39.54849700844369
 20
35.6676620218296
 30
0.0
 10
39.54849700844369
 20
35.6676620218296
 30
0.0
 10
39.54849700844369
 20
35.6676620218296
 30
0.0
 10
40.13631460602034
 20
35.6676620218296
 30
0.0
 10
40.13631460602034
 20
35.6676620218296
 30
0.0
 10
40.13631460602034
 20
35.6676620218296
 30
0.0
 10
40.13631460602034
 20
35.52070762243447
 30
0.0
 10
40.13631460602034
 20
35.52070762243447
 30
0.0
  0
SPLINE
  5
13C
330
70
100
AcDbEntity
  8
guideline
100
AcDbSpline
210
0.0
220
0.0
230
1.0
 70
    11
 71
     3
 72
    17
 73
    13
 74
     0
 42
0.0000000001
 43
0.0000000001
 40
0.0
 40
0.0
 40
0.0
 40
0.0
 40
1.0
 40
1.0
 40
1.0
 40
2.0
 40
2.0
 40
2.0
 40
3.0
 40
3.0
 40
3.0
 40
4.0
 40
4.0
 40
4.0
 40
4.0
 10
38.96067941086767
 20
35.52070762243447
 30
0.0
 10
38.96067941086767
 20
35.52070762243447
 30
0.0
 10
38.37286181329102
 20
35.52070762243447
 30
0.0
 10
38.37286181329102
 20
35.52070762243447
 30
0.0
 10
38.37286181329102
 20
35.52070762243447
 30
0.0
 10
38.37286181329102
 20
35.6676620218296
 30
0.0
 10
38.37286181329102
 20
35.6676620218296
 30
0.0
 10
38.37286181329102
 20
35.6676620218296
 30
0.0
 10
38.96067941086767
 20
35.6676620218296
 30
0.0
 10
38.96067941086767
 20
35.6676620218296
 30
0.0
 10
38.96067941086767
 20
35.6676620218296
 30
0.0
 10
38.96067941086767
 20
35.52070762243447
 30
0.0
 10
38.96067941086767
 20
35.52070762243447
 30
0.0
  0
SPLINE
  5
13D
330
70
100
AcDbEntity
  8
guideline
100
AcDbSpline
210
0.0
220
0.0
230
1.0
 70
    11
 71
     3
 72
    17
 73
    13
 74
     0
 42
0.0000000001
 43
0.0000000001
 40
0.0
 40
0.0
 40
0.0
 40
0.0
 40
1.0
 40
1.0
 40
1.0
 40
2.0
 40
2.0
 40
2.0
 40
3.0
 40
3.0
 40
3.0
 40
4.0
 40
4.0
 40
4.0
 40
4.0
 10
37.78504421571436
 20
35.52070762243447
 30
0.0
 10
37.78504421571436
 20
35.52070762243447
 30
0.0
 10
37.19722661813834
 20
35.52070762243447
 30
0.0
 10
37.19722661813834
 20
35.52070762243447
 30
0.0
 10
37.19722661813834
 20
35.52070762243447
 30
0.0
 10
37.19722661813834
 20
35.6676620218296
 30
0.0
 10
37.19722661813834
 20
35.6676620218296
 30
0.0
 10
37.19722661813834
 20
35.6676620218296
 30
0.0
 10
37.78504421571436
 20
35.6676620218296
 30
0.0
 10
37.78504421571436
 20
35.6676620218296
 30
0.0
 10
37.78504421571436
 20
35.6676620218296
 30
0.0
 10
37.78504421571436
 20
35.52070762243447
 30
0.0
 10
37.78504421571436
 20
35.52070762243447
 30
0.0
  0
SPLINE
  5
13E
330
70
100
AcDbEntity
  8
guideline
100
AcDbSpline
210
0.0
220
0.0
230
1.0
 70
    11
 71
     3
 72
    17
 73
    13
 74
     0
 42
0.0000000001
 43
0.0000000001
 40
0.0
 40
0.0
 40
0.0
 40
0.0
 40
1.0
 40
1.0
 40
1.0
 40
2.0
 40
2.0
 40
2.0
 40
3.0
 40
3.0
 40
3.0
 40
4.0
 40
4.0
 40
4.0
 40
4.0
 10
36.60940902056168
 20
35.52070762243447
 30
0.0
 10
36.60940902056168
 20
35.52070762243447
 30
0.0
 10
36.02159142298567
 20
35.52070762243447
 30
0.0
 10
36.02159142298567
 20
35.52070762243447
 30
0.0
 10
36.02159142298567
 20
35.52070762243447
 30
0.0
 10
36.02159142298567
 20
35.6676620218296
 30
0.0
 10
36.02159142298567
 20
35.6676620218296
 30
0.0
 10
36.02159142298567
 20
35.6676620218296
 30
0.0
 10
36.60940902056168
 20
35.6676620218296
 30
0.0
 10
36.60940902056168
 20
35.6676620218296
 30
0.0
 10
36.60940902056168
 20
35.6676620218296
 30
0.0
 10
36.60940902056168
 20
35.52070762243447
 30
0.0
 10
36.60940902056168
 20
35.52070762243447
 30
0.0
  0
SPLINE
  5
13F
330
70
100
AcDbEntity
  8
guideline
100
AcDbSpline
210
0.0
220
0.0
230
1.0
 70
    11
 71
     3
 72
    17
 73
    13
 74
     0
 42
0.0000000001
 43
0.0000000001
 40
0.0
 40
0.0
 40
0.0
 40
0.0
 40
1.0
 40
1.0
 40
1.0
 40
2.0
 40
2.0
 40
2.0
 40
3.0
 40
3.0
 40
3.0
 40
4.0
 40
4.0
 40
4.0
 40
4.0
 10
35.43377382540901
 20
35.52070762243447
 30
0.0
 10
35.43377382540901
 20
35.52070762243447
 30
0.0
 10
34.84595622783331
 20
35.52070762243447
 30
0.0
 10
34.84595622783331
 20
35.52070762243447
 30
0.0
 10
34.84595622783331
 20
35.52070762243447
 30
0.0
 10
34.84595622783331
 20
35.6676620218296
 30
0.0
 10
34.84595622783331
 20
35.6676620218296
 30
0.0
 10
34.84595622783331
 20
35.6676620218296
 30
0.0
 10
35.43377382540901
 20
35.6676620218296
 30
0.0
 10
35.43377382540901
 20
35.6676620218296
 30
0.0
 10
35.43377382540901
 20
35.6676620218296
 30
0.0
 10
35.43377382540901
 20
35.52070762243447
 30
0.0
 10
35.43377382540901
 20
35.52070762243447
 30
0.0
  0
SPLINE
  5
140
330
70
100
AcDbEntity
  8
guideline
100
AcDbSpline
210
0.0
220
0.0
230
1.0
 70
    11
 71
     3
 72
    17
 73
    13
 74
     0
 42
0.0000000001
 43
0.0000000001
 40
0.0
 40
0.0
 40
0.0
 40
0.0
 40
1.0
 40
1.0
 40
1.0
 40
2.0
 40
2.0
 40
2.0
 40
3.0
 40
3.0
 40
3.0
 40
4.0
 40
4.0
 40
4.0
 40
4.0
 10
34.25813863025633
 20
35.52070762243447
 30
0.0
 10
34.25813863025633
 20
35.52070762243447
 30
0.0
 10
33.67032103267968
 20
35.52070762243447
 30
0.0
 10
33.67032103267968
 20
35.52070762243447
 30
0.0
 10
33.67032103267968
 20
35.52070762243447
 30
0.0
 10
33.67032103267968
 20
35.6676620218296
 30
0.0
 10
33.67032103267968
 20
35.6676620218296
 30
0.0
 10
33.67032103267968
 20
35.6676620218296
 30
0.0
 10
34.25813863025633
 20
35.6676620218296
 30
0.0
 10
34.25813863025633
 20
35.6676620218296
 30
0.0
 10
34.25813863025633
 20
35.6676620218296
 30
0.0
 10
34.25813863025633
 20
35.52070762243447
 30
0.0
 10
34.25813863025633
 20
35.52070762243447
 30
0.0
  0
SPLINE
  5
141
330
70
100
AcDbEntity
  8
guideline
100
AcDbSpline
210
0.0
220
0.0
230
1.0
 70
    11
 71
     3
 72
    17
 73
    13
 74
     0
 42
0.0000000001
 43
0.0000000001
 40
0.0
 40
0.0
 40
0.0
 40
0.0
 40
1.0
 40
1.0
 40
1.0
 40
2.0
 40
2.0
 40
2.0
 40
3.0
 40
3.0
 40
3.0
 40
4.0
 40
4.0
 40
4.0
 40
4.0
 10
33.08250343510302
 20
35.52070762243447
 30
0.0
 10
33.08250343510302
 20
35.52070762243447
 30
0.0
 10
32.494685837527
 20
35.52070762243447
 30
0.0
 10
32.494685837527
 20
35.52070762243447
 30
0.0
 10
32.494685837527
 20
35.52070762243447
 30
0.0
 10
32.494685837527
 20
35.6676620218296
 30
0.0
 10
32.494685837527
 20
35.6676620218296
 30
0.0
 10
32.494685837527
 20
35.6676620218296
 30
0.0
 10
33.08250343510302
 20
35.6676620218296
 30
0.0
 10
33.08250343510302
 20
35.6676620218296
 30
0.0
 10
33.08250343510302
 20
35.6676620218296
 30
0.0
 10
33.08250343510302
 20
35.52070762243447
 30
0.0
 10
33.08250343510302
 20
35.52070762243447
 30
0.0
  0
SPLINE
  5
142
330
70
100
AcDbEntity
  8
guideline
100
AcDbSpline
210
0.0
220
0.0
230
1.0
 70
    11
 71
     3
 72
    17
 73
    13
 74
     0
 42
0.0000000001
 43
0.0000000001
 40
0.0
 40
0.0
 40
0.0
 40
0.0
 40
1.0
 40
1.0
 40
1.0
 40
2.0
 40
2.0
 40
2.0
 40
3.0
 40
3.0
 40
3.0
 40
4.0
 40
4.0
 40
4.0
 40
4.0
 10
31.90686823995035
 20
35.52070762243447
 30
0.0
 10
31.90686823995035
 20
35.52070762243447
 30
0.0
 10
31.31905064237433
 20
35.52070762243447
 30
0.0
 10
31.31905064237433
 20
35.52070762243447
 30
0.0
 10
31.31905064237433
 20
35.52070762243447
 30
0.0
 10
31.31905064237433
 20
35.6676620218296
 30
0.0
 10
31.31905064237433
 20
35.6676620218296
 30
0.0
 10
31.31905064237433
 20
35.6676620218296
 30
0.0
 10
31.90686823995035
 20
35.6676620218296
 30
0.0
 10
31.90686823995035
 20
35.6676620218296
 30
0.0
 10
31.90686823995035
 20
35.6676620218296
 30
0.0
 10
31.90686823995035
 20
35.52070762243447
 30
0.0
 10
31.90686823995035
 20
35.52070762243447
 30
0.0
  0
SPLINE
  5
143
330
70
100
AcDbEntity
  8
guideline
100
AcDbSpline
210
0.0
220
0.0
230
1.0
 70
    11
 71
     3
 72
    17
 73
    13
 74
     0
 42
0.0000000001
 43
0.0000000001
 40
0.0
 40
0.0
 40
0.0
 40
0.0
 40
1.0
 40
1.0
 40
1.0
 40
2.0
 40
2.0
 40
2.0
 40
3.0
 40
3.0
 40
3.0
 40
4.0
 40
4.0
 40
4.0
 40
4.0
 10
30.73123304479767
 20
35.52070762243447
 30
0.0
 10
30.73123304479767
 20
35.52070762243447
 30
0.0
 10
30.14341544722102
 20
35.52070762243447
 30
0.0
 10
30.14341544722102
 20
35.52070762243447
 30
0.0
 10
30.14341544722102
 20
35.52070762243447
 30
0.0
 10
30.14341544722102
 20
35.6676620218296
 30
0.0
 10
30.14341544722102
 20
35.6676620218296
 30
0.0
 10
30.14341544722102
 20
35.6676620218296
 30
0.0
 10
30.73123304479767
 20
35.6676620218296
 30
0.0
 10
30.73123304479767
 20
35.6676620218296
 30
0.0
 10
30.73123304479767
 20
35.6676620218296
 30
0.0
 10
30.73123304479767
 20
35.52070762243447
 30
0.0
 10
30.73123304479767
 20
35.52070762243447
 30
0.0
  0
SPLINE
  5
144
330
70
100
AcDbEntity
  8
guideline
100
AcDbSpline
210
0.0
220
0.0
230
1.0
 70
    11
 71
     3
 72
    17
 73
    13
 74
     0
 42
0.0000000001
 43
0.0000000001
 40
0.0
 40
0.0
 40
0.0
 40
0.0
 40
1.0
 40
1.0
 40
1.0
 40
2.0
 40
2.0
 40
2.0
 40
3.0
 40
3.0
 40
3.0
 40
4.0
 40
4.0
 40
4.0
 40
4.0
 10
29.555597849645
 20
35.52070762243447
 30
0.0
 10
29.555597849645
 20
35.52070762243447
 30
0.0
 10
28.96778025206834
 20
35.52070762243447
 30
0.0
 10
28.96778025206834
 20
35.52070762243447
 30
0.0
 10
28.96778025206834
 20
35.52070762243447
 30
0.0
 10
28.96778025206834
 20
35.6676620218296
 30
0.0
 10
28.96778025206834
 20
35.6676620218296
 30
0.0
 10
28.96778025206834
 20
35.6676620218296
 30
0.0
 10
29.555597849645
 20
35.6676620218296
 30
0.0
 10
29.555597849645
 20
35.6676620218296
 30
0.0
 10
29.555597849645
 20
35.6676620218296
 30
0.0
 10
29.555597849645
 20
35.52070762243447
 30
0.0
 10
29.555597849645
 20
35.52070762243447
 30
0.0
  0
SPLINE
  5
145
330
70
100
AcDbEntity
  8
guideline
100
AcDbSpline
210
0.0
220
0.0
230
1.0
 70
    11
 71
     3
 72
    17
 73
    13
 74
     0
 42
0.0000000001
 43
0.0000000001
 40
0.0
 40
0.0
 40
0.0
 40
0.0
 40
1.0
 40
1.0
 40
1.0
 40
2.0
 40
2.0
 40
2.0
 40
3.0
 40
3.0
 40
3.0
 40
4.0
 40
4.0
 40
4.0
 40
4.0
 10
28.37996265449169
 20
35.52070762243447
 30
0.0
 10
28.37996265449169
 20
35.52070762243447
 30
0.0
 10
27.79214505691567
 20
35.52070762243447
 30
0.0
 10
27.79214505691567
 20
35.52070762243447
 30
0.0
 10
27.79214505691567
 20
35.52070762243447
 30
0.0
 10
27.79214505691567
 20
35.6676620218296
 30
0.0
 10
27.79214505691567
 20
35.6676620218296
 30
0.0
 10
27.79214505691567
 20
35.6676620218296
 30
0.0
 10
28.37996265449169
 20
35.6676620218296
 30
0.0
 10
28.37996265449169
 20
35.6676620218296
 30
0.0
 10
28.37996265449169
 20
35.6676620218296
 30
0.0
 10
28.37996265449169
 20
35.52070762243447
 30
0.0
 10
28.37996265449169
 20
35.52070762243447
 30
0.0
  0
SPLINE
  5
146
330
70
100
AcDbEntity
  8
guideline
100
AcDbSpline
210
0.0
220
0.0
230
1.0
 70
    11
 71
     3
 72
    17
 73
    13
 74
     0
 42
0.0000000001
 43
0.0000000001
 40
0.0
 40
0.0
 40
0.0
 40
0.0
 40
1.0
 40
1.0
 40
1.0
 40
2.0
 40
2.0
 40
2.0
 40
3.0
 40
3.0
 40
3.0
 40
4.0
 40
4.0
 40
4.0
 40
4.0
 10
27.20432745933901
 20
35.52070762243447
 30
0.0
 10
27.20432745933901
 20
35.52070762243447
 30
0.0
 10
26.616509861763
 20
35.52070762243447
 30
0.0
 10
26.616509861763
 20
35.52070762243447
 30
0.0
 10
26.616509861763
 20
35.52070762243447
 30
0.0
 10
26.616509861763
 20
35.6676620218296
 30
0.0
 10
26.616509861763
 20
35.6676620218296
 30
0.0
 10
26.616509861763
 20
35.6676620218296
 30
0.0
 10
27.20432745933901
 20
35.6676620218296
 30
0.0
 10
27.20432745933901
 20
35.6676620218296
 30
0.0
 10
27.20432745933901
 20
35.6676620218296
 30
0.0
 10
27.20432745933901
 20
35.52070762243447
 30
0.0
 10
27.20432745933901
 20
35.52070762243447
 30
0.0
  0
HATCH
  5
147
330
70
100
AcDbEntity
  8
guideline
 62
   241
420
 16028843
440
 33554687
100
AcDbHatch
 10
0.0
 20
0.0
 30
0.0
210
0.0
220
0.0
230
1.0
  2
SOLID
 70
     1
 71
     1
 91
       32
 92
        1
 93
        1
 72
     4
 94
        3
 73
     0
 74
     0
 95
       17
 96
       13
 40
0.0
 40
0.0
 40
0.0
 40
0.0
 40
1.0
 40
1.0
 40
1.0
 40
2.0
 40
2.0
 40
2.0
 40
3.0
 40
3.0
 40
3.0
 40
4.0
 40
4.0
 40
4.0
 40
4.0
 10
63.64901850907607
 20
35.52070762243447
 10
63.64901850907607
 20
35.52070762243447
 10
63.0612009114994
 20
35.52070762243447
 10
63.0612009114994
 20
35.52070762243447
 10
63.0612009114994
 20
35.52070762243447
 10
63.0612009114994
 20
35.6676620218296
 10
63.0612009114994
 20
35.6676620218296
 10
63.0612009114994
 20
35.6676620218296
 10
63.64901850907607
 20
35.6676620218296
 10
63.64901850907607
 20
35.6676620218296
 10
63.64901850907607
 20
35.6676620218296
 10
63.64901850907607
 20
35.52070762243447
 10
63.64901850907607
 20
35.52070762243447
 97
        0
 97
        1
330
127
 92
        1
 93
        2
 72
     4
 94
        3
 73
     0
 74
     0
 95
       17
 96
       13
 40
0.0
 40
0.0
 40
0.0
 40
0.0
 40
1.0
 40
1.0
 40
1.0
 40
2.0
 40
2.0
 40
2.0
 40
3.0
 40
3.0
 40
3.0
 40
4.0
 40
4.0
 40
4.0
 40
4.0
 10
62.47338331392275
 20
35.52070762243447
 10
62.47338331392275
 20
35.52070762243447
 10
61.88556571634673
 20
35.52070762243447
 10
61.88556571634673
 20
35.52070762243447
 10
61.88556571634673
 20
35.52070762243447
 10
61.88556571634673
 20
35.6676620218296
 10
61.88556571634673
 20
35.6676620218296
 10
61.88556571634673
 20
35.6676620218296
 10
62.47338331392275
 20
35.6676620218296
 10
62.47338331392275
 20
35.6676620218296
 10
62.47338331392275
 20
35.6676620218296
 10
62.47338331392275
 20
35.52070762243447
 10
62.47338331392275
 20
35.52070762243447
 97
        0
 72
     1
 10
62.47338331392275
 20
35.52070762243447
 11
62.47338331392275
 21
35.52070762243447
 97
        0
 92
        1
 93
        2
 72
     4
 94
        3
 73
     0
 74
     0
 95
       17
 96
       13
 40
0.0
 40
0.0
 40
0.0
 40
0.0
 40
1.0
 40
1.0
 40
1.0
 40
2.0
 40
2.0
 40
2.0
 40
3.0
 40
3.0
 40
3.0
 40
4.0
 40
4.0
 40
4.0
 40
4.0
 10
61.29774811877007
 20
35.52070762243447
 10
61.29774811877007
 20
35.52070762243447
 10
60.70993052119342
 20
35.52070762243447
 10
60.70993052119342
 20
35.52070762243447
 10
60.70993052119342
 20
35.52070762243447
 10
60.70993052119342
 20
35.6676620218296
 10
60.70993052119342
 20
35.6676620218296
 10
60.70993052119342
 20
35.6676620218296
 10
61.29774811877007
 20
35.6676620218296
 10
61.29774811877007
 20
35.6676620218296
 10
61.29774811877007
 20
35.6676620218296
 10
61.29774811877007
 20
35.52070762243447
 10
61.29774811877007
 20
35.52070762243447
 97
        0
 72
     1
 10
61.29774811877007
 20
35.52070762243447
 11
61.29774811877007
 21
35.52070762243447
 97
        0
 92
        1
 93
        2
 72
     4
 94
        3
 73
     0
 74
     0
 95
       17
 96
       13
 40
0.0
 40
0.0
 40
0.0
 40
0.0
 40
1.0
 40
1.0
 40
1.0
 40
2.0
 40
2.0
 40
2.0
 40
3.0
 40
3.0
 40
3.0
 40
4.0
 40
4.0
 40
4.0
 40
4.0
 10
60.1221129236174
 20
35.52070762243447
 10
60.1221129236174
 20
35.52070762243447
 10
59.53429532604075
 20
35.52070762243447
 10
59.53429532604075
 20
35.52070762243447
 10
59.53429532604075
 20
35.52070762243447
 10
59.53429532604075
 20
35.6676620218296
 10
59.53429532604075
 20
35.6676620218296
 10
59.53429532604075
 20
35.6676620218296
 10
60.1221129236174
 20
35.6676620218296
 10
60.1221129236174
 20
35.6676620218296
 10
60.1221129236174
 20
35.6676620218296
 10
60.1221129236174
 20
35.52070762243447
 10
60.1221129236174
 20
35.52070762243447
 97
        0
 72
     1
 10
60.1221129236174
 20
35.52070762243447
 11
60.1221129236174
 21
35.52070762243447
 97
        0
 92
        1
 93
        2
 72
     4
 94
        3
 73
     0
 74
     0
 95
       17
 96
       13
 40
0.0
 40
0.0
 40
0.0
 40
0.0
 40
1.0
 40
1.0
 40
1.0
 40
2.0
 40
2.0
 40
2.0
 40
3.0
 40
3.0
 40
3.0
 40
4.0
 40
4.0
 40
4.0
 40
4.0
 10
58.94647772846473
 20
35.52070762243447
 10
58.94647772846473
 20
35.52070762243447
 10
58.35866013088807
 20
35.52070762243447
 10
58.35866013088807
 20
35.52070762243447
 10
58.35866013088807
 20
35.52070762243447
 10
58.35866013088807
 20
35.6676620218296
 10
58.35866013088807
 20
35.6676620218296
 10
58.35866013088807
 20
35.6676620218296
 10
58.94647772846473
 20
35.6676620218296
 10
58.94647772846473
 20
35.6676620218296
 10
58.94647772846473
 20
35.6676620218296
 10
58.94647772846473
 20
35.52070762243447
 10
58.94647772846473
 20
35.52070762243447
 97
        0
 72
     1
 10
58.94647772846473
 20
35.52070762243447
 11
58.94647772846473
 21
35.52070762243447
 97
        0
 92
        1
 93
        2
 72
     4
 94
        3
 73
     0
 74
     0
 95
       17
 96
       13
 40
0.0
 40
0.0
 40
0.0
 40
0.0
 40
1.0
 40
1.0
 40
1.0
 40
2.0
 40
2.0
 40
2.0
 40
3.0
 40
3.0
 40
3.0
 40
4.0
 40
4.0
 40
4.0
 40
4.0
 10
57.77084253331206
 20
35.52070762243447
 10
57.77084253331206
 20
35.52070762243447
 10
57.18302493573539
 20
35.52070762243447
 10
57.18302493573539
 20
35.52070762243447
 10
57.18302493573539
 20
35.52070762243447
 10
57.18302493573539
 20
35.6676620218296
 10
57.18302493573539
 20
35.6676620218296
 10
57.18302493573539
 20
35.6676620218296
 10
57.77084253331206
 20
35.6676620218296
 10
57.77084253331206
 20
35.6676620218296
 10
57.77084253331206
 20
35.6676620218296
 10
57.77084253331206
 20
35.52070762243447
 10
57.77084253331206
 20
35.52070762243447
 97
        0
 72
     1
 10
57.77084253331206
 20
35.52070762243447
 11
57.77084253331206
 21
35.52070762243447
 97
        0
 92
        1
 93
        2
 72
     4
 94
        3
 73
     0
 74
     0
 95
       17
 96
       13
 40
0.0
 40
0.0
 40
0.0
 40
0.0
 40
1.0
 40
1.0
 40
1.0
 40
2.0
 40
2.0
 40
2.0
 40
3.0
 40
3.0
 40
3.0
 40
4.0
 40
4.0
 40
4.0
 40
4.0
 10
56.59520733815874
 20
35.52070762243447
 10
56.59520733815874
 20
35.52070762243447
 10
56.00738974058272
 20
35.52070762243447
 10
56.00738974058272
 20
35.52070762243447
 10
56.00738974058272
 20
35.52070762243447
 10
56.00738974058272
 20
35.6676620218296
 10
56.00738974058272
 20
35.6676620218296
 10
56.00738974058272
 20
35.6676620218296
 10
56.59520733815874
 20
35.6676620218296
 10
56.59520733815874
 20
35.6676620218296
 10
56.59520733815874
 20
35.6676620218296
 10
56.59520733815874
 20
35.52070762243447
 10
56.59520733815874
 20
35.52070762243447
 97
        0
 72
     1
 10
56.59520733815874
 20
35.52070762243447
 11
56.59520733815874
 21
35.52070762243447
 97
        0
 92
        1
 93
        2
 72
     4
 94
        3
 73
     0
 74
     0
 95
       17
 96
       13
 40
0.0
 40
0.0
 40
0.0
 40
0.0
 40
1.0
 40
1.0
 40
1.0
 40
2.0
 40
2.0
 40
2.0
 40
3.0
 40
3.0
 40
3.0
 40
4.0
 40
4.0
 40
4.0
 40
4.0
 10
55.41957214300606
 20
35.52070762243447
 10
55.41957214300606
 20
35.52070762243447
 10
54.83175454543005
 20
35.52070762243447
 10
54.83175454543005
 20
35.52070762243447
 10
54.83175454543005
 20
35.52070762243447
 10
54.83175454543005
 20
35.6676620218296
 10
54.83175454543005
 20
35.6676620218296
 10
54.83175454543005
 20
35.6676620218296
 10
55.41957214300606
 20
35.6676620218296
 10
55.41957214300606
 20
35.6676620218296
 10
55.41957214300606
 20
35.6676620218296
 10
55.41957214300606
 20
35.52070762243447
 10
55.41957214300606
 20
35.52070762243447
 97
        0
 72
     1
 10
55.41957214300606
 20
35.52070762243447
 11
55.41957214300606
 21
35.52070762243447
 97
        0
 92
        1
 93
        2
 72
     4
 94
        3
 73
     0
 74
     0
 95
       17
 96
       13
 40
0.0
 40
0.0
 40
0.0
 40
0.0
 40
1.0
 40
1.0
 40
1.0
 40
2.0
 40
2.0
 40
2.0
 40
3.0
 40
3.0
 40
3.0
 40
4.0
 40
4.0
 40
4.0
 40
4.0
 10
54.24393694785339
 20
35.52070762243447
 10
54.24393694785339
 20
35.52070762243447
 10
53.65611935027673
 20
35.52070762243447
 10
53.65611935027673
 20
35.52070762243447
 10
53.65611935027673
 20
35.52070762243447
 10
53.65611935027673
 20
35.6676620218296
 10
53.65611935027673
 20
35.6676620218296
 10
53.65611935027673
 20
35.6676620218296
 10
54.24393694785339
 20
35.6676620218296
 10
54.24393694785339
 20
35.6676620218296
 10
54.24393694785339
 20
35.6676620218296
 10
54.24393694785339
 20
35.52070762243447
 10
54.24393694785339
 20
35.52070762243447
 97
        0
 72
     1
 10
54.24393694785339
 20
35.52070762243447
 11
54.24393694785339
 21
35.52070762243447
 97
        0
 92
        1
 93
        2
 72
     4
 94
        3
 73
     0
 74
     0
 95
       17
 96
       13
 40
0.0
 40
0.0
 40
0.0
 40
0.0
 40
1.0
 40
1.0
 40
1.0
 40
2.0
 40
2.0
 40
2.0
 40
3.0
 40
3.0
 40
3.0
 40
4.0
 40
4.0
 40
4.0
 40
4.0
 10
53.06830175270071
 20
35.52070762243447
 10
53.06830175270071
 20
35.52070762243447
 10
52.48048415512406
 20
35.52070762243447
 10
52.48048415512406
 20
35.52070762243447
 10
52.48048415512406
 20
35.52070762243447
 10
52.48048415512406
 20
35.6676620218296
 10
52.48048415512406
 20
35.6676620218296
 10
52.48048415512406
 20
35.6676620218296
 10
53.06830175270071
 20
35.6676620218296
 10
53.06830175270071
 20
35.6676620218296
 10
53.06830175270071
 20
35.6676620218296
 10
53.06830175270071
 20
35.52070762243447
 10
53.06830175270071
 20
35.52070762243447
 97
        0
 72
     1
 10
53.06830175270071
 20
35.52070762243447
 11
53.06830175270071
 21
35.52070762243447
 97
        0
 92
        1
 93
        2
 72
     4
 94
        3
 73
     0
 74
     0
 95
       17
 96
       13
 40
0.0
 40
0.0
 40
0.0
 40
0.0
 40
1.0
 40
1.0
 40
1.0
 40
2.0
 40
2.0
 40
2.0
 40
3.0
 40
3.0
 40
3.0
 40
4.0
 40
4.0
 40
4.0
 40
4.0
 10
51.89266655754805
 20
35.52070762243447
 10
51.89266655754805
 20
35.52070762243447
 10
51.30484895997138
 20
35.52070762243447
 10
51.30484895997138
 20
35.52070762243447
 10
51.30484895997138
 20
35.52070762243447
 10
51.30484895997138
 20
35.6676620218296
 10
51.30484895997138
 20
35.6676620218296
 10
51.30484895997138
 20
35.6676620218296
 10
51.89266655754805
 20
35.6676620218296
 10
51.89266655754805
 20
35.6676620218296
 10
51.89266655754805
 20
35.6676620218296
 10
51.89266655754805
 20
35.52070762243447
 10
51.89266655754805
 20
35.52070762243447
 97
        0
 72
     1
 10
51.89266655754805
 20
35.52070762243447
 11
51.89266655754805
 21
35.52070762243447
 97
        0
 92
        1
 93
        2
 72
     4
 94
        3
 73
     0
 74
     0
 95
       17
 96
       13
 40
0.0
 40
0.0
 40
0.0
 40
0.0
 40
1.0
 40
1.0
 40
1.0
 40
2.0
 40
2.0
 40
2.0
 40
3.0
 40
3.0
 40
3.0
 40
4.0
 40
4.0
 40
4.0
 40
4.0
 10
50.71703136239473
 20
35.52070762243447
 10
50.71703136239473
 20
35.52070762243447
 10
50.12921376481871
 20
35.52070762243447
 10
50.12921376481871
 20
35.52070762243447
 10
50.12921376481871
 20
35.52070762243447
 10
50.12921376481871
 20
35.6676620218296
 10
50.12921376481871
 20
35.6676620218296
 10
50.12921376481871
 20
35.6676620218296
 10
50.71703136239473
 20
35.6676620218296
 10
50.71703136239473
 20
35.6676620218296
 10
50.71703136239473
 20
35.6676620218296
 10
50.71703136239473
 20
35.52070762243447
 10
50.71703136239473
 20
35.52070762243447
 97
        0
 72
     1
 10
50.71703136239473
 20
35.52070762243447
 11
50.71703136239473
 21
35.52070762243447
 97
        0
 92
        1
 93
        2
 72
     4
 94
        3
 73
     0
 74
     0
 95
       17
 96
       13
 40
0.0
 40
0.0
 40
0.0
 40
0.0
 40
1.0
 40
1.0
 40
1.0
 40
2.0
 40
2.0
 40
2.0
 40
3.0
 40
3.0
 40
3.0
 40
4.0
 40
4.0
 40
4.0
 40
4.0
 10
49.54139616724205
 20
35.52070762243447
 10
49.54139616724205
 20
35.52070762243447
 10
48.95357856966604
 20
35.52070762243447
 10
48.95357856966604
 20
35.52070762243447
 10
48.95357856966604
 20
35.52070762243447
 10
48.95357856966604
 20
35.6676620218296
 10
48.95357856966604
 20
35.6676620218296
 10
48.95357856966604
 20
35.6676620218296
 10
49.54139616724205
 20
35.6676620218296
 10
49.54139616724205
 20
35.6676620218296
 10
49.54139616724205
 20
35.6676620218296
 10
49.54139616724205
 20
35.52070762243447
 10
49.54139616724205
 20
35.52070762243447
 97
        0
 72
     1
 10
49.54139616724205
 20
35.52070762243447
 11
49.54139616724205
 21
35.52070762243447
 97
        0
 92
        1
 93
        2
 72
     4
 94
        3
 73
     0
 74
     0
 95
       17
 96
       13
 40
0.0
 40
0.0
 40
0.0
 40
0.0
 40
1.0
 40
1.0
 40
1.0
 40
2.0
 40
2.0
 40
2.0
 40
3.0
 40
3.0
 40
3.0
 40
4.0
 40
4.0
 40
4.0
 40
4.0
 10
48.36576097208938
 20
35.52070762243447
 10
48.36576097208938
 20
35.52070762243447
 10
47.77794337451272
 20
35.52070762243447
 10
47.77794337451272
 20
35.52070762243447
 10
47.77794337451272
 20
35.52070762243447
 10
47.77794337451272
 20
35.6676620218296
 10
47.77794337451272
 20
35.6676620218296
 10
47.77794337451272
 20
35.6676620218296
 10
48.36576097208938
 20
35.6676620218296
 10
48.36576097208938
 20
35.6676620218296
 10
48.36576097208938
 20
35.6676620218296
 10
48.36576097208938
 20
35.52070762243447
 10
48.36576097208938
 20
35.52070762243447
 97
        0
 72
     1
 10
48.36576097208938
 20
35.52070762243447
 11
48.36576097208938
 21
35.52070762243447
 97
        0
 92
        1
 93
        2
 72
     4
 94
        3
 73
     0
 74
     0
 95
       17
 96
       13
 40
0.0
 40
0.0
 40
0.0
 40
0.0
 40
1.0
 40
1.0
 40
1.0
 40
2.0
 40
2.0
 40
2.0
 40
3.0
 40
3.0
 40
3.0
 40
4.0
 40
4.0
 40
4.0
 40
4.0
 10
47.1901257769367
 20
35.52070762243447
 10
47.1901257769367
 20
35.52070762243447
 10
46.60230817936005
 20
35.52070762243447
 10
46.60230817936005
 20
35.52070762243447
 10
46.60230817936005
 20
35.52070762243447
 10
46.60230817936005
 20
35.6676620218296
 10
46.60230817936005
 20
35.6676620218296
 10
46.60230817936005
 20
35.6676620218296
 10
47.1901257769367
 20
35.6676620218296
 10
47.1901257769367
 20
35.6676620218296
 10
47.1901257769367
 20
35.6676620218296
 10
47.1901257769367
 20
35.52070762243447
 10
47.1901257769367
 20
35.52070762243447
 97
        0
 72
     1
 10
47.1901257769367
 20
35.52070762243447
 11
47.1901257769367
 21
35.52070762243447
 97
        0
 92
        1
 93
        2
 72
     4
 94
        3
 73
     0
 74
     0
 95
       17
 96
       13
 40
0.0
 40
0.0
 40
0.0
 40
0.0
 40
1.0
 40
1.0
 40
1.0
 40
2.0
 40
2.0
 40
2.0
 40
3.0
 40
3.0
 40
3.0
 40
4.0
 40
4.0
 40
4.0
 40
4.0
 10
46.01449058178403
 20
35.52070762243447
 10
46.01449058178403
 20
35.52070762243447
 10
45.42667298420737
 20
35.52070762243447
 10
45.42667298420737
 20
35.52070762243447
 10
45.42667298420737
 20
35.52070762243447
 10
45.42667298420737
 20
35.6676620218296
 10
45.42667298420737
 20
35.6676620218296
 10
45.42667298420737
 20
35.6676620218296
 10
46.01449058178403
 20
35.6676620218296
 10
46.01449058178403
 20
35.6676620218296
 10
46.01449058178403
 20
35.6676620218296
 10
46.01449058178403
 20
35.52070762243447
 10
46.01449058178403
 20
35.52070762243447
 97
        0
 72
     1
 10
46.01449058178403
 20
35.52070762243447
 11
46.01449058178403
 21
35.52070762243447
 97
        0
 92
        1
 93
        2
 72
     4
 94
        3
 73
     0
 74
     0
 95
       17
 96
       13
 40
0.0
 40
0.0
 40
0.0
 40
0.0
 40
1.0
 40
1.0
 40
1.0
 40
2.0
 40
2.0
 40
2.0
 40
3.0
 40
3.0
 40
3.0
 40
4.0
 40
4.0
 40
4.0
 40
4.0
 10
44.83885538663169
 20
35.52070762243447
 10
44.83885538663169
 20
35.52070762243447
 10
44.25103778905502
 20
35.52070762243447
 10
44.25103778905502
 20
35.52070762243447
 10
44.25103778905502
 20
35.52070762243447
 10
44.25103778905502
 20
35.6676620218296
 10
44.25103778905502
 20
35.6676620218296
 10
44.25103778905502
 20
35.6676620218296
 10
44.83885538663169
 20
35.6676620218296
 10
44.83885538663169
 20
35.6676620218296
 10
44.83885538663169
 20
35.6676620218296
 10
44.83885538663169
 20
35.52070762243447
 10
44.83885538663169
 20
35.52070762243447
 97
        0
 72
     1
 10
44.83885538663169
 20
35.52070762243447
 11
44.83885538663169
 21
35.52070762243447
 97
        0
 92
        1
 93
        2
 72
     4
 94
        3
 73
     0
 74
     0
 95
       17
 96
       13
 40
0.0
 40
0.0
 40
0.0
 40
0.0
 40
1.0
 40
1.0
 40
1.0
 40
2.0
 40
2.0
 40
2.0
 40
3.0
 40
3.0
 40
3.0
 40
4.0
 40
4.0
 40
4.0
 40
4.0
 10
43.66322019147804
 20
35.52070762243447
 10
43.66322019147804
 20
35.52070762243447
 10
43.07540259390235
 20
35.52070762243447
 10
43.07540259390235
 20
35.52070762243447
 10
43.07540259390235
 20
35.52070762243447
 10
43.07540259390235
 20
35.6676620218296
 10
43.07540259390235
 20
35.6676620218296
 10
43.07540259390235
 20
35.6676620218296
 10
43.66322019147804
 20
35.6676620218296
 10
43.66322019147804
 20
35.6676620218296
 10
43.66322019147804
 20
35.6676620218296
 10
43.66322019147804
 20
35.52070762243447
 10
43.66322019147804
 20
35.52070762243447
 97
        0
 72
     1
 10
43.66322019147804
 20
35.52070762243447
 11
43.66322019147804
 21
35.52070762243447
 97
        0
 92
        1
 93
        2
 72
     4
 94
        3
 73
     0
 74
     0
 95
       17
 96
       13
 40
0.0
 40
0.0
 40
0.0
 40
0.0
 40
1.0
 40
1.0
 40
1.0
 40
2.0
 40
2.0
 40
2.0
 40
3.0
 40
3.0
 40
3.0
 40
4.0
 40
4.0
 40
4.0
 40
4.0
 10
42.48758499632569
 20
35.52070762243447
 10
42.48758499632569
 20
35.52070762243447
 10
41.89976739874967
 20
35.52070762243447
 10
41.89976739874967
 20
35.52070762243447
 10
41.89976739874967
 20
35.52070762243447
 10
41.89976739874967
 20
35.6676620218296
 10
41.89976739874967
 20
35.6676620218296
 10
41.89976739874967
 20
35.6676620218296
 10
42.48758499632569
 20
35.6676620218296
 10
42.48758499632569
 20
35.6676620218296
 10
42.48758499632569
 20
35.6676620218296
 10
42.48758499632569
 20
35.52070762243447
 10
42.48758499632569
 20
35.52070762243447
 97
        0
 72
     1
 10
42.48758499632569
 20
35.52070762243447
 11
42.48758499632569
 21
35.52070762243447
 97
        0
 92
        1
 93
        2
 72
     4
 94
        3
 73
     0
 74
     0
 95
       17
 96
       13
 40
0.0
 40
0.0
 40
0.0
 40
0.0
 40
1.0
 40
1.0
 40
1.0
 40
2.0
 40
2.0
 40
2.0
 40
3.0
 40
3.0
 40
3.0
 40
4.0
 40
4.0
 40
4.0
 40
4.0
 10
41.31194980117302
 20
35.52070762243447
 10
41.31194980117302
 20
35.52070762243447
 10
40.72413220359636
 20
35.52070762243447
 10
40.72413220359636
 20
35.52070762243447
 10
40.72413220359636
 20
35.52070762243447
 10
40.72413220359636
 20
35.6676620218296
 10
40.72413220359636
 20
35.6676620218296
 10
40.72413220359636
 20
35.6676620218296
 10
41.31194980117302
 20
35.6676620218296
 10
41.31194980117302
 20
35.6676620218296
 10
41.31194980117302
 20
35.6676620218296
 10
41.31194980117302
 20
35.52070762243447
 10
41.31194980117302
 20
35.52070762243447
 97
        0
 72
     1
 10
41.31194980117302
 20
35.52070762243447
 11
41.31194980117302
 21
35.52070762243447
 97
        0
 92
        1
 93
        2
 72
     4
 94
        3
 73
     0
 74
     0
 95
       17
 96
       13
 40
0.0
 40
0.0
 40
0.0
 40
0.0
 40
1.0
 40
1.0
 40
1.0
 40
2.0
 40
2.0
 40
2.0
 40
3.0
 40
3.0
 40
3.0
 40
4.0
 40
4.0
 40
4.0
 40
4.0
 10
40.13631460602034
 20
35.52070762243447
 10
40.13631460602034
 20
35.52070762243447
 10
39.54849700844369
 20
35.52070762243447
 10
39.54849700844369
 20
35.52070762243447
 10
39.54849700844369
 20
35.52070762243447
 10
39.54849700844369
 20
35.6676620218296
 10
39.54849700844369
 20
35.6676620218296
 10
39.54849700844369
 20
35.6676620218296
 10
40.13631460602034
 20
35.6676620218296
 10
40.13631460602034
 20
35.6676620218296
 10
40.13631460602034
 20
35.6676620218296
 10
40.13631460602034
 20
35.52070762243447
 10
40.13631460602034
 20
35.52070762243447
 97
        0
 72
     1
 10
40.13631460602034
 20
35.52070762243447
 11
40.13631460602034
 21
35.52070762243447
 97
        0
 92
        1
 93
        2
 72
     4
 94
        3
 73
     0
 74
     0
 95
       17
 96
       13
 40
0.0
 40
0.0
 40
0.0
 40
0.0
 40
1.0
 40
1.0
 40
1.0
 40
2.0
 40
2.0
 40
2.0
 40
3.0
 40
3.0
 40
3.0
 40
4.0
 40
4.0
 40
4.0
 40
4.0
 10
38.96067941086767
 20
35.52070762243447
 10
38.96067941086767
 20
35.52070762243447
 10
38.37286181329102
 20
35.52070762243447
 10
38.37286181329102
 20
35.52070762243447
 10
38.37286181329102
 20
35.52070762243447
 10
38.37286181329102
 20
35.6676620218296
 10
38.37286181329102
 20
35.6676620218296
 10
38.37286181329102
 20
35.6676620218296
 10
38.96067941086767
 20
35.6676620218296
 10
38.96067941086767
 20
35.6676620218296
 10
38.96067941086767
 20
35.6676620218296
 10
38.96067941086767
 20
35.52070762243447
 10
38.96067941086767
 20
35.52070762243447
 97
        0
 72
     1
 10
38.96067941086767
 20
35.52070762243447
 11
38.96067941086767
 21
35.52070762243447
 97
        0
 92
        1
 93
        2
 72
     4
 94
        3
 73
     0
 74
     0
 95
       17
 96
       13
 40
0.0
 40
0.0
 40
0.0
 40
0.0
 40
1.0
 40
1.0
 40
1.0
 40
2.0
 40
2.0
 40
2.0
 40
3.0
 40
3.0
 40
3.0
 40
4.0
 40
4.0
 40
4.0
 40
4.0
 10
37.78504421571436
 20
35.52070762243447
 10
37.78504421571436
 20
35.52070762243447
 10
37.19722661813834
 20
35.52070762243447
 10
37.19722661813834
 20
35.52070762243447
 10
37.19722661813834
 20
35.52070762243447
 10
37.19722661813834
 20
35.6676620218296
 10
37.19722661813834
 20
35.6676620218296
 10
37.19722661813834
 20
35.6676620218296
 10
37.78504421571436
 20
35.6676620218296
 10
37.78504421571436
 20
35.6676620218296
 10
37.78504421571436
 20
35.6676620218296
 10
37.78504421571436
 20
35.52070762243447
 10
37.78504421571436
 20
35.52070762243447
 97
        0
 72
     1
 10
37.78504421571436
 20
35.52070762243447
 11
37.78504421571436
 21
35.52070762243447
 97
        0
 92
        1
 93
        2
 72
     4
 94
        3
 73
     0
 74
     0
 95
       17
 96
       13
 40
0.0
 40
0.0
 40
0.0
 40
0.0
 40
1.0
 40
1.0
 40
1.0
 40
2.0
 40
2.0
 40
2.0
 40
3.0
 40
3.0
 40
3.0
 40
4.0
 40
4.0
 40
4.0
 40
4.0
 10
36.60940902056168
 20
35.52070762243447
 10
36.60940902056168
 20
35.52070762243447
 10
36.02159142298567
 20
35.52070762243447
 10
36.02159142298567
 20
35.52070762243447
 10
36.02159142298567
 20
35.52070762243447
 10
36.02159142298567
 20
35.6676620218296
 10
36.02159142298567
 20
35.6676620218296
 10
36.02159142298567
 20
35.6676620218296
 10
36.60940902056168
 20
35.6676620218296
 10
36.60940902056168
 20
35.6676620218296
 10
36.60940902056168
 20
35.6676620218296
 10
36.60940902056168
 20
35.52070762243447
 10
36.60940902056168
 20
35.52070762243447
 97
        0
 72
     1
 10
36.60940902056168
 20
35.52070762243447
 11
36.60940902056168
 21
35.52070762243447
 97
        0
 92
        1
 93
        2
 72
     4
 94
        3
 73
     0
 74
     0
 95
       17
 96
       13
 40
0.0
 40
0.0
 40
0.0
 40
0.0
 40
1.0
 40
1.0
 40
1.0
 40
2.0
 40
2.0
 40
2.0
 40
3.0
 40
3.0
 40
3.0
 40
4.0
 40
4.0
 40
4.0
 40
4.0
 10
35.43377382540901
 20
35.52070762243447
 10
35.43377382540901
 20
35.52070762243447
 10
34.84595622783331
 20
35.52070762243447
 10
34.84595622783331
 20
35.52070762243447
 10
34.84595622783331
 20
35.52070762243447
 10
34.84595622783331
 20
35.6676620218296
 10
34.84595622783331
 20
35.6676620218296
 10
34.84595622783331
 20
35.6676620218296
 10
35.43377382540901
 20
35.6676620218296
 10
35.43377382540901
 20
35.6676620218296
 10
35.43377382540901
 20
35.6676620218296
 10
35.43377382540901
 20
35.52070762243447
 10
35.43377382540901
 20
35.52070762243447
 97
        0
 72
     1
 10
35.43377382540901
 20
35.52070762243447
 11
35.43377382540901
 21
35.52070762243447
 97
        0
 92
        1
 93
        2
 72
     4
 94
        3
 73
     0
 74
     0
 95
       17
 96
       13
 40
0.0
 40
0.0
 40
0.0
 40
0.0
 40
1.0
 40
1.0
 40
1.0
 40
2.0
 40
2.0
 40
2.0
 40
3.0
 40
3.0
 40
3.0
 40
4.0
 40
4.0
 40
4.0
 40
4.0
 10
34.25813863025633
 20
35.52070762243447
 10
34.25813863025633
 20
35.52070762243447
 10
33.67032103267968
 20
35.52070762243447
 10
33.67032103267968
 20
35.52070762243447
 10
33.67032103267968
 20
35.52070762243447
 10
33.67032103267968
 20
35.6676620218296
 10
33.67032103267968
 20
35.6676620218296
 10
33.67032103267968
 20
35.6676620218296
 10
34.25813863025633
 20
35.6676620218296
 10
34.25813863025633
 20
35.6676620218296
 10
34.25813863025633
 20
35.6676620218296
 10
34.25813863025633
 20
35.52070762243447
 10
34.25813863025633
 20
35.52070762243447
 97
        0
 72
     1
 10
34.25813863025633
 20
35.52070762243447
 11
34.25813863025633
 21
35.52070762243447
 97
        0
 92
        1
 93
        2
 72
     4
 94
        3
 73
     0
 74
     0
 95
       17
 96
       13
 40
0.0
 40
0.0
 40
0.0
 40
0.0
 40
1.0
 40
1.0
 40
1.0
 40
2.0
 40
2.0
 40
2.0
 40
3.0
 40
3.0
 40
3.0
 40
4.0
 40
4.0
 40
4.0
 40
4.0
 10
33.08250343510302
 20
35.52070762243447
 10
33.08250343510302
 20
35.52070762243447
 10
32.494685837527
 20
35.52070762243447
 10
32.494685837527
 20
35.52070762243447
 10
32.494685837527
 20
35.52070762243447
 10
32.494685837527
 20
35.6676620218296
 10
32.494685837527
 20
35.6676620218296
 10
32.494685837527
 20
35.6676620218296
 10
33.08250343510302
 20
35.6676620218296
 10
33.08250343510302
 20
35.6676620218296
 10
33.08250343510302
 20
35.6676620218296
 10
33.08250343510302
 20
35.52070762243447
 10
33.08250343510302
 20
35.52070762243447
 97
        0
 72
     1
 10
33.08250343510302
 20
35.52070762243447
 11
33.08250343510302
 21
35.52070762243447
 97
        0
 92
        1
 93
        2
 72
     4
 94
        3
 73
     0
 74
     0
 95
       17
 96
       13
 40
0.0
 40
0.0
 40
0.0
 40
0.0
 40
1.0
 40
1.0
 40
1.0
 40
2.0
 40
2.0
 40
2.0
 40
3.0
 40
3.0
 40
3.0
 40
4.0
 40
4.0
 40
4.0
 40
4.0
 10
31.90686823995035
 20
35.52070762243447
 10
31.90686823995035
 20
35.52070762243447
 10
31.31905064237433
 20
35.52070762243447
 10
31.31905064237433
 20
35.52070762243447
 10
31.31905064237433
 20
35.52070762243447
 10
31.31905064237433
 20
35.6676620218296
 10
31.31905064237433
 20
35.6676620218296
 10
31.31905064237433
 20
35.6676620218296
 10
31.90686823995035
 20
35.6676620218296
 10
31.90686823995035
 20
35.6676620218296
 10
31.90686823995035
 20
35.6676620218296
 10
31.90686823995035
 20
35.52070762243447
 10
31.90686823995035
 20
35.52070762243447
 97
        0
 72
     1
 10
31.90686823995035
 20
35.52070762243447
 11
31.90686823995035
 21
35.52070762243447
 97
        0
 92
        1
 93
        2
 72
     4
 94
        3
 73
     0
 74
     0
 95
       17
 96
       13
 40
0.0
 40
0.0
 40
0.0
 40
0.0
 40
1.0
 40
1.0
 40
1.0
 40
2.0
 40
2.0
 40
2.0
 40
3.0
 40
3.0
 40
3.0
 40
4.0
 40
4.0
 40
4.0
 40
4.0
 10
30.73123304479767
 20
35.52070762243447
 10
30.73123304479767
 20
35.52070762243447
 10
30.14341544722102
 20
35.52070762243447
 10
30.14341544722102
 20
35.52070762243447
 10
30.14341544722102
 20
35.52070762243447
 10
30.14341544722102
 20
35.6676620218296
 10
30.14341544722102
 20
35.6676620218296
 10
30.14341544722102
 20
35.6676620218296
 10
30.73123304479767
 20
35.6676620218296
 10
30.73123304479767
 20
35.6676620218296
 10
30.73123304479767
 20
35.6676620218296
 10
30.73123304479767
 20
35.52070762243447
 10
30.73123304479767
 20
35.52070762243447
 97
        0
 72
     1
 10
30.73123304479767
 20
35.52070762243447
 11
30.73123304479767
 21
35.52070762243447
 97
        0
 92
        1
 93
        2
 72
     4
 94
        3
 73
     0
 74
     0
 95
       17
 96
       13
 40
0.0
 40
0.0
 40
0.0
 40
0.0
 40
1.0
 40
1.0
 40
1.0
 40
2.0
 40
2.0
 40
2.0
 40
3.0
 40
3.0
 40
3.0
 40
4.0
 40
4.0
 40
4.0
 40
4.0
 10
29.555597849645
 20
35.52070762243447
 10
29.555597849645
 20
35.52070762243447
 10
28.96778025206834
 20
35.52070762243447
 10
28.96778025206834
 20
35.52070762243447
 10
28.96778025206834
 20
35.52070762243447
 10
28.96778025206834
 20
35.6676620218296
 10
28.96778025206834
 20
35.6676620218296
 10
28.96778025206834
 20
35.6676620218296
 10
29.555597849645
 20
35.6676620218296
 10
29.555597849645
 20
35.6676620218296
 10
29.555597849645
 20
35.6676620218296
 10
29.555597849645
 20
35.52070762243447
 10
29.555597849645
 20
35.52070762243447
 97
        0
 72
     1
 10
29.555597849645
 20
35.52070762243447
 11
29.555597849645
 21
35.52070762243447
 97
        0
 92
        1
 93
        2
 72
     4
 94
        3
 73
     0
 74
     0
 95
       17
 96
       13
 40
0.0
 40
0.0
 40
0.0
 40
0.0
 40
1.0
 40
1.0
 40
1.0
 40
2.0
 40
2.0
 40
2.0
 40
3.0
 40
3.0
 40
3.0
 40
4.0
 40
4.0
 40
4.0
 40
4.0
 10
28.37996265449169
 20
35.52070762243447
 10
28.37996265449169
 20
35.52070762243447
 10
27.79214505691567
 20
35.52070762243447
 10
27.79214505691567
 20
35.52070762243447
 10
27.79214505691567
 20
35.52070762243447
 10
27.79214505691567
 20
35.6676620218296
 10
27.79214505691567
 20
35.6676620218296
 10
27.79214505691567
 20
35.6676620218296
 10
28.37996265449169
 20
35.6676620218296
 10
28.37996265449169
 20
35.6676620218296
 10
28.37996265449169
 20
35.6676620218296
 10
28.37996265449169
 20
35.52070762243447
 10
28.37996265449169
 20
35.52070762243447
 97
        0
 72
     1
 10
28.37996265449169
 20
35.52070762243447
 11
28.37996265449169
 21
35.52070762243447
 97
        0
 92
        1
 93
        2
 72
     4
 94
        3
 73
     0
 74
     0
 95
       17
 96
       13
 40
0.0
 40
0.0
 40
0.0
 40
0.0
 40
1.0
 40
1.0
 40
1.0
 40
2.0
 40
2.0
 40
2.0
 40
3.0
 40
3.0
 40
3.0
 40
4.0
 40
4.0
 40
4.0
 40
4.0
 10
27.20432745933901
 20
35.52070762243447
 10
27.20432745933901
 20
35.52070762243447
 10
26.616509861763
 20
35.52070762243447
 10
26.616509861763
 20
35.52070762243447
 10
26.616509861763
 20
35.52070762243447
 10
26.616509861763
 20
35.6676620218296
 10
26.616509861763
 20
35.6676620218296
 10
26.616509861763
 20
35.6676620218296
 10
27.20432745933901
 20
35.6676620218296
 10
27.20432745933901
 20
35.6676620218296
 10
27.20432745933901
 20
35.6676620218296
 10
27.20432745933901
 20
35.52070762243447
 10
27.20432745933901
 20
35.52070762243447
 97
        0
 72
     1
 10
27.20432745933901
 20
35.52070762243447
 11
27.20432745933901
 21
35.52070762243447
 97
        0
 75
     2
 76
     1
 98
        1
 10
0.0
 20
0.0
450
        0
451
        0
460
0.0
461
0.0
452
        0
462
0.0
453
        0
470

  0
LWPOLYLINE
  5
148
330
70
100
AcDbEntity
  8
guideline
 62
    18
420
        0
370
     0
100
AcDbPolyline
 90
        4
 70
     1
 43
0.0
 10
27.20432745933901
 20
14.75823234241505
 10
26.616509861763
 20
14.75823234241505
 10
26.616509861763
 20
14.90518674180921
 10
27.20432745933901
 20
14.90518674180921
  0
LWPOLYLINE
  5
149
330
70
100
AcDbEntity
  8
guideline
 62
    18
420
        0
370
     0
100
AcDbPolyline
 90
        4
 70
     1
 43
0.0
 10
28.37996265449201
 20
14.75823234241505
 10
27.79214505691567
 20
14.75823234241505
 10
27.79214505691567
 20
14.90518674180921
 10
28.37996265449201
 20
14.90518674180921
  0
LWPOLYLINE
  5
14A
330
70
100
AcDbEntity
  8
guideline
 62
    18
420
        0
370
     0
100
AcDbPolyline
 90
        4
 70
     1
 43
0.0
 10
29.555597849645
 20
14.75823234241505
 10
28.96778025206866
 20
14.75823234241505
 10
28.96778025206866
 20
14.90518674180921
 10
29.555597849645
 20
14.90518674180921
  0
LWPOLYLINE
  5
14B
330
70
100
AcDbEntity
  8
guideline
 62
    18
420
        0
370
     0
100
AcDbPolyline
 90
        4
 70
     1
 43
0.0
 10
30.73123304479767
 20
14.75823234241505
 10
30.14341544722134
 20
14.75823234241505
 10
30.14341544722134
 20
14.90518674180921
 10
30.73123304479767
 20
14.90518674180921
  0
LWPOLYLINE
  5
14C
330
70
100
AcDbEntity
  8
guideline
 62
    18
420
        0
370
     0
100
AcDbPolyline
 90
        4
 70
     1
 43
0.0
 10
31.90686823995067
 20
14.75823234241505
 10
31.31905064237433
 20
14.75823234241505
 10
31.31905064237433
 20
14.90518674180921
 10
31.90686823995067
 20
14.90518674180921
  0
LWPOLYLINE
  5
14D
330
70
100
AcDbEntity
  8
guideline
 62
    18
420
        0
370
     0
100
AcDbPolyline
 90
        4
 70
     1
 43
0.0
 10
33.08250343510334
 20
14.75823234241505
 10
32.494685837527
 20
14.75823234241505
 10
32.494685837527
 20
14.90518674180921
 10
33.08250343510334
 20
14.90518674180921
  0
LWPOLYLINE
  5
14E
330
70
100
AcDbEntity
  8
guideline
 62
    18
420
        0
370
     0
100
AcDbPolyline
 90
        4
 70
     1
 43
0.0
 10
34.25813863025601
 20
14.75823234241505
 10
33.67032103267936
 20
14.75823234241505
 10
33.67032103267936
 20
14.90518674180921
 10
34.25813863025601
 20
14.90518674180921
  0
LWPOLYLINE
  5
14F
330
70
100
AcDbEntity
  8
guideline
 62
    18
420
        0
370
     0
100
AcDbPolyline
 90
        4
 70
     1
 43
0.0
 10
35.43377382540901
 20
14.75823234241505
 10
34.84595622783299
 20
14.75823234241505
 10
34.84595622783299
 20
14.90518674180921
 10
35.43377382540901
 20
14.90518674180921
  0
LWPOLYLINE
  5
150
330
70
100
AcDbEntity
  8
guideline
 62
    18
420
        0
370
     0
100
AcDbPolyline
 90
        4
 70
     1
 43
0.0
 10
36.60940902056168
 20
14.75823234241505
 10
36.02159142298535
 20
14.75823234241505
 10
36.02159142298535
 20
14.90518674180921
 10
36.60940902056168
 20
14.90518674180921
  0
LWPOLYLINE
  5
151
330
70
100
AcDbEntity
  8
guideline
 62
    18
420
        0
370
     0
100
AcDbPolyline
 90
        4
 70
     1
 43
0.0
 10
37.78504421571436
 20
14.75823234241505
 10
37.19722661813802
 20
14.75823234241505
 10
37.19722661813802
 20
14.90518674180921
 10
37.78504421571436
 20
14.90518674180921
  0
LWPOLYLINE
  5
152
330
70
100
AcDbEntity
  8
guideline
 62
    18
420
        0
370
     0
100
AcDbPolyline
 90
        4
 70
     1
 43
0.0
 10
38.96067941086735
 20
14.75823234241505
 10
38.37286181329102
 20
14.75823234241505
 10
38.37286181329102
 20
14.90518674180921
 10
38.96067941086735
 20
14.90518674180921
  0
LWPOLYLINE
  5
153
330
70
100
AcDbEntity
  8
guideline
 62
    18
420
        0
370
     0
100
AcDbPolyline
 90
        4
 70
     1
 43
0.0
 10
40.13631460602034
 20
14.75823234241505
 10
39.54849700844369
 20
14.75823234241505
 10
39.54849700844369
 20
14.90518674180921
 10
40.13631460602034
 20
14.90518674180921
  0
LWPOLYLINE
  5
154
330
70
100
AcDbEntity
  8
guideline
 62
    18
420
        0
370
     0
100
AcDbPolyline
 90
        4
 70
     1
 43
0.0
 10
41.31194980117302
 20
14.75823234241505
 10
40.72413220359636
 20
14.75823234241505
 10
40.72413220359636
 20
14.90518674180921
 10
41.31194980117302
 20
14.90518674180921
  0
LWPOLYLINE
  5
155
330
70
100
AcDbEntity
  8
guideline
 62
    18
420
        0
370
     0
100
AcDbPolyline
 90
        4
 70
     1
 43
0.0
 10
42.48758499632569
 20
14.75823234241505
 10
41.89976739874935
 20
14.75823234241505
 10
41.89976739874935
 20
14.90518674180921
 10
42.48758499632569
 20
14.90518674180921
  0
LWPOLYLINE
  5
156
330
70
100
AcDbEntity
  8
guideline
 62
    18
420
        0
370
     0
100
AcDbPolyline
 90
        4
 70
     1
 43
0.0
 10
43.66322019147836
 20
14.75823234241505
 10
43.07540259390203
 20
14.75823234241505
 10
43.07540259390203
 20
14.90518674180921
 10
43.66322019147836
 20
14.90518674180921
  0
LWPOLYLINE
  5
157
330
70
100
AcDbEntity
  8
guideline
 62
    18
420
        0
370
     0
100
AcDbPolyline
 90
        4
 70
     1
 43
0.0
 10
44.83885538663136
 20
14.75823234241505
 10
44.2510377890547
 20
14.75823234241505
 10
44.2510377890547
 20
14.90518674180921
 10
44.83885538663136
 20
14.90518674180921
  0
LWPOLYLINE
  5
158
330
70
100
AcDbEntity
  8
guideline
 62
    18
420
        0
370
     0
100
AcDbPolyline
 90
        4
 70
     1
 43
0.0
 10
46.01449058178403
 20
14.75823234241505
 10
45.42667298420801
 20
14.75823234241505
 10
45.42667298420801
 20
14.90518674180921
 10
46.01449058178403
 20
14.90518674180921
  0
LWPOLYLINE
  5
159
330
70
100
AcDbEntity
  8
guideline
 62
    18
420
        0
370
     0
100
AcDbPolyline
 90
        4
 70
     1
 43
0.0
 10
47.1901257769367
 20
14.75823234241505
 10
46.60230817936069
 20
14.75823234241505
 10
46.60230817936069
 20
14.90518674180921
 10
47.1901257769367
 20
14.90518674180921
  0
LWPOLYLINE
  5
15A
330
70
100
AcDbEntity
  8
guideline
 62
    18
420
        0
370
     0
100
AcDbPolyline
 90
        4
 70
     1
 43
0.0
 10
48.36576097209002
 20
14.75823234241505
 10
47.77794337451336
 20
14.75823234241505
 10
47.77794337451336
 20
14.90518674180921
 10
48.36576097209002
 20
14.90518674180921
  0
LWPOLYLINE
  5
15B
330
70
100
AcDbEntity
  8
guideline
 62
    18
420
        0
370
     0
100
AcDbPolyline
 90
        4
 70
     1
 43
0.0
 10
49.54139616724205
 20
14.75823234241505
 10
48.95357856966604
 20
14.75823234241505
 10
48.95357856966604
 20
14.90518674180921
 10
49.54139616724205
 20
14.90518674180921
  0
LWPOLYLINE
  5
15C
330
70
100
AcDbEntity
  8
guideline
 62
    18
420
        0
370
     0
100
AcDbPolyline
 90
        4
 70
     1
 43
0.0
 10
50.71703136239538
 20
14.75823234241505
 10
50.12921376481871
 20
14.75823234241505
 10
50.12921376481871
 20
14.90518674180921
 10
50.71703136239538
 20
14.90518674180921
  0
LWPOLYLINE
  5
15D
330
70
100
AcDbEntity
  8
guideline
 62
    18
420
        0
370
     0
100
AcDbPolyline
 90
        4
 70
     1
 43
0.0
 10
51.89266655754805
 20
14.75823234241505
 10
51.30484895997202
 20
14.75823234241505
 10
51.30484895997202
 20
14.90518674180921
 10
51.89266655754805
 20
14.90518674180921
  0
LWPOLYLINE
  5
15E
330
70
100
AcDbEntity
  8
guideline
 62
    18
420
        0
370
     0
100
AcDbPolyline
 90
        4
 70
     1
 43
0.0
 10
53.06830175270071
 20
14.75823234241505
 10
52.48048415512406
 20
14.75823234241505
 10
52.48048415512406
 20
14.90518674180921
 10
53.06830175270071
 20
14.90518674180921
  0
LWPOLYLINE
  5
15F
330
70
100
AcDbEntity
  8
guideline
 62
    18
420
        0
370
     0
100
AcDbPolyline
 90
        4
 70
     1
 43
0.0
 10
54.24393694785339
 20
14.75823234241505
 10
53.65611935027673
 20
14.75823234241505
 10
53.65611935027673
 20
14.90518674180921
 10
54.24393694785339
 20
14.90518674180921
  0
LWPOLYLINE
  5
160
330
70
100
AcDbEntity
  8
guideline
 62
    18
420
        0
370
     0
100
AcDbPolyline
 90
        4
 70
     1
 43
0.0
 10
55.41957214300606
 20
14.75823234241505
 10
54.83175454543005
 20
14.75823234241505
 10
54.83175454543005
 20
14.90518674180921
 10
55.41957214300606
 20
14.90518674180921
  0
LWPOLYLINE
  5
161
330
70
100
AcDbEntity
  8
guideline
 62
    18
420
        0
370
     0
100
AcDbPolyline
 90
        4
 70
     1
 43
0.0
 10
56.59520733815938
 20
14.75823234241505
 10
56.00738974058272
 20
14.75823234241505
 10
56.00738974058272
 20
14.90518674180921
 10
56.59520733815938
 20
14.90518674180921
  0
LWPOLYLINE
  5
162
330
70
100
AcDbEntity
  8
guideline
 62
    18
420
        0
370
     0
100
AcDbPolyline
 90
        4
 70
     1
 43
0.0
 10
57.77084253331206
 20
14.75823234241505
 10
57.18302493573539
 20
14.75823234241505
 10
57.18302493573539
 20
14.90518674180921
 10
57.77084253331206
 20
14.90518674180921
  0
LWPOLYLINE
  5
163
330
70
100
AcDbEntity
  8
guideline
 62
    18
420
        0
370
     0
100
AcDbPolyline
 90
        4
 70
     1
 43
0.0
 10
58.94647772846473
 20
14.75823234241505
 10
58.35866013088807
 20
14.75823234241505
 10
58.35866013088807
 20
14.90518674180921
 10
58.94647772846473
 20
14.90518674180921
  0
LWPOLYLINE
  5
164
330
70
100
AcDbEntity
  8
guideline
 62
    18
420
        0
370
     0
100
AcDbPolyline
 90
        4
 70
     1
 43
0.0
 10
60.1221129236174
 20
14.75823234241505
 10
59.53429532604139
 20
14.75823234241505
 10
59.53429532604139
 20
14.90518674180921
 10
60.1221129236174
 20
14.90518674180921
  0
LWPOLYLINE
  5
165
330
70
100
AcDbEntity
  8
guideline
 62
    18
420
        0
370
     0
100
AcDbPolyline
 90
        4
 70
     1
 43
0.0
 10
61.29774811877007
 20
14.75823234241505
 10
60.70993052119342
 20
14.75823234241505
 10
60.70993052119342
 20
14.90518674180921
 10
61.29774811877007
 20
14.90518674180921
  0
LWPOLYLINE
  5
166
330
70
100
AcDbEntity
  8
guideline
 62
    18
420
        0
370
     0
100
AcDbPolyline
 90
        4
 70
     1
 43
0.0
 10
62.47338331392339
 20
14.75823234241505
 10
61.88556571634673
 20
14.75823234241505
 10
61.88556571634673
 20
14.90518674180921
 10
62.47338331392339
 20
14.90518674180921
  0
LWPOLYLINE
  5
167
330
70
100
AcDbEntity
  8
guideline
 62
    18
420
        0
370
     0
100
AcDbPolyline
 90
        4
 70
     1
 43
0.0
 10
63.64901850907543
 20
14.75823234241505
 10
63.0612009114994
 20
14.75823234241505
 10
63.0612009114994
 20
14.90518674180921
 10
63.64901850907543
 20
14.90518674180921
  0
SPLINE
  5
168
330
70
100
AcDbEntity
  8
guideline
100
AcDbSpline
210
0.0
220
0.0
230
1.0
 70
    11
 71
     3
 72
    17
 73
    13
 74
     0
 42
0.0000000001
 43
0.0000000001
 40
0.0
 40
0.0
 40
0.0
 40
0.0
 40
1.0
 40
1.0
 40
1.0
 40
2.0
 40
2.0
 40
2.0
 40
3.0
 40
3.0
 40
3.0
 40
4.0
 40
4.0
 40
4.0
 40
4.0
 10
63.64901850907607
 20
14.75823234241441
 30
0.0
 10
63.64901850907607
 20
14.75823234241441
 30
0.0
 10
63.0612009114994
 20
14.75823234241441
 30
0.0
 10
63.0612009114994
 20
14.75823234241441
 30
0.0
 10
63.0612009114994
 20
14.75823234241441
 30
0.0
 10
63.0612009114994
 20
14.90518674180921
 30
0.0
 10
63.0612009114994
 20
14.90518674180921
 30
0.0
 10
63.0612009114994
 20
14.90518674180921
 30
0.0
 10
63.64901850907607
 20
14.90518674180921
 30
0.0
 10
63.64901850907607
 20
14.90518674180921
 30
0.0
 10
63.64901850907607
 20
14.90518674180921
 30
0.0
 10
63.64901850907607
 20
14.75823234241441
 30
0.0
 10
63.64901850907607
 20
14.75823234241441
 30
0.0
  0
SPLINE
  5
169
330
70
100
AcDbEntity
  8
guideline
100
AcDbSpline
210
0.0
220
0.0
230
1.0
 70
    11
 71
     3
 72
    17
 73
    13
 74
     0
 42
0.0000000001
 43
0.0000000001
 40
0.0
 40
0.0
 40
0.0
 40
0.0
 40
1.0
 40
1.0
 40
1.0
 40
2.0
 40
2.0
 40
2.0
 40
3.0
 40
3.0
 40
3.0
 40
4.0
 40
4.0
 40
4.0
 40
4.0
 10
62.47338331392275
 20
14.75823234241441
 30
0.0
 10
62.47338331392275
 20
14.75823234241441
 30
0.0
 10
61.88556571634673
 20
14.75823234241441
 30
0.0
 10
61.88556571634673
 20
14.75823234241441
 30
0.0
 10
61.88556571634673
 20
14.75823234241441
 30
0.0
 10
61.88556571634673
 20
14.90518674180921
 30
0.0
 10
61.88556571634673
 20
14.90518674180921
 30
0.0
 10
61.88556571634673
 20
14.90518674180921
 30
0.0
 10
62.47338331392275
 20
14.90518674180921
 30
0.0
 10
62.47338331392275
 20
14.90518674180921
 30
0.0
 10
62.47338331392275
 20
14.90518674180921
 30
0.0
 10
62.47338331392275
 20
14.75823234241441
 30
0.0
 10
62.47338331392275
 20
14.75823234241441
 30
0.0
  0
SPLINE
  5
16A
330
70
100
AcDbEntity
  8
guideline
100
AcDbSpline
210
0.0
220
0.0
230
1.0
 70
    11
 71
     3
 72
    17
 73
    13
 74
     0
 42
0.0000000001
 43
0.0000000001
 40
0.0
 40
0.0
 40
0.0
 40
0.0
 40
1.0
 40
1.0
 40
1.0
 40
2.0
 40
2.0
 40
2.0
 40
3.0
 40
3.0
 40
3.0
 40
4.0
 40
4.0
 40
4.0
 40
4.0
 10
61.29774811877007
 20
14.75823234241441
 30
0.0
 10
61.29774811877007
 20
14.75823234241441
 30
0.0
 10
60.70993052119342
 20
14.75823234241441
 30
0.0
 10
60.70993052119342
 20
14.75823234241441
 30
0.0
 10
60.70993052119342
 20
14.75823234241441
 30
0.0
 10
60.70993052119342
 20
14.90518674180921
 30
0.0
 10
60.70993052119342
 20
14.90518674180921
 30
0.0
 10
60.70993052119342
 20
14.90518674180921
 30
0.0
 10
61.29774811877007
 20
14.90518674180921
 30
0.0
 10
61.29774811877007
 20
14.90518674180921
 30
0.0
 10
61.29774811877007
 20
14.90518674180921
 30
0.0
 10
61.29774811877007
 20
14.75823234241441
 30
0.0
 10
61.29774811877007
 20
14.75823234241441
 30
0.0
  0
SPLINE
  5
16B
330
70
100
AcDbEntity
  8
guideline
100
AcDbSpline
210
0.0
220
0.0
230
1.0
 70
    11
 71
     3
 72
    17
 73
    13
 74
     0
 42
0.0000000001
 43
0.0000000001
 40
0.0
 40
0.0
 40
0.0
 40
0.0
 40
1.0
 40
1.0
 40
1.0
 40
2.0
 40
2.0
 40
2.0
 40
3.0
 40
3.0
 40
3.0
 40
4.0
 40
4.0
 40
4.0
 40
4.0
 10
60.1221129236174
 20
14.75823234241441
 30
0.0
 10
60.1221129236174
 20
14.75823234241441
 30
0.0
 10
59.53429532604075
 20
14.75823234241441
 30
0.0
 10
59.53429532604075
 20
14.75823234241441
 30
0.0
 10
59.53429532604075
 20
14.75823234241441
 30
0.0
 10
59.53429532604075
 20
14.90518674180921
 30
0.0
 10
59.53429532604075
 20
14.90518674180921
 30
0.0
 10
59.53429532604075
 20
14.90518674180921
 30
0.0
 10
60.1221129236174
 20
14.90518674180921
 30
0.0
 10
60.1221129236174
 20
14.90518674180921
 30
0.0
 10
60.1221129236174
 20
14.90518674180921
 30
0.0
 10
60.1221129236174
 20
14.75823234241441
 30
0.0
 10
60.1221129236174
 20
14.75823234241441
 30
0.0
  0
SPLINE
  5
16C
330
70
100
AcDbEntity
  8
guideline
100
AcDbSpline
210
0.0
220
0.0
230
1.0
 70
    11
 71
     3
 72
    17
 73
    13
 74
     0
 42
0.0000000001
 43
0.0000000001
 40
0.0
 40
0.0
 40
0.0
 40
0.0
 40
1.0
 40
1.0
 40
1.0
 40
2.0
 40
2.0
 40
2.0
 40
3.0
 40
3.0
 40
3.0
 40
4.0
 40
4.0
 40
4.0
 40
4.0
 10
58.94647772846473
 20
14.75823234241441
 30
0.0
 10
58.94647772846473
 20
14.75823234241441
 30
0.0
 10
58.35866013088807
 20
14.75823234241441
 30
0.0
 10
58.35866013088807
 20
14.75823234241441
 30
0.0
 10
58.35866013088807
 20
14.75823234241441
 30
0.0
 10
58.35866013088807
 20
14.90518674180921
 30
0.0
 10
58.35866013088807
 20
14.90518674180921
 30
0.0
 10
58.35866013088807
 20
14.90518674180921
 30
0.0
 10
58.94647772846473
 20
14.90518674180921
 30
0.0
 10
58.94647772846473
 20
14.90518674180921
 30
0.0
 10
58.94647772846473
 20
14.90518674180921
 30
0.0
 10
58.94647772846473
 20
14.75823234241441
 30
0.0
 10
58.94647772846473
 20
14.75823234241441
 30
0.0
  0
SPLINE
  5
16D
330
70
100
AcDbEntity
  8
guideline
100
AcDbSpline
210
0.0
220
0.0
230
1.0
 70
    11
 71
     3
 72
    17
 73
    13
 74
     0
 42
0.0000000001
 43
0.0000000001
 40
0.0
 40
0.0
 40
0.0
 40
0.0
 40
1.0
 40
1.0
 40
1.0
 40
2.0
 40
2.0
 40
2.0
 40
3.0
 40
3.0
 40
3.0
 40
4.0
 40
4.0
 40
4.0
 40
4.0
 10
57.77084253331206
 20
14.75823234241441
 30
0.0
 10
57.77084253331206
 20
14.75823234241441
 30
0.0
 10
57.18302493573539
 20
14.75823234241441
 30
0.0
 10
57.18302493573539
 20
14.75823234241441
 30
0.0
 10
57.18302493573539
 20
14.75823234241441
 30
0.0
 10
57.18302493573539
 20
14.90518674180921
 30
0.0
 10
57.18302493573539
 20
14.90518674180921
 30
0.0
 10
57.18302493573539
 20
14.90518674180921
 30
0.0
 10
57.77084253331206
 20
14.90518674180921
 30
0.0
 10
57.77084253331206
 20
14.90518674180921
 30
0.0
 10
57.77084253331206
 20
14.90518674180921
 30
0.0
 10
57.77084253331206
 20
14.75823234241441
 30
0.0
 10
57.77084253331206
 20
14.75823234241441
 30
0.0
  0
SPLINE
  5
16E
330
70
100
AcDbEntity
  8
guideline
100
AcDbSpline
210
0.0
220
0.0
230
1.0
 70
    11
 71
     3
 72
    17
 73
    13
 74
     0
 42
0.0000000001
 43
0.0000000001
 40
0.0
 40
0.0
 40
0.0
 40
0.0
 40
1.0
 40
1.0
 40
1.0
 40
2.0
 40
2.0
 40
2.0
 40
3.0
 40
3.0
 40
3.0
 40
4.0
 40
4.0
 40
4.0
 40
4.0
 10
56.59520733815874
 20
14.75823234241441
 30
0.0
 10
56.59520733815874
 20
14.75823234241441
 30
0.0
 10
56.00738974058272
 20
14.75823234241441
 30
0.0
 10
56.00738974058272
 20
14.75823234241441
 30
0.0
 10
56.00738974058272
 20
14.75823234241441
 30
0.0
 10
56.00738974058272
 20
14.90518674180921
 30
0.0
 10
56.00738974058272
 20
14.90518674180921
 30
0.0
 10
56.00738974058272
 20
14.90518674180921
 30
0.0
 10
56.59520733815874
 20
14.90518674180921
 30
0.0
 10
56.59520733815874
 20
14.90518674180921
 30
0.0
 10
56.59520733815874
 20
14.90518674180921
 30
0.0
 10
56.59520733815874
 20
14.75823234241441
 30
0.0
 10
56.59520733815874
 20
14.75823234241441
 30
0.0
  0
SPLINE
  5
16F
330
70
100
AcDbEntity
  8
guideline
100
AcDbSpline
210
0.0
220
0.0
230
1.0
 70
    11
 71
     3
 72
    17
 73
    13
 74
     0
 42
0.0000000001
 43
0.0000000001
 40
0.0
 40
0.0
 40
0.0
 40
0.0
 40
1.0
 40
1.0
 40
1.0
 40
2.0
 40
2.0
 40
2.0
 40
3.0
 40
3.0
 40
3.0
 40
4.0
 40
4.0
 40
4.0
 40
4.0
 10
55.41957214300606
 20
14.75823234241441
 30
0.0
 10
55.41957214300606
 20
14.75823234241441
 30
0.0
 10
54.83175454543005
 20
14.75823234241441
 30
0.0
 10
54.83175454543005
 20
14.75823234241441
 30
0.0
 10
54.83175454543005
 20
14.75823234241441
 30
0.0
 10
54.83175454543005
 20
14.90518674180921
 30
0.0
 10
54.83175454543005
 20
14.90518674180921
 30
0.0
 10
54.83175454543005
 20
14.90518674180921
 30
0.0
 10
55.41957214300606
 20
14.90518674180921
 30
0.0
 10
55.41957214300606
 20
14.90518674180921
 30
0.0
 10
55.41957214300606
 20
14.90518674180921
 30
0.0
 10
55.41957214300606
 20
14.75823234241441
 30
0.0
 10
55.41957214300606
 20
14.75823234241441
 30
0.0
  0
SPLINE
  5
170
330
70
100
AcDbEntity
  8
guideline
100
AcDbSpline
210
0.0
220
0.0
230
1.0
 70
    11
 71
     3
 72
    17
 73
    13
 74
     0
 42
0.0000000001
 43
0.0000000001
 40
0.0
 40
0.0
 40
0.0
 40
0.0
 40
1.0
 40
1.0
 40
1.0
 40
2.0
 40
2.0
 40
2.0
 40
3.0
 40
3.0
 40
3.0
 40
4.0
 40
4.0
 40
4.0
 40
4.0
 10
54.24393694785339
 20
14.75823234241441
 30
0.0
 10
54.24393694785339
 20
14.75823234241441
 30
0.0
 10
53.65611935027673
 20
14.75823234241441
 30
0.0
 10
53.65611935027673
 20
14.75823234241441
 30
0.0
 10
53.65611935027673
 20
14.75823234241441
 30
0.0
 10
53.65611935027673
 20
14.90518674180921
 30
0.0
 10
53.65611935027673
 20
14.90518674180921
 30
0.0
 10
53.65611935027673
 20
14.90518674180921
 30
0.0
 10
54.24393694785339
 20
14.90518674180921
 30
0.0
 10
54.24393694785339
 20
14.90518674180921
 30
0.0
 10
54.24393694785339
 20
14.90518674180921
 30
0.0
 10
54.24393694785339
 20
14.75823234241441
 30
0.0
 10
54.24393694785339
 20
14.75823234241441
 30
0.0
  0
SPLINE
  5
171
330
70
100
AcDbEntity
  8
guideline
100
AcDbSpline
210
0.0
220
0.0
230
1.0
 70
    11
 71
     3
 72
    17
 73
    13
 74
     0
 42
0.0000000001
 43
0.0000000001
 40
0.0
 40
0.0
 40
0.0
 40
0.0
 40
1.0
 40
1.0
 40
1.0
 40
2.0
 40
2.0
 40
2.0
 40
3.0
 40
3.0
 40
3.0
 40
4.0
 40
4.0
 40
4.0
 40
4.0
 10
53.06830175270071
 20
14.75823234241441
 30
0.0
 10
53.06830175270071
 20
14.75823234241441
 30
0.0
 10
52.48048415512406
 20
14.75823234241441
 30
0.0
 10
52.48048415512406
 20
14.75823234241441
 30
0.0
 10
52.48048415512406
 20
14.75823234241441
 30
0.0
 10
52.48048415512406
 20
14.90518674180921
 30
0.0
 10
52.48048415512406
 20
14.90518674180921
 30
0.0
 10
52.48048415512406
 20
14.90518674180921
 30
0.0
 10
53.06830175270071
 20
14.90518674180921
 30
0.0
 10
53.06830175270071
 20
14.90518674180921
 30
0.0
 10
53.06830175270071
 20
14.90518674180921
 30
0.0
 10
53.06830175270071
 20
14.75823234241441
 30
0.0
 10
53.06830175270071
 20
14.75823234241441
 30
0.0
  0
SPLINE
  5
172
330
70
100
AcDbEntity
  8
guideline
100
AcDbSpline
210
0.0
220
0.0
230
1.0
 70
    11
 71
     3
 72
    17
 73
    13
 74
     0
 42
0.0000000001
 43
0.0000000001
 40
0.0
 40
0.0
 40
0.0
 40
0.0
 40
1.0
 40
1.0
 40
1.0
 40
2.0
 40
2.0
 40
2.0
 40
3.0
 40
3.0
 40
3.0
 40
4.0
 40
4.0
 40
4.0
 40
4.0
 10
51.89266655754805
 20
14.75823234241441
 30
0.0
 10
51.89266655754805
 20
14.75823234241441
 30
0.0
 10
51.30484895997138
 20
14.75823234241441
 30
0.0
 10
51.30484895997138
 20
14.75823234241441
 30
0.0
 10
51.30484895997138
 20
14.75823234241441
 30
0.0
 10
51.30484895997138
 20
14.90518674180921
 30
0.0
 10
51.30484895997138
 20
14.90518674180921
 30
0.0
 10
51.30484895997138
 20
14.90518674180921
 30
0.0
 10
51.89266655754805
 20
14.90518674180921
 30
0.0
 10
51.89266655754805
 20
14.90518674180921
 30
0.0
 10
51.89266655754805
 20
14.90518674180921
 30
0.0
 10
51.89266655754805
 20
14.75823234241441
 30
0.0
 10
51.89266655754805
 20
14.75823234241441
 30
0.0
  0
SPLINE
  5
173
330
70
100
AcDbEntity
  8
guideline
100
AcDbSpline
210
0.0
220
0.0
230
1.0
 70
    11
 71
     3
 72
    17
 73
    13
 74
     0
 42
0.0000000001
 43
0.0000000001
 40
0.0
 40
0.0
 40
0.0
 40
0.0
 40
1.0
 40
1.0
 40
1.0
 40
2.0
 40
2.0
 40
2.0
 40
3.0
 40
3.0
 40
3.0
 40
4.0
 40
4.0
 40
4.0
 40
4.0
 10
50.71703136239473
 20
14.75823234241441
 30
0.0
 10
50.71703136239473
 20
14.75823234241441
 30
0.0
 10
50.12921376481871
 20
14.75823234241441
 30
0.0
 10
50.12921376481871
 20
14.75823234241441
 30
0.0
 10
50.12921376481871
 20
14.75823234241441
 30
0.0
 10
50.12921376481871
 20
14.90518674180921
 30
0.0
 10
50.12921376481871
 20
14.90518674180921
 30
0.0
 10
50.12921376481871
 20
14.90518674180921
 30
0.0
 10
50.71703136239473
 20
14.90518674180921
 30
0.0
 10
50.71703136239473
 20
14.90518674180921
 30
0.0
 10
50.71703136239473
 20
14.90518674180921
 30
0.0
 10
50.71703136239473
 20
14.75823234241441
 30
0.0
 10
50.71703136239473
 20
14.75823234241441
 30
0.0
  0
SPLINE
  5
174
330
70
100
AcDbEntity
  8
guideline
100
AcDbSpline
210
0.0
220
0.0
230
1.0
 70
    11
 71
     3
 72
    17
 73
    13
 74
     0
 42
0.0000000001
 43
0.0000000001
 40
0.0
 40
0.0
 40
0.0
 40
0.0
 40
1.0
 40
1.0
 40
1.0
 40
2.0
 40
2.0
 40
2.0
 40
3.0
 40
3.0
 40
3.0
 40
4.0
 40
4.0
 40
4.0
 40
4.0
 10
49.54139616724205
 20
14.75823234241441
 30
0.0
 10
49.54139616724205
 20
14.75823234241441
 30
0.0
 10
48.95357856966604
 20
14.75823234241441
 30
0.0
 10
48.95357856966604
 20
14.75823234241441
 30
0.0
 10
48.95357856966604
 20
14.75823234241441
 30
0.0
 10
48.95357856966604
 20
14.90518674180921
 30
0.0
 10
48.95357856966604
 20
14.90518674180921
 30
0.0
 10
48.95357856966604
 20
14.90518674180921
 30
0.0
 10
49.54139616724205
 20
14.90518674180921
 30
0.0
 10
49.54139616724205
 20
14.90518674180921
 30
0.0
 10
49.54139616724205
 20
14.90518674180921
 30
0.0
 10
49.54139616724205
 20
14.75823234241441
 30
0.0
 10
49.54139616724205
 20
14.75823234241441
 30
0.0
  0
SPLINE
  5
175
330
70
100
AcDbEntity
  8
guideline
100
AcDbSpline
210
0.0
220
0.0
230
1.0
 70
    11
 71
     3
 72
    17
 73
    13
 74
     0
 42
0.0000000001
 43
0.0000000001
 40
0.0
 40
0.0
 40
0.0
 40
0.0
 40
1.0
 40
1.0
 40
1.0
 40
2.0
 40
2.0
 40
2.0
 40
3.0
 40
3.0
 40
3.0
 40
4.0
 40
4.0
 40
4.0
 40
4.0
 10
48.36576097208938
 20
14.75823234241441
 30
0.0
 10
48.36576097208938
 20
14.75823234241441
 30
0.0
 10
47.77794337451272
 20
14.75823234241441
 30
0.0
 10
47.77794337451272
 20
14.75823234241441
 30
0.0
 10
47.77794337451272
 20
14.75823234241441
 30
0.0
 10
47.77794337451272
 20
14.90518674180921
 30
0.0
 10
47.77794337451272
 20
14.90518674180921
 30
0.0
 10
47.77794337451272
 20
14.90518674180921
 30
0.0
 10
48.36576097208938
 20
14.90518674180921
 30
0.0
 10
48.36576097208938
 20
14.90518674180921
 30
0.0
 10
48.36576097208938
 20
14.90518674180921
 30
0.0
 10
48.36576097208938
 20
14.75823234241441
 30
0.0
 10
48.36576097208938
 20
14.75823234241441
 30
0.0
  0
SPLINE
  5
176
330
70
100
AcDbEntity
  8
guideline
100
AcDbSpline
210
0.0
220
0.0
230
1.0
 70
    11
 71
     3
 72
    17
 73
    13
 74
     0
 42
0.0000000001
 43
0.0000000001
 40
0.0
 40
0.0
 40
0.0
 40
0.0
 40
1.0
 40
1.0
 40
1.0
 40
2.0
 40
2.0
 40
2.0
 40
3.0
 40
3.0
 40
3.0
 40
4.0
 40
4.0
 40
4.0
 40
4.0
 10
47.1901257769367
 20
14.75823234241441
 30
0.0
 10
47.1901257769367
 20
14.75823234241441
 30
0.0
 10
46.60230817936005
 20
14.75823234241441
 30
0.0
 10
46.60230817936005
 20
14.75823234241441
 30
0.0
 10
46.60230817936005
 20
14.75823234241441
 30
0.0
 10
46.60230817936005
 20
14.90518674180921
 30
0.0
 10
46.60230817936005
 20
14.90518674180921
 30
0.0
 10
46.60230817936005
 20
14.90518674180921
 30
0.0
 10
47.1901257769367
 20
14.90518674180921
 30
0.0
 10
47.1901257769367
 20
14.90518674180921
 30
0.0
 10
47.1901257769367
 20
14.90518674180921
 30
0.0
 10
47.1901257769367
 20
14.75823234241441
 30
0.0
 10
47.1901257769367
 20
14.75823234241441
 30
0.0
  0
SPLINE
  5
177
330
70
100
AcDbEntity
  8
guideline
100
AcDbSpline
210
0.0
220
0.0
230
1.0
 70
    11
 71
     3
 72
    17
 73
    13
 74
     0
 42
0.0000000001
 43
0.0000000001
 40
0.0
 40
0.0
 40
0.0
 40
0.0
 40
1.0
 40
1.0
 40
1.0
 40
2.0
 40
2.0
 40
2.0
 40
3.0
 40
3.0
 40
3.0
 40
4.0
 40
4.0
 40
4.0
 40
4.0
 10
46.01449058178403
 20
14.75823234241441
 30
0.0
 10
46.01449058178403
 20
14.75823234241441
 30
0.0
 10
45.42667298420737
 20
14.75823234241441
 30
0.0
 10
45.42667298420737
 20
14.75823234241441
 30
0.0
 10
45.42667298420737
 20
14.75823234241441
 30
0.0
 10
45.42667298420737
 20
14.90518674180921
 30
0.0
 10
45.42667298420737
 20
14.90518674180921
 30
0.0
 10
45.42667298420737
 20
14.90518674180921
 30
0.0
 10
46.01449058178403
 20
14.90518674180921
 30
0.0
 10
46.01449058178403
 20
14.90518674180921
 30
0.0
 10
46.01449058178403
 20
14.90518674180921
 30
0.0
 10
46.01449058178403
 20
14.75823234241441
 30
0.0
 10
46.01449058178403
 20
14.75823234241441
 30
0.0
  0
SPLINE
  5
178
330
70
100
AcDbEntity
  8
guideline
100
AcDbSpline
210
0.0
220
0.0
230
1.0
 70
    11
 71
     3
 72
    17
 73
    13
 74
     0
 42
0.0000000001
 43
0.0000000001
 40
0.0
 40
0.0
 40
0.0
 40
0.0
 40
1.0
 40
1.0
 40
1.0
 40
2.0
 40
2.0
 40
2.0
 40
3.0
 40
3.0
 40
3.0
 40
4.0
 40
4.0
 40
4.0
 40
4.0
 10
44.83885538663169
 20
14.75823234241441
 30
0.0
 10
44.83885538663169
 20
14.75823234241441
 30
0.0
 10
44.25103778905502
 20
14.75823234241441
 30
0.0
 10
44.25103778905502
 20
14.75823234241441
 30
0.0
 10
44.25103778905502
 20
14.75823234241441
 30
0.0
 10
44.25103778905502
 20
14.90518674180921
 30
0.0
 10
44.25103778905502
 20
14.90518674180921
 30
0.0
 10
44.25103778905502
 20
14.90518674180921
 30
0.0
 10
44.83885538663169
 20
14.90518674180921
 30
0.0
 10
44.83885538663169
 20
14.90518674180921
 30
0.0
 10
44.83885538663169
 20
14.90518674180921
 30
0.0
 10
44.83885538663169
 20
14.75823234241441
 30
0.0
 10
44.83885538663169
 20
14.75823234241441
 30
0.0
  0
SPLINE
  5
179
330
70
100
AcDbEntity
  8
guideline
100
AcDbSpline
210
0.0
220
0.0
230
1.0
 70
    11
 71
     3
 72
    17
 73
    13
 74
     0
 42
0.0000000001
 43
0.0000000001
 40
0.0
 40
0.0
 40
0.0
 40
0.0
 40
1.0
 40
1.0
 40
1.0
 40
2.0
 40
2.0
 40
2.0
 40
3.0
 40
3.0
 40
3.0
 40
4.0
 40
4.0
 40
4.0
 40
4.0
 10
43.66322019147804
 20
14.75823234241441
 30
0.0
 10
43.66322019147804
 20
14.75823234241441
 30
0.0
 10
43.07540259390235
 20
14.75823234241441
 30
0.0
 10
43.07540259390235
 20
14.75823234241441
 30
0.0
 10
43.07540259390235
 20
14.75823234241441
 30
0.0
 10
43.07540259390235
 20
14.90518674180921
 30
0.0
 10
43.07540259390235
 20
14.90518674180921
 30
0.0
 10
43.07540259390235
 20
14.90518674180921
 30
0.0
 10
43.66322019147804
 20
14.90518674180921
 30
0.0
 10
43.66322019147804
 20
14.90518674180921
 30
0.0
 10
43.66322019147804
 20
14.90518674180921
 30
0.0
 10
43.66322019147804
 20
14.75823234241441
 30
0.0
 10
43.66322019147804
 20
14.75823234241441
 30
0.0
  0
SPLINE
  5
17A
330
70
100
AcDbEntity
  8
guideline
100
AcDbSpline
210
0.0
220
0.0
230
1.0
 70
    11
 71
     3
 72
    17
 73
    13
 74
     0
 42
0.0000000001
 43
0.0000000001
 40
0.0
 40
0.0
 40
0.0
 40
0.0
 40
1.0
 40
1.0
 40
1.0
 40
2.0
 40
2.0
 40
2.0
 40
3.0
 40
3.0
 40
3.0
 40
4.0
 40
4.0
 40
4.0
 40
4.0
 10
42.48758499632569
 20
14.75823234241441
 30
0.0
 10
42.48758499632569
 20
14.75823234241441
 30
0.0
 10
41.89976739874967
 20
14.75823234241441
 30
0.0
 10
41.89976739874967
 20
14.75823234241441
 30
0.0
 10
41.89976739874967
 20
14.75823234241441
 30
0.0
 10
41.89976739874967
 20
14.90518674180921
 30
0.0
 10
41.89976739874967
 20
14.90518674180921
 30
0.0
 10
41.89976739874967
 20
14.90518674180921
 30
0.0
 10
42.48758499632569
 20
14.90518674180921
 30
0.0
 10
42.48758499632569
 20
14.90518674180921
 30
0.0
 10
42.48758499632569
 20
14.90518674180921
 30
0.0
 10
42.48758499632569
 20
14.75823234241441
 30
0.0
 10
42.48758499632569
 20
14.75823234241441
 30
0.0
  0
SPLINE
  5
17B
330
70
100
AcDbEntity
  8
guideline
100
AcDbSpline
210
0.0
220
0.0
230
1.0
 70
    11
 71
     3
 72
    17
 73
    13
 74
     0
 42
0.0000000001
 43
0.0000000001
 40
0.0
 40
0.0
 40
0.0
 40
0.0
 40
1.0
 40
1.0
 40
1.0
 40
2.0
 40
2.0
 40
2.0
 40
3.0
 40
3.0
 40
3.0
 40
4.0
 40
4.0
 40
4.0
 40
4.0
 10
41.31194980117302
 20
14.75823234241441
 30
0.0
 10
41.31194980117302
 20
14.75823234241441
 30
0.0
 10
40.72413220359636
 20
14.75823234241441
 30
0.0
 10
40.72413220359636
 20
14.75823234241441
 30
0.0
 10
40.72413220359636
 20
14.75823234241441
 30
0.0
 10
40.72413220359636
 20
14.90518674180921
 30
0.0
 10
40.72413220359636
 20
14.90518674180921
 30
0.0
 10
40.72413220359636
 20
14.90518674180921
 30
0.0
 10
41.31194980117302
 20
14.90518674180921
 30
0.0
 10
41.31194980117302
 20
14.90518674180921
 30
0.0
 10
41.31194980117302
 20
14.90518674180921
 30
0.0
 10
41.31194980117302
 20
14.75823234241441
 30
0.0
 10
41.31194980117302
 20
14.75823234241441
 30
0.0
  0
SPLINE
  5
17C
330
70
100
AcDbEntity
  8
guideline
100
AcDbSpline
210
0.0
220
0.0
230
1.0
 70
    11
 71
     3
 72
    17
 73
    13
 74
     0
 42
0.0000000001
 43
0.0000000001
 40
0.0
 40
0.0
 40
0.0
 40
0.0
 40
1.0
 40
1.0
 40
1.0
 40
2.0
 40
2.0
 40
2.0
 40
3.0
 40
3.0
 40
3.0
 40
4.0
 40
4.0
 40
4.0
 40
4.0
 10
40.13631460602034
 20
14.75823234241441
 30
0.0
 10
40.13631460602034
 20
14.75823234241441
 30
0.0
 10
39.54849700844369
 20
14.75823234241441
 30
0.0
 10
39.54849700844369
 20
14.75823234241441
 30
0.0
 10
39.54849700844369
 20
14.75823234241441
 30
0.0
 10
39.54849700844369
 20
14.90518674180921
 30
0.0
 10
39.54849700844369
 20
14.90518674180921
 30
0.0
 10
39.54849700844369
 20
14.90518674180921
 30
0.0
 10
40.13631460602034
 20
14.90518674180921
 30
0.0
 10
40.13631460602034
 20
14.90518674180921
 30
0.0
 10
40.13631460602034
 20
14.90518674180921
 30
0.0
 10
40.13631460602034
 20
14.75823234241441
 30
0.0
 10
40.13631460602034
 20
14.75823234241441
 30
0.0
  0
SPLINE
  5
17D
330
70
100
AcDbEntity
  8
guideline
100
AcDbSpline
210
0.0
220
0.0
230
1.0
 70
    11
 71
     3
 72
    17
 73
    13
 74
     0
 42
0.0000000001
 43
0.0000000001
 40
0.0
 40
0.0
 40
0.0
 40
0.0
 40
1.0
 40
1.0
 40
1.0
 40
2.0
 40
2.0
 40
2.0
 40
3.0
 40
3.0
 40
3.0
 40
4.0
 40
4.0
 40
4.0
 40
4.0
 10
38.96067941086767
 20
14.75823234241441
 30
0.0
 10
38.96067941086767
 20
14.75823234241441
 30
0.0
 10
38.37286181329102
 20
14.75823234241441
 30
0.0
 10
38.37286181329102
 20
14.75823234241441
 30
0.0
 10
38.37286181329102
 20
14.75823234241441
 30
0.0
 10
38.37286181329102
 20
14.90518674180921
 30
0.0
 10
38.37286181329102
 20
14.90518674180921
 30
0.0
 10
38.37286181329102
 20
14.90518674180921
 30
0.0
 10
38.96067941086767
 20
14.90518674180921
 30
0.0
 10
38.96067941086767
 20
14.90518674180921
 30
0.0
 10
38.96067941086767
 20
14.90518674180921
 30
0.0
 10
38.96067941086767
 20
14.75823234241441
 30
0.0
 10
38.96067941086767
 20
14.75823234241441
 30
0.0
  0
SPLINE
  5
17E
330
70
100
AcDbEntity
  8
guideline
100
AcDbSpline
210
0.0
220
0.0
230
1.0
 70
    11
 71
     3
 72
    17
 73
    13
 74
     0
 42
0.0000000001
 43
0.0000000001
 40
0.0
 40
0.0
 40
0.0
 40
0.0
 40
1.0
 40
1.0
 40
1.0
 40
2.0
 40
2.0
 40
2.0
 40
3.0
 40
3.0
 40
3.0
 40
4.0
 40
4.0
 40
4.0
 40
4.0
 10
37.78504421571436
 20
14.75823234241441
 30
0.0
 10
37.78504421571436
 20
14.75823234241441
 30
0.0
 10
37.19722661813834
 20
14.75823234241441
 30
0.0
 10
37.19722661813834
 20
14.75823234241441
 30
0.0
 10
37.19722661813834
 20
14.75823234241441
 30
0.0
 10
37.19722661813834
 20
14.90518674180921
 30
0.0
 10
37.19722661813834
 20
14.90518674180921
 30
0.0
 10
37.19722661813834
 20
14.90518674180921
 30
0.0
 10
37.78504421571436
 20
14.90518674180921
 30
0.0
 10
37.78504421571436
 20
14.90518674180921
 30
0.0
 10
37.78504421571436
 20
14.90518674180921
 30
0.0
 10
37.78504421571436
 20
14.75823234241441
 30
0.0
 10
37.78504421571436
 20
14.75823234241441
 30
0.0
  0
SPLINE
  5
17F
330
70
100
AcDbEntity
  8
guideline
100
AcDbSpline
210
0.0
220
0.0
230
1.0
 70
    11
 71
     3
 72
    17
 73
    13
 74
     0
 42
0.0000000001
 43
0.0000000001
 40
0.0
 40
0.0
 40
0.0
 40
0.0
 40
1.0
 40
1.0
 40
1.0
 40
2.0
 40
2.0
 40
2.0
 40
3.0
 40
3.0
 40
3.0
 40
4.0
 40
4.0
 40
4.0
 40
4.0
 10
36.60940902056168
 20
14.75823234241441
 30
0.0
 10
36.60940902056168
 20
14.75823234241441
 30
0.0
 10
36.02159142298567
 20
14.75823234241441
 30
0.0
 10
36.02159142298567
 20
14.75823234241441
 30
0.0
 10
36.02159142298567
 20
14.75823234241441
 30
0.0
 10
36.02159142298567
 20
14.90518674180921
 30
0.0
 10
36.02159142298567
 20
14.90518674180921
 30
0.0
 10
36.02159142298567
 20
14.90518674180921
 30
0.0
 10
36.60940902056168
 20
14.90518674180921
 30
0.0
 10
36.60940902056168
 20
14.90518674180921
 30
0.0
 10
36.60940902056168
 20
14.90518674180921
 30
0.0
 10
36.60940902056168
 20
14.75823234241441
 30
0.0
 10
36.60940902056168
 20
14.75823234241441
 30
0.0
  0
SPLINE
  5
180
330
70
100
AcDbEntity
  8
guideline
100
AcDbSpline
210
0.0
220
0.0
230
1.0
 70
    11
 71
     3
 72
    17
 73
    13
 74
     0
 42
0.0000000001
 43
0.0000000001
 40
0.0
 40
0.0
 40
0.0
 40
0.0
 40
1.0
 40
1.0
 40
1.0
 40
2.0
 40
2.0
 40
2.0
 40
3.0
 40
3.0
 40
3.0
 40
4.0
 40
4.0
 40
4.0
 40
4.0
 10
35.43377382540901
 20
14.75823234241441
 30
0.0
 10
35.43377382540901
 20
14.75823234241441
 30
0.0
 10
34.84595622783331
 20
14.75823234241441
 30
0.0
 10
34.84595622783331
 20
14.75823234241441
 30
0.0
 10
34.84595622783331
 20
14.75823234241441
 30
0.0
 10
34.84595622783331
 20
14.90518674180921
 30
0.0
 10
34.84595622783331
 20
14.90518674180921
 30
0.0
 10
34.84595622783331
 20
14.90518674180921
 30
0.0
 10
35.43377382540901
 20
14.90518674180921
 30
0.0
 10
35.43377382540901
 20
14.90518674180921
 30
0.0
 10
35.43377382540901
 20
14.90518674180921
 30
0.0
 10
35.43377382540901
 20
14.75823234241441
 30
0.0
 10
35.43377382540901
 20
14.75823234241441
 30
0.0
  0
SPLINE
  5
181
330
70
100
AcDbEntity
  8
guideline
100
AcDbSpline
210
0.0
220
0.0
230
1.0
 70
    11
 71
     3
 72
    17
 73
    13
 74
     0
 42
0.0000000001
 43
0.0000000001
 40
0.0
 40
0.0
 40
0.0
 40
0.0
 40
1.0
 40
1.0
 40
1.0
 40
2.0
 40
2.0
 40
2.0
 40
3.0
 40
3.0
 40
3.0
 40
4.0
 40
4.0
 40
4.0
 40
4.0
 10
34.25813863025633
 20
14.75823234241441
 30
0.0
 10
34.25813863025633
 20
14.75823234241441
 30
0.0
 10
33.67032103267968
 20
14.75823234241441
 30
0.0
 10
33.67032103267968
 20
14.75823234241441
 30
0.0
 10
33.67032103267968
 20
14.75823234241441
 30
0.0
 10
33.67032103267968
 20
14.90518674180921
 30
0.0
 10
33.67032103267968
 20
14.90518674180921
 30
0.0
 10
33.67032103267968
 20
14.90518674180921
 30
0.0
 10
34.25813863025633
 20
14.90518674180921
 30
0.0
 10
34.25813863025633
 20
14.90518674180921
 30
0.0
 10
34.25813863025633
 20
14.90518674180921
 30
0.0
 10
34.25813863025633
 20
14.75823234241441
 30
0.0
 10
34.25813863025633
 20
14.75823234241441
 30
0.0
  0
SPLINE
  5
182
330
70
100
AcDbEntity
  8
guideline
100
AcDbSpline
210
0.0
220
0.0
230
1.0
 70
    11
 71
     3
 72
    17
 73
    13
 74
     0
 42
0.0000000001
 43
0.0000000001
 40
0.0
 40
0.0
 40
0.0
 40
0.0
 40
1.0
 40
1.0
 40
1.0
 40
2.0
 40
2.0
 40
2.0
 40
3.0
 40
3.0
 40
3.0
 40
4.0
 40
4.0
 40
4.0
 40
4.0
 10
33.08250343510302
 20
14.75823234241441
 30
0.0
 10
33.08250343510302
 20
14.75823234241441
 30
0.0
 10
32.494685837527
 20
14.75823234241441
 30
0.0
 10
32.494685837527
 20
14.75823234241441
 30
0.0
 10
32.494685837527
 20
14.75823234241441
 30
0.0
 10
32.494685837527
 20
14.90518674180921
 30
0.0
 10
32.494685837527
 20
14.90518674180921
 30
0.0
 10
32.494685837527
 20
14.90518674180921
 30
0.0
 10
33.08250343510302
 20
14.90518674180921
 30
0.0
 10
33.08250343510302
 20
14.90518674180921
 30
0.0
 10
33.08250343510302
 20
14.90518674180921
 30
0.0
 10
33.08250343510302
 20
14.75823234241441
 30
0.0
 10
33.08250343510302
 20
14.75823234241441
 30
0.0
  0
SPLINE
  5
183
330
70
100
AcDbEntity
  8
guideline
100
AcDbSpline
210
0.0
220
0.0
230
1.0
 70
    11
 71
     3
 72
    17
 73
    13
 74
     0
 42
0.0000000001
 43
0.0000000001
 40
0.0
 40
0.0
 40
0.0
 40
0.0
 40
1.0
 40
1.0
 40
1.0
 40
2.0
 40
2.0
 40
2.0
 40
3.0
 40
3.0
 40
3.0
 40
4.0
 40
4.0
 40
4.0
 40
4.0
 10
31.90686823995035
 20
14.75823234241441
 30
0.0
 10
31.90686823995035
 20
14.75823234241441
 30
0.0
 10
31.31905064237433
 20
14.75823234241441
 30
0.0
 10
31.31905064237433
 20
14.75823234241441
 30
0.0
 10
31.31905064237433
 20
14.75823234241441
 30
0.0
 10
31.31905064237433
 20
14.90518674180921
 30
0.0
 10
31.31905064237433
 20
14.90518674180921
 30
0.0
 10
31.31905064237433
 20
14.90518674180921
 30
0.0
 10
31.90686823995035
 20
14.90518674180921
 30
0.0
 10
31.90686823995035
 20
14.90518674180921
 30
0.0
 10
31.90686823995035
 20
14.90518674180921
 30
0.0
 10
31.90686823995035
 20
14.75823234241441
 30
0.0
 10
31.90686823995035
 20
14.75823234241441
 30
0.0
  0
SPLINE
  5
184
330
70
100
AcDbEntity
  8
guideline
100
AcDbSpline
210
0.0
220
0.0
230
1.0
 70
    11
 71
     3
 72
    17
 73
    13
 74
     0
 42
0.0000000001
 43
0.0000000001
 40
0.0
 40
0.0
 40
0.0
 40
0.0
 40
1.0
 40
1.0
 40
1.0
 40
2.0
 40
2.0
 40
2.0
 40
3.0
 40
3.0
 40
3.0
 40
4.0
 40
4.0
 40
4.0
 40
4.0
 10
30.73123304479767
 20
14.75823234241441
 30
0.0
 10
30.73123304479767
 20
14.75823234241441
 30
0.0
 10
30.14341544722102
 20
14.75823234241441
 30
0.0
 10
30.14341544722102
 20
14.75823234241441
 30
0.0
 10
30.14341544722102
 20
14.75823234241441
 30
0.0
 10
30.14341544722102
 20
14.90518674180921
 30
0.0
 10
30.14341544722102
 20
14.90518674180921
 30
0.0
 10
30.14341544722102
 20
14.90518674180921
 30
0.0
 10
30.73123304479767
 20
14.90518674180921
 30
0.0
 10
30.73123304479767
 20
14.90518674180921
 30
0.0
 10
30.73123304479767
 20
14.90518674180921
 30
0.0
 10
30.73123304479767
 20
14.75823234241441
 30
0.0
 10
30.73123304479767
 20
14.75823234241441
 30
0.0
  0
SPLINE
  5
185
330
70
100
AcDbEntity
  8
guideline
100
AcDbSpline
210
0.0
220
0.0
230
1.0
 70
    11
 71
     3
 72
    17
 73
    13
 74
     0
 42
0.0000000001
 43
0.0000000001
 40
0.0
 40
0.0
 40
0.0
 40
0.0
 40
1.0
 40
1.0
 40
1.0
 40
2.0
 40
2.0
 40
2.0
 40
3.0
 40
3.0
 40
3.0
 40
4.0
 40
4.0
 40
4.0
 40
4.0
 10
29.555597849645
 20
14.75823234241441
 30
0.0
 10
29.555597849645
 20
14.75823234241441
 30
0.0
 10
28.96778025206834
 20
14.75823234241441
 30
0.0
 10
28.96778025206834
 20
14.75823234241441
 30
0.0
 10
28.96778025206834
 20
14.75823234241441
 30
0.0
 10
28.96778025206834
 20
14.90518674180921
 30
0.0
 10
28.96778025206834
 20
14.90518674180921
 30
0.0
 10
28.96778025206834
 20
14.90518674180921
 30
0.0
 10
29.555597849645
 20
14.90518674180921
 30
0.0
 10
29.555597849645
 20
14.90518674180921
 30
0.0
 10
29.555597849645
 20
14.90518674180921
 30
0.0
 10
29.555597849645
 20
14.75823234241441
 30
0.0
 10
29.555597849645
 20
14.75823234241441
 30
0.0
  0
SPLINE
  5
186
330
70
100
AcDbEntity
  8
guideline
100
AcDbSpline
210
0.0
220
0.0
230
1.0
 70
    11
 71
     3
 72
    17
 73
    13
 74
     0
 42
0.0000000001
 43
0.0000000001
 40
0.0
 40
0.0
 40
0.0
 40
0.0
 40
1.0
 40
1.0
 40
1.0
 40
2.0
 40
2.0
 40
2.0
 40
3.0
 40
3.0
 40
3.0
 40
4.0
 40
4.0
 40
4.0
 40
4.0
 10
28.37996265449169
 20
14.75823234241441
 30
0.0
 10
28.37996265449169
 20
14.75823234241441
 30
0.0
 10
27.79214505691567
 20
14.75823234241441
 30
0.0
 10
27.79214505691567
 20
14.75823234241441
 30
0.0
 10
27.79214505691567
 20
14.75823234241441
 30
0.0
 10
27.79214505691567
 20
14.90518674180921
 30
0.0
 10
27.79214505691567
 20
14.90518674180921
 30
0.0
 10
27.79214505691567
 20
14.90518674180921
 30
0.0
 10
28.37996265449169
 20
14.90518674180921
 30
0.0
 10
28.37996265449169
 20
14.90518674180921
 30
0.0
 10
28.37996265449169
 20
14.90518674180921
 30
0.0
 10
28.37996265449169
 20
14.75823234241441
 30
0.0
 10
28.37996265449169
 20
14.75823234241441
 30
0.0
  0
SPLINE
  5
187
330
70
100
AcDbEntity
  8
guideline
100
AcDbSpline
210
0.0
220
0.0
230
1.0
 70
    11
 71
     3
 72
    17
 73
    13
 74
     0
 42
0.0000000001
 43
0.0000000001
 40
0.0
 40
0.0
 40
0.0
 40
0.0
 40
1.0
 40
1.0
 40
1.0
 40
2.0
 40
2.0
 40
2.0
 40
3.0
 40
3.0
 40
3.0
 40
4.0
 40
4.0
 40
4.0
 40
4.0
 10
27.20432745933901
 20
14.75823234241441
 30
0.0
 10
27.20432745933901
 20
14.75823234241441
 30
0.0
 10
26.616509861763
 20
14.75823234241441
 30
0.0
 10
26.616509861763
 20
14.75823234241441
 30
0.0
 10
26.616509861763
 20
14.75823234241441
 30
0.0
 10
26.616509861763
 20
14.90518674180921
 30
0.0
 10
26.616509861763
 20
14.90518674180921
 30
0.0
 10
26.616509861763
 20
14.90518674180921
 30
0.0
 10
27.20432745933901
 20
14.90518674180921
 30
0.0
 10
27.20432745933901
 20
14.90518674180921
 30
0.0
 10
27.20432745933901
 20
14.90518674180921
 30
0.0
 10
27.20432745933901
 20
14.75823234241441
 30
0.0
 10
27.20432745933901
 20
14.75823234241441
 30
0.0
  0
HATCH
  5
188
330
70
100
AcDbEntity
  8
guideline
 62
   241
420
 16028843
440
 33554687
100
AcDbHatch
 10
0.0
 20
0.0
 30
0.0
210
0.0
220
0.0
230
1.0
  2
SOLID
 70
     1
 71
     1
 91
       32
 92
        1
 93
        1
 72
     4
 94
        3
 73
     0
 74
     0
 95
       17
 96
       13
 40
0.0
 40
0.0
 40
0.0
 40
0.0
 40
1.0
 40
1.0
 40
1.0
 40
2.0
 40
2.0
 40
2.0
 40
3.0
 40
3.0
 40
3.0
 40
4.0
 40
4.0
 40
4.0
 40
4.0
 10
63.64901850907607
 20
14.75823234241441
 10
63.64901850907607
 20
14.75823234241441
 10
63.0612009114994
 20
14.75823234241441
 10
63.0612009114994
 20
14.75823234241441
 10
63.0612009114994
 20
14.75823234241441
 10
63.0612009114994
 20
14.90518674180921
 10
63.0612009114994
 20
14.90518674180921
 10
63.0612009114994
 20
14.90518674180921
 10
63.64901850907607
 20
14.90518674180921
 10
63.64901850907607
 20
14.90518674180921
 10
63.64901850907607
 20
14.90518674180921
 10
63.64901850907607
 20
14.75823234241441
 10
63.64901850907607
 20
14.75823234241441
 97
        0
 97
        1
330
168
 92
        1
 93
        2
 72
     4
 94
        3
 73
     0
 74
     0
 95
       17
 96
       13
 40
0.0
 40
0.0
 40
0.0
 40
0.0
 40
1.0
 40
1.0
 40
1.0
 40
2.0
 40
2.0
 40
2.0
 40
3.0
 40
3.0
 40
3.0
 40
4.0
 40
4.0
 40
4.0
 40
4.0
 10
62.47338331392275
 20
14.75823234241441
 10
62.47338331392275
 20
14.75823234241441
 10
61.88556571634673
 20
14.75823234241441
 10
61.88556571634673
 20
14.75823234241441
 10
61.88556571634673
 20
14.75823234241441
 10
61.88556571634673
 20
14.90518674180921
 10
61.88556571634673
 20
14.90518674180921
 10
61.88556571634673
 20
14.90518674180921
 10
62.47338331392275
 20
14.90518674180921
 10
62.47338331392275
 20
14.90518674180921
 10
62.47338331392275
 20
14.90518674180921
 10
62.47338331392275
 20
14.75823234241441
 10
62.47338331392275
 20
14.75823234241441
 97
        0
 72
     1
 10
62.47338331392275
 20
14.75823234241441
 11
62.47338331392275
 21
14.75823234241441
 97
        0
 92
        1
 93
        2
 72
     4
 94
        3
 73
     0
 74
     0
 95
       17
 96
       13
 40
0.0
 40
0.0
 40
0.0
 40
0.0
 40
1.0
 40
1.0
 40
1.0
 40
2.0
 40
2.0
 40
2.0
 40
3.0
 40
3.0
 40
3.0
 40
4.0
 40
4.0
 40
4.0
 40
4.0
 10
61.29774811877007
 20
14.75823234241441
 10
61.29774811877007
 20
14.75823234241441
 10
60.70993052119342
 20
14.75823234241441
 10
60.70993052119342
 20
14.75823234241441
 10
60.70993052119342
 20
14.75823234241441
 10
60.70993052119342
 20
14.90518674180921
 10
60.70993052119342
 20
14.90518674180921
 10
60.70993052119342
 20
14.90518674180921
 10
61.29774811877007
 20
14.90518674180921
 10
61.29774811877007
 20
14.90518674180921
 10
61.29774811877007
 20
14.90518674180921
 10
61.29774811877007
 20
14.75823234241441
 10
61.29774811877007
 20
14.75823234241441
 97
        0
 72
     1
 10
61.29774811877007
 20
14.75823234241441
 11
61.29774811877007
 21
14.75823234241441
 97
        0
 92
        1
 93
        2
 72
     4
 94
        3
 73
     0
 74
     0
 95
       17
 96
       13
 40
0.0
 40
0.0
 40
0.0
 40
0.0
 40
1.0
 40
1.0
 40
1.0
 40
2.0
 40
2.0
 40
2.0
 40
3.0
 40
3.0
 40
3.0
 40
4.0
 40
4.0
 40
4.0
 40
4.0
 10
60.1221129236174
 20
14.75823234241441
 10
60.1221129236174
 20
14.75823234241441
 10
59.53429532604075
 20
14.75823234241441
 10
59.53429532604075
 20
14.75823234241441
 10
59.53429532604075
 20
14.75823234241441
 10
59.53429532604075
 20
14.90518674180921
 10
59.53429532604075
 20
14.90518674180921
 10
59.53429532604075
 20
14.90518674180921
 10
60.1221129236174
 20
14.90518674180921
 10
60.1221129236174
 20
14.90518674180921
 10
60.1221129236174
 20
14.90518674180921
 10
60.1221129236174
 20
14.75823234241441
 10
60.1221129236174
 20
14.75823234241441
 97
        0
 72
     1
 10
60.1221129236174
 20
14.75823234241441
 11
60.1221129236174
 21
14.75823234241441
 97
        0
 92
        1
 93
        2
 72
     4
 94
        3
 73
     0
 74
     0
 95
       17
 96
       13
 40
0.0
 40
0.0
 40
0.0
 40
0.0
 40
1.0
 40
1.0
 40
1.0
 40
2.0
 40
2.0
 40
2.0
 40
3.0
 40
3.0
 40
3.0
 40
4.0
 40
4.0
 40
4.0
 40
4.0
 10
58.94647772846473
 20
14.75823234241441
 10
58.94647772846473
 20
14.75823234241441
 10
58.35866013088807
 20
14.75823234241441
 10
58.35866013088807
 20
14.75823234241441
 10
58.35866013088807
 20
14.75823234241441
 10
58.35866013088807
 20
14.90518674180921
 10
58.35866013088807
 20
14.90518674180921
 10
58.35866013088807
 20
14.90518674180921
 10
58.94647772846473
 20
14.90518674180921
 10
58.94647772846473
 20
14.90518674180921
 10
58.94647772846473
 20
14.90518674180921
 10
58.94647772846473
 20
14.75823234241441
 10
58.94647772846473
 20
14.75823234241441
 97
        0
 72
     1
 10
58.94647772846473
 20
14.75823234241441
 11
58.94647772846473
 21
14.75823234241441
 97
        0
 92
        1
 93
        2
 72
     4
 94
        3
 73
     0
 74
     0
 95
       17
 96
       13
 40
0.0
 40
0.0
 40
0.0
 40
0.0
 40
1.0
 40
1.0
 40
1.0
 40
2.0
 40
2.0
 40
2.0
 40
3.0
 40
3.0
 40
3.0
 40
4.0
 40
4.0
 40
4.0
 40
4.0
 10
57.77084253331206
 20
14.75823234241441
 10
57.77084253331206
 20
14.75823234241441
 10
57.18302493573539
 20
14.75823234241441
 10
57.18302493573539
 20
14.75823234241441
 10
57.18302493573539
 20
14.75823234241441
 10
57.18302493573539
 20
14.90518674180921
 10
57.18302493573539
 20
14.90518674180921
 10
57.18302493573539
 20
14.90518674180921
 10
57.77084253331206
 20
14.90518674180921
 10
57.77084253331206
 20
14.90518674180921
 10
57.77084253331206
 20
14.90518674180921
 10
57.77084253331206
 20
14.75823234241441
 10
57.77084253331206
 20
14.75823234241441
 97
        0
 72
     1
 10
57.77084253331206
 20
14.75823234241441
 11
57.77084253331206
 21
14.75823234241441
 97
        0
 92
        1
 93
        2
 72
     4
 94
        3
 73
     0
 74
     0
 95
       17
 96
       13
 40
0.0
 40
0.0
 40
0.0
 40
0.0
 40
1.0
 40
1.0
 40
1.0
 40
2.0
 40
2.0
 40
2.0
 40
3.0
 40
3.0
 40
3.0
 40
4.0
 40
4.0
 40
4.0
 40
4.0
 10
56.59520733815874
 20
14.75823234241441
 10
56.59520733815874
 20
14.75823234241441
 10
56.00738974058272
 20
14.75823234241441
 10
56.00738974058272
 20
14.75823234241441
 10
56.00738974058272
 20
14.75823234241441
 10
56.00738974058272
 20
14.90518674180921
 10
56.00738974058272
 20
14.90518674180921
 10
56.00738974058272
 20
14.90518674180921
 10
56.59520733815874
 20
14.90518674180921
 10
56.59520733815874
 20
14.90518674180921
 10
56.59520733815874
 20
14.90518674180921
 10
56.59520733815874
 20
14.75823234241441
 10
56.59520733815874
 20
14.75823234241441
 97
        0
 72
     1
 10
56.59520733815874
 20
14.75823234241441
 11
56.59520733815874
 21
14.75823234241441
 97
        0
 92
        1
 93
        2
 72
     4
 94
        3
 73
     0
 74
     0
 95
       17
 96
       13
 40
0.0
 40
0.0
 40
0.0
 40
0.0
 40
1.0
 40
1.0
 40
1.0
 40
2.0
 40
2.0
 40
2.0
 40
3.0
 40
3.0
 40
3.0
 40
4.0
 40
4.0
 40
4.0
 40
4.0
 10
55.41957214300606
 20
14.75823234241441
 10
55.41957214300606
 20
14.75823234241441
 10
54.83175454543005
 20
14.75823234241441
 10
54.83175454543005
 20
14.75823234241441
 10
54.83175454543005
 20
14.75823234241441
 10
54.83175454543005
 20
14.90518674180921
 10
54.83175454543005
 20
14.90518674180921
 10
54.83175454543005
 20
14.90518674180921
 10
55.41957214300606
 20
14.90518674180921
 10
55.41957214300606
 20
14.90518674180921
 10
55.41957214300606
 20
14.90518674180921
 10
55.41957214300606
 20
14.75823234241441
 10
55.41957214300606
 20
14.75823234241441
 97
        0
 72
     1
 10
55.41957214300606
 20
14.75823234241441
 11
55.41957214300606
 21
14.75823234241441
 97
        0
 92
        1
 93
        2
 72
     4
 94
        3
 73
     0
 74
     0
 95
       17
 96
       13
 40
0.0
 40
0.0
 40
0.0
 40
0.0
 40
1.0
 40
1.0
 40
1.0
 40
2.0
 40
2.0
 40
2.0
 40
3.0
 40
3.0
 40
3.0
 40
4.0
 40
4.0
 40
4.0
 40
4.0
 10
54.24393694785339
 20
14.75823234241441
 10
54.24393694785339
 20
14.75823234241441
 10
53.65611935027673
 20
14.75823234241441
 10
53.65611935027673
 20
14.75823234241441
 10
53.65611935027673
 20
14.75823234241441
 10
53.65611935027673
 20
14.90518674180921
 10
53.65611935027673
 20
14.90518674180921
 10
53.65611935027673
 20
14.90518674180921
 10
54.24393694785339
 20
14.90518674180921
 10
54.24393694785339
 20
14.90518674180921
 10
54.24393694785339
 20
14.90518674180921
 10
54.24393694785339
 20
14.75823234241441
 10
54.24393694785339
 20
14.75823234241441
 97
        0
 72
     1
 10
54.24393694785339
 20
14.75823234241441
 11
54.24393694785339
 21
14.75823234241441
 97
        0
 92
        1
 93
        2
 72
     4
 94
        3
 73
     0
 74
     0
 95
       17
 96
       13
 40
0.0
 40
0.0
 40
0.0
 40
0.0
 40
1.0
 40
1.0
 40
1.0
 40
2.0
 40
2.0
 40
2.0
 40
3.0
 40
3.0
 40
3.0
 40
4.0
 40
4.0
 40
4.0
 40
4.0
 10
53.06830175270071
 20
14.75823234241441
 10
53.06830175270071
 20
14.75823234241441
 10
52.48048415512406
 20
14.75823234241441
 10
52.48048415512406
 20
14.75823234241441
 10
52.48048415512406
 20
14.75823234241441
 10
52.48048415512406
 20
14.90518674180921
 10
52.48048415512406
 20
14.90518674180921
 10
52.48048415512406
 20
14.90518674180921
 10
53.06830175270071
 20
14.90518674180921
 10
53.06830175270071
 20
14.90518674180921
 10
53.06830175270071
 20
14.90518674180921
 10
53.06830175270071
 20
14.75823234241441
 10
53.06830175270071
 20
14.75823234241441
 97
        0
 72
     1
 10
53.06830175270071
 20
14.75823234241441
 11
53.06830175270071
 21
14.75823234241441
 97
        0
 92
        1
 93
        2
 72
     4
 94
        3
 73
     0
 74
     0
 95
       17
 96
       13
 40
0.0
 40
0.0
 40
0.0
 40
0.0
 40
1.0
 40
1.0
 40
1.0
 40
2.0
 40
2.0
 40
2.0
 40
3.0
 40
3.0
 40
3.0
 40
4.0
 40
4.0
 40
4.0
 40
4.0
 10
51.89266655754805
 20
14.75823234241441
 10
51.89266655754805
 20
14.75823234241441
 10
51.30484895997138
 20
14.75823234241441
 10
51.30484895997138
 20
14.75823234241441
 10
51.30484895997138
 20
14.75823234241441
 10
51.30484895997138
 20
14.90518674180921
 10
51.30484895997138
 20
14.90518674180921
 10
51.30484895997138
 20
14.90518674180921
 10
51.89266655754805
 20
14.90518674180921
 10
51.89266655754805
 20
14.90518674180921
 10
51.89266655754805
 20
14.90518674180921
 10
51.89266655754805
 20
14.75823234241441
 10
51.89266655754805
 20
14.75823234241441
 97
        0
 72
     1
 10
51.89266655754805
 20
14.75823234241441
 11
51.89266655754805
 21
14.75823234241441
 97
        0
 92
        1
 93
        2
 72
     4
 94
        3
 73
     0
 74
     0
 95
       17
 96
       13
 40
0.0
 40
0.0
 40
0.0
 40
0.0
 40
1.0
 40
1.0
 40
1.0
 40
2.0
 40
2.0
 40
2.0
 40
3.0
 40
3.0
 40
3.0
 40
4.0
 40
4.0
 40
4.0
 40
4.0
 10
50.71703136239473
 20
14.75823234241441
 10
50.71703136239473
 20
14.75823234241441
 10
50.12921376481871
 20
14.75823234241441
 10
50.12921376481871
 20
14.75823234241441
 10
50.12921376481871
 20
14.75823234241441
 10
50.12921376481871
 20
14.90518674180921
 10
50.12921376481871
 20
14.90518674180921
 10
50.12921376481871
 20
14.90518674180921
 10
50.71703136239473
 20
14.90518674180921
 10
50.71703136239473
 20
14.90518674180921
 10
50.71703136239473
 20
14.90518674180921
 10
50.71703136239473
 20
14.75823234241441
 10
50.71703136239473
 20
14.75823234241441
 97
        0
 72
     1
 10
50.71703136239473
 20
14.75823234241441
 11
50.71703136239473
 21
14.75823234241441
 97
        0
 92
        1
 93
        2
 72
     4
 94
        3
 73
     0
 74
     0
 95
       17
 96
       13
 40
0.0
 40
0.0
 40
0.0
 40
0.0
 40
1.0
 40
1.0
 40
1.0
 40
2.0
 40
2.0
 40
2.0
 40
3.0
 40
3.0
 40
3.0
 40
4.0
 40
4.0
 40
4.0
 40
4.0
 10
49.54139616724205
 20
14.75823234241441
 10
49.54139616724205
 20
14.75823234241441
 10
48.95357856966604
 20
14.75823234241441
 10
48.95357856966604
 20
14.75823234241441
 10
48.95357856966604
 20
14.75823234241441
 10
48.95357856966604
 20
14.90518674180921
 10
48.95357856966604
 20
14.90518674180921
 10
48.95357856966604
 20
14.90518674180921
 10
49.54139616724205
 20
14.90518674180921
 10
49.54139616724205
 20
14.90518674180921
 10
49.54139616724205
 20
14.90518674180921
 10
49.54139616724205
 20
14.75823234241441
 10
49.54139616724205
 20
14.75823234241441
 97
        0
 72
     1
 10
49.54139616724205
 20
14.75823234241441
 11
49.54139616724205
 21
14.75823234241441
 97
        0
 92
        1
 93
        2
 72
     4
 94
        3
 73
     0
 74
     0
 95
       17
 96
       13
 40
0.0
 40
0.0
 40
0.0
 40
0.0
 40
1.0
 40
1.0
 40
1.0
 40
2.0
 40
2.0
 40
2.0
 40
3.0
 40
3.0
 40
3.0
 40
4.0
 40
4.0
 40
4.0
 40
4.0
 10
48.36576097208938
 20
14.75823234241441
 10
48.36576097208938
 20
14.75823234241441
 10
47.77794337451272
 20
14.75823234241441
 10
47.77794337451272
 20
14.75823234241441
 10
47.77794337451272
 20
14.75823234241441
 10
47.77794337451272
 20
14.90518674180921
 10
47.77794337451272
 20
14.90518674180921
 10
47.77794337451272
 20
14.90518674180921
 10
48.36576097208938
 20
14.90518674180921
 10
48.36576097208938
 20
14.90518674180921
 10
48.36576097208938
 20
14.90518674180921
 10
48.36576097208938
 20
14.75823234241441
 10
48.36576097208938
 20
14.75823234241441
 97
        0
 72
     1
 10
48.36576097208938
 20
14.75823234241441
 11
48.36576097208938
 21
14.75823234241441
 97
        0
 92
        1
 93
        2
 72
     4
 94
        3
 73
     0
 74
     0
 95
       17
 96
       13
 40
0.0
 40
0.0
 40
0.0
 40
0.0
 40
1.0
 40
1.0
 40
1.0
 40
2.0
 40
2.0
 40
2.0
 40
3.0
 40
3.0
 40
3.0
 40
4.0
 40
4.0
 40
4.0
 40
4.0
 10
47.1901257769367
 20
14.75823234241441
 10
47.1901257769367
 20
14.75823234241441
 10
46.60230817936005
 20
14.75823234241441
 10
46.60230817936005
 20
14.75823234241441
 10
46.60230817936005
 20
14.75823234241441
 10
46.60230817936005
 20
14.90518674180921
 10
46.60230817936005
 20
14.90518674180921
 10
46.60230817936005
 20
14.90518674180921
 10
47.1901257769367
 20
14.90518674180921
 10
47.1901257769367
 20
14.90518674180921
 10
47.1901257769367
 20
14.90518674180921
 10
47.1901257769367
 20
14.75823234241441
 10
47.1901257769367
 20
14.75823234241441
 97
        0
 72
     1
 10
47.1901257769367
 20
14.75823234241441
 11
47.1901257769367
 21
14.75823234241441
 97
        0
 92
        1
 93
        2
 72
     4
 94
        3
 73
     0
 74
     0
 95
       17
 96
       13
 40
0.0
 40
0.0
 40
0.0
 40
0.0
 40
1.0
 40
1.0
 40
1.0
 40
2.0
 40
2.0
 40
2.0
 40
3.0
 40
3.0
 40
3.0
 40
4.0
 40
4.0
 40
4.0
 40
4.0
 10
46.01449058178403
 20
14.75823234241441
 10
46.01449058178403
 20
14.75823234241441
 10
45.42667298420737
 20
14.75823234241441
 10
45.42667298420737
 20
14.75823234241441
 10
45.42667298420737
 20
14.75823234241441
 10
45.42667298420737
 20
14.90518674180921
 10
45.42667298420737
 20
14.90518674180921
 10
45.42667298420737
 20
14.90518674180921
 10
46.01449058178403
 20
14.90518674180921
 10
46.01449058178403
 20
14.90518674180921
 10
46.01449058178403
 20
14.90518674180921
 10
46.01449058178403
 20
14.75823234241441
 10
46.01449058178403
 20
14.75823234241441
 97
        0
 72
     1
 10
46.01449058178403
 20
14.75823234241441
 11
46.01449058178403
 21
14.75823234241441
 97
        0
 92
        1
 93
        2
 72
     4
 94
        3
 73
     0
 74
     0
 95
       17
 96
       13
 40
0.0
 40
0.0
 40
0.0
 40
0.0
 40
1.0
 40
1.0
 40
1.0
 40
2.0
 40
2.0
 40
2.0
 40
3.0
 40
3.0
 40
3.0
 40
4.0
 40
4.0
 40
4.0
 40
4.0
 10
44.83885538663169
 20
14.75823234241441
 10
44.83885538663169
 20
14.75823234241441
 10
44.25103778905502
 20
14.75823234241441
 10
44.25103778905502
 20
14.75823234241441
 10
44.25103778905502
 20
14.75823234241441
 10
44.25103778905502
 20
14.90518674180921
 10
44.25103778905502
 20
14.90518674180921
 10
44.25103778905502
 20
14.90518674180921
 10
44.83885538663169
 20
14.90518674180921
 10
44.83885538663169
 20
14.90518674180921
 10
44.83885538663169
 20
14.90518674180921
 10
44.83885538663169
 20
14.75823234241441
 10
44.83885538663169
 20
14.75823234241441
 97
        0
 72
     1
 10
44.83885538663169
 20
14.75823234241441
 11
44.83885538663169
 21
14.75823234241441
 97
        0
 92
        1
 93
        2
 72
     4
 94
        3
 73
     0
 74
     0
 95
       17
 96
       13
 40
0.0
 40
0.0
 40
0.0
 40
0.0
 40
1.0
 40
1.0
 40
1.0
 40
2.0
 40
2.0
 40
2.0
 40
3.0
 40
3.0
 40
3.0
 40
4.0
 40
4.0
 40
4.0
 40
4.0
 10
43.66322019147804
 20
14.75823234241441
 10
43.66322019147804
 20
14.75823234241441
 10
43.07540259390235
 20
14.75823234241441
 10
43.07540259390235
 20
14.75823234241441
 10
43.07540259390235
 20
14.75823234241441
 10
43.07540259390235
 20
14.90518674180921
 10
43.07540259390235
 20
14.90518674180921
 10
43.07540259390235
 20
14.90518674180921
 10
43.66322019147804
 20
14.90518674180921
 10
43.66322019147804
 20
14.90518674180921
 10
43.66322019147804
 20
14.90518674180921
 10
43.66322019147804
 20
14.75823234241441
 10
43.66322019147804
 20
14.75823234241441
 97
        0
 72
     1
 10
43.66322019147804
 20
14.75823234241441
 11
43.66322019147804
 21
14.75823234241441
 97
        0
 92
        1
 93
        2
 72
     4
 94
        3
 73
     0
 74
     0
 95
       17
 96
       13
 40
0.0
 40
0.0
 40
0.0
 40
0.0
 40
1.0
 40
1.0
 40
1.0
 40
2.0
 40
2.0
 40
2.0
 40
3.0
 40
3.0
 40
3.0
 40
4.0
 40
4.0
 40
4.0
 40
4.0
 10
42.48758499632569
 20
14.75823234241441
 10
42.48758499632569
 20
14.75823234241441
 10
41.89976739874967
 20
14.75823234241441
 10
41.89976739874967
 20
14.75823234241441
 10
41.89976739874967
 20
14.75823234241441
 10
41.89976739874967
 20
14.90518674180921
 10
41.89976739874967
 20
14.90518674180921
 10
41.89976739874967
 20
14.90518674180921
 10
42.48758499632569
 20
14.90518674180921
 10
42.48758499632569
 20
14.90518674180921
 10
42.48758499632569
 20
14.90518674180921
 10
42.48758499632569
 20
14.75823234241441
 10
42.48758499632569
 20
14.75823234241441
 97
        0
 72
     1
 10
42.48758499632569
 20
14.75823234241441
 11
42.48758499632569
 21
14.75823234241441
 97
        0
 92
        1
 93
        2
 72
     4
 94
        3
 73
     0
 74
     0
 95
       17
 96
       13
 40
0.0
 40
0.0
 40
0.0
 40
0.0
 40
1.0
 40
1.0
 40
1.0
 40
2.0
 40
2.0
 40
2.0
 40
3.0
 40
3.0
 40
3.0
 40
4.0
 40
4.0
 40
4.0
 40
4.0
 10
41.31194980117302
 20
14.75823234241441
 10
41.31194980117302
 20
14.75823234241441
 10
40.72413220359636
 20
14.75823234241441
 10
40.72413220359636
 20
14.75823234241441
 10
40.72413220359636
 20
14.75823234241441
 10
40.72413220359636
 20
14.90518674180921
 10
40.72413220359636
 20
14.90518674180921
 10
40.72413220359636
 20
14.90518674180921
 10
41.31194980117302
 20
14.90518674180921
 10
41.31194980117302
 20
14.90518674180921
 10
41.31194980117302
 20
14.90518674180921
 10
41.31194980117302
 20
14.75823234241441
 10
41.31194980117302
 20
14.75823234241441
 97
        0
 72
     1
 10
41.31194980117302
 20
14.75823234241441
 11
41.31194980117302
 21
14.75823234241441
 97
        0
 92
        1
 93
        2
 72
     4
 94
        3
 73
     0
 74
     0
 95
       17
 96
       13
 40
0.0
 40
0.0
 40
0.0
 40
0.0
 40
1.0
 40
1.0
 40
1.0
 40
2.0
 40
2.0
 40
2.0
 40
3.0
 40
3.0
 40
3.0
 40
4.0
 40
4.0
 40
4.0
 40
4.0
 10
40.13631460602034
 20
14.75823234241441
 10
40.13631460602034
 20
14.75823234241441
 10
39.54849700844369
 20
14.75823234241441
 10
39.54849700844369
 20
14.75823234241441
 10
39.54849700844369
 20
14.75823234241441
 10
39.54849700844369
 20
14.90518674180921
 10
39.54849700844369
 20
14.90518674180921
 10
39.54849700844369
 20
14.90518674180921
 10
40.13631460602034
 20
14.90518674180921
 10
40.13631460602034
 20
14.90518674180921
 10
40.13631460602034
 20
14.90518674180921
 10
40.13631460602034
 20
14.75823234241441
 10
40.13631460602034
 20
14.75823234241441
 97
        0
 72
     1
 10
40.13631460602034
 20
14.75823234241441
 11
40.13631460602034
 21
14.75823234241441
 97
        0
 92
        1
 93
        2
 72
     4
 94
        3
 73
     0
 74
     0
 95
       17
 96
       13
 40
0.0
 40
0.0
 40
0.0
 40
0.0
 40
1.0
 40
1.0
 40
1.0
 40
2.0
 40
2.0
 40
2.0
 40
3.0
 40
3.0
 40
3.0
 40
4.0
 40
4.0
 40
4.0
 40
4.0
 10
38.96067941086767
 20
14.75823234241441
 10
38.96067941086767
 20
14.75823234241441
 10
38.37286181329102
 20
14.75823234241441
 10
38.37286181329102
 20
14.75823234241441
 10
38.37286181329102
 20
14.75823234241441
 10
38.37286181329102
 20
14.90518674180921
 10
38.37286181329102
 20
14.90518674180921
 10
38.37286181329102
 20
14.90518674180921
 10
38.96067941086767
 20
14.90518674180921
 10
38.96067941086767
 20
14.90518674180921
 10
38.96067941086767
 20
14.90518674180921
 10
38.96067941086767
 20
14.75823234241441
 10
38.96067941086767
 20
14.75823234241441
 97
        0
 72
     1
 10
38.96067941086767
 20
14.75823234241441
 11
38.96067941086767
 21
14.75823234241441
 97
        0
 92
        1
 93
        2
 72
     4
 94
        3
 73
     0
 74
     0
 95
       17
 96
       13
 40
0.0
 40
0.0
 40
0.0
 40
0.0
 40
1.0
 40
1.0
 40
1.0
 40
2.0
 40
2.0
 40
2.0
 40
3.0
 40
3.0
 40
3.0
 40
4.0
 40
4.0
 40
4.0
 40
4.0
 10
37.78504421571436
 20
14.75823234241441
 10
37.78504421571436
 20
14.75823234241441
 10
37.19722661813834
 20
14.75823234241441
 10
37.19722661813834
 20
14.75823234241441
 10
37.19722661813834
 20
14.75823234241441
 10
37.19722661813834
 20
14.90518674180921
 10
37.19722661813834
 20
14.90518674180921
 10
37.19722661813834
 20
14.90518674180921
 10
37.78504421571436
 20
14.90518674180921
 10
37.78504421571436
 20
14.90518674180921
 10
37.78504421571436
 20
14.90518674180921
 10
37.78504421571436
 20
14.75823234241441
 10
37.78504421571436
 20
14.75823234241441
 97
        0
 72
     1
 10
37.78504421571436
 20
14.75823234241441
 11
37.78504421571436
 21
14.75823234241441
 97
        0
 92
        1
 93
        2
 72
     4
 94
        3
 73
     0
 74
     0
 95
       17
 96
       13
 40
0.0
 40
0.0
 40
0.0
 40
0.0
 40
1.0
 40
1.0
 40
1.0
 40
2.0
 40
2.0
 40
2.0
 40
3.0
 40
3.0
 40
3.0
 40
4.0
 40
4.0
 40
4.0
 40
4.0
 10
36.60940902056168
 20
14.75823234241441
 10
36.60940902056168
 20
14.75823234241441
 10
36.02159142298567
 20
14.75823234241441
 10
36.02159142298567
 20
14.75823234241441
 10
36.02159142298567
 20
14.75823234241441
 10
36.02159142298567
 20
14.90518674180921
 10
36.02159142298567
 20
14.90518674180921
 10
36.02159142298567
 20
14.90518674180921
 10
36.60940902056168
 20
14.90518674180921
 10
36.60940902056168
 20
14.90518674180921
 10
36.60940902056168
 20
14.90518674180921
 10
36.60940902056168
 20
14.75823234241441
 10
36.60940902056168
 20
14.75823234241441
 97
        0
 72
     1
 10
36.60940902056168
 20
14.75823234241441
 11
36.60940902056168
 21
14.75823234241441
 97
        0
 92
        1
 93
        2
 72
     4
 94
        3
 73
     0
 74
     0
 95
       17
 96
       13
 40
0.0
 40
0.0
 40
0.0
 40
0.0
 40
1.0
 40
1.0
 40
1.0
 40
2.0
 40
2.0
 40
2.0
 40
3.0
 40
3.0
 40
3.0
 40
4.0
 40
4.0
 40
4.0
 40
4.0
 10
35.43377382540901
 20
14.75823234241441
 10
35.43377382540901
 20
14.75823234241441
 10
34.84595622783331
 20
14.75823234241441
 10
34.84595622783331
 20
14.75823234241441
 10
34.84595622783331
 20
14.75823234241441
 10
34.84595622783331
 20
14.90518674180921
 10
34.84595622783331
 20
14.90518674180921
 10
34.84595622783331
 20
14.90518674180921
 10
35.43377382540901
 20
14.90518674180921
 10
35.43377382540901
 20
14.90518674180921
 10
35.43377382540901
 20
14.90518674180921
 10
35.43377382540901
 20
14.75823234241441
 10
35.43377382540901
 20
14.75823234241441
 97
        0
 72
     1
 10
35.43377382540901
 20
14.75823234241441
 11
35.43377382540901
 21
14.75823234241441
 97
        0
 92
        1
 93
        2
 72
     4
 94
        3
 73
     0
 74
     0
 95
       17
 96
       13
 40
0.0
 40
0.0
 40
0.0
 40
0.0
 40
1.0
 40
1.0
 40
1.0
 40
2.0
 40
2.0
 40
2.0
 40
3.0
 40
3.0
 40
3.0
 40
4.0
 40
4.0
 40
4.0
 40
4.0
 10
34.25813863025633
 20
14.75823234241441
 10
34.25813863025633
 20
14.75823234241441
 10
33.67032103267968
 20
14.75823234241441
 10
33.67032103267968
 20
14.75823234241441
 10
33.67032103267968
 20
14.75823234241441
 10
33.67032103267968
 20
14.90518674180921
 10
33.67032103267968
 20
14.90518674180921
 10
33.67032103267968
 20
14.90518674180921
 10
34.25813863025633
 20
14.90518674180921
 10
34.25813863025633
 20
14.90518674180921
 10
34.25813863025633
 20
14.90518674180921
 10
34.25813863025633
 20
14.75823234241441
 10
34.25813863025633
 20
14.75823234241441
 97
        0
 72
     1
 10
34.25813863025633
 20
14.75823234241441
 11
34.25813863025633
 21
14.75823234241441
 97
        0
 92
        1
 93
        2
 72
     4
 94
        3
 73
     0
 74
     0
 95
       17
 96
       13
 40
0.0
 40
0.0
 40
0.0
 40
0.0
 40
1.0
 40
1.0
 40
1.0
 40
2.0
 40
2.0
 40
2.0
 40
3.0
 40
3.0
 40
3.0
 40
4.0
 40
4.0
 40
4.0
 40
4.0
 10
33.08250343510302
 20
14.75823234241441
 10
33.08250343510302
 20
14.75823234241441
 10
32.494685837527
 20
14.75823234241441
 10
32.494685837527
 20
14.75823234241441
 10
32.494685837527
 20
14.75823234241441
 10
32.494685837527
 20
14.90518674180921
 10
32.494685837527
 20
14.90518674180921
 10
32.494685837527
 20
14.90518674180921
 10
33.08250343510302
 20
14.90518674180921
 10
33.08250343510302
 20
14.90518674180921
 10
33.08250343510302
 20
14.90518674180921
 10
33.08250343510302
 20
14.75823234241441
 10
33.08250343510302
 20
14.75823234241441
 97
        0
 72
     1
 10
33.08250343510302
 20
14.75823234241441
 11
33.08250343510302
 21
14.75823234241441
 97
        0
 92
        1
 93
        2
 72
     4
 94
        3
 73
     0
 74
     0
 95
       17
 96
       13
 40
0.0
 40
0.0
 40
0.0
 40
0.0
 40
1.0
 40
1.0
 40
1.0
 40
2.0
 40
2.0
 40
2.0
 40
3.0
 40
3.0
 40
3.0
 40
4.0
 40
4.0
 40
4.0
 40
4.0
 10
31.90686823995035
 20
14.75823234241441
 10
31.90686823995035
 20
14.75823234241441
 10
31.31905064237433
 20
14.75823234241441
 10
31.31905064237433
 20
14.75823234241441
 10
31.31905064237433
 20
14.75823234241441
 10
31.31905064237433
 20
14.90518674180921
 10
31.31905064237433
 20
14.90518674180921
 10
31.31905064237433
 20
14.90518674180921
 10
31.90686823995035
 20
14.90518674180921
 10
31.90686823995035
 20
14.90518674180921
 10
31.90686823995035
 20
14.90518674180921
 10
31.90686823995035
 20
14.75823234241441
 10
31.90686823995035
 20
14.75823234241441
 97
        0
 72
     1
 10
31.90686823995035
 20
14.75823234241441
 11
31.90686823995035
 21
14.75823234241441
 97
        0
 92
        1
 93
        2
 72
     4
 94
        3
 73
     0
 74
     0
 95
       17
 96
       13
 40
0.0
 40
0.0
 40
0.0
 40
0.0
 40
1.0
 40
1.0
 40
1.0
 40
2.0
 40
2.0
 40
2.0
 40
3.0
 40
3.0
 40
3.0
 40
4.0
 40
4.0
 40
4.0
 40
4.0
 10
30.73123304479767
 20
14.75823234241441
 10
30.73123304479767
 20
14.75823234241441
 10
30.14341544722102
 20
14.75823234241441
 10
30.14341544722102
 20
14.75823234241441
 10
30.14341544722102
 20
14.75823234241441
 10
30.14341544722102
 20
14.90518674180921
 10
30.14341544722102
 20
14.90518674180921
 10
30.14341544722102
 20
14.90518674180921
 10
30.73123304479767
 20
14.90518674180921
 10
30.73123304479767
 20
14.90518674180921
 10
30.73123304479767
 20
14.90518674180921
 10
30.73123304479767
 20
14.75823234241441
 10
30.73123304479767
 20
14.75823234241441
 97
        0
 72
     1
 10
30.73123304479767
 20
14.75823234241441
 11
30.73123304479767
 21
14.75823234241441
 97
        0
 92
        1
 93
        2
 72
     4
 94
        3
 73
     0
 74
     0
 95
       17
 96
       13
 40
0.0
 40
0.0
 40
0.0
 40
0.0
 40
1.0
 40
1.0
 40
1.0
 40
2.0
 40
2.0
 40
2.0
 40
3.0
 40
3.0
 40
3.0
 40
4.0
 40
4.0
 40
4.0
 40
4.0
 10
29.555597849645
 20
14.75823234241441
 10
29.555597849645
 20
14.75823234241441
 10
28.96778025206834
 20
14.75823234241441
 10
28.96778025206834
 20
14.75823234241441
 10
28.96778025206834
 20
14.75823234241441
 10
28.96778025206834
 20
14.90518674180921
 10
28.96778025206834
 20
14.90518674180921
 10
28.96778025206834
 20
14.90518674180921
 10
29.555597849645
 20
14.90518674180921
 10
29.555597849645
 20
14.90518674180921
 10
29.555597849645
 20
14.90518674180921
 10
29.555597849645
 20
14.75823234241441
 10
29.555597849645
 20
14.75823234241441
 97
        0
 72
     1
 10
29.555597849645
 20
14.75823234241441
 11
29.555597849645
 21
14.75823234241441
 97
        0
 92
        1
 93
        2
 72
     4
 94
        3
 73
     0
 74
     0
 95
       17
 96
       13
 40
0.0
 40
0.0
 40
0.0
 40
0.0
 40
1.0
 40
1.0
 40
1.0
 40
2.0
 40
2.0
 40
2.0
 40
3.0
 40
3.0
 40
3.0
 40
4.0
 40
4.0
 40
4.0
 40
4.0
 10
28.37996265449169
 20
14.75823234241441
 10
28.37996265449169
 20
14.75823234241441
 10
27.79214505691567
 20
14.75823234241441
 10
27.79214505691567
 20
14.75823234241441
 10
27.79214505691567
 20
14.75823234241441
 10
27.79214505691567
 20
14.90518674180921
 10
27.79214505691567
 20
14.90518674180921
 10
27.79214505691567
 20
14.90518674180921
 10
28.37996265449169
 20
14.90518674180921
 10
28.37996265449169
 20
14.90518674180921
 10
28.37996265449169
 20
14.90518674180921
 10
28.37996265449169
 20
14.75823234241441
 10
28.37996265449169
 20
14.75823234241441
 97
        0
 72
     1
 10
28.37996265449169
 20
14.75823234241441
 11
28.37996265449169
 21
14.75823234241441
 97
        0
 92
        1
 93
        2
 72
     4
 94
        3
 73
     0
 74
     0
 95
       17
 96
       13
 40
0.0
 40
0.0
 40
0.0
 40
0.0
 40
1.0
 40
1.0
 40
1.0
 40
2.0
 40
2.0
 40
2.0
 40
3.0
 40
3.0
 40
3.0
 40
4.0
 40
4.0
 40
4.0
 40
4.0
 10
27.20432745933901
 20
14.75823234241441
 10
27.20432745933901
 20
14.75823234241441
 10
26.616509861763
 20
14.75823234241441
 10
26.616509861763
 20
14.75823234241441
 10
26.616509861763
 20
14.75823234241441
 10
26.616509861763
 20
14.90518674180921
 10
26.616509861763
 20
14.90518674180921
 10
26.616509861763
 20
14.90518674180921
 10
27.20432745933901
 20
14.90518674180921
 10
27.20432745933901
 20
14.90518674180921
 10
27.20432745933901
 20
14.90518674180921
 10
27.20432745933901
 20
14.75823234241441
 10
27.20432745933901
 20
14.75823234241441
 97
        0
 72
     1
 10
27.20432745933901
 20
14.75823234241441
 11
27.20432745933901
 21
14.75823234241441
 97
        0
 75
     2
 76
     1
 98
        1
 10
0.0
 20
0.0
450
        0
451
        0
460
0.0
461
0.0
452
        0
462
0.0
453
        0
470

  0
LWPOLYLINE
  5
189
330
70
100
AcDbEntity
  8
guideline
 62
    18
420
        0
370
     0
100
AcDbPolyline
 90
        4
 70
     1
 43
0.0
 10
27.20432745933901
 20
6.615179090051965
 10
26.616509861763
 20
6.615179090051965
 10
26.616509861763
 20
6.762133489446129
 10
27.20432745933901
 20
6.762133489446129
  0
LWPOLYLINE
  5
18A
330
70
100
AcDbEntity
  8
guideline
 62
    18
420
        0
370
     0
100
AcDbPolyline
 90
        4
 70
     1
 43
0.0
 10
28.37996265449201
 20
6.615179090051965
 10
27.79214505691567
 20
6.615179090051965
 10
27.79214505691567
 20
6.762133489446129
 10
28.37996265449201
 20
6.762133489446129
  0
LWPOLYLINE
  5
18B
330
70
100
AcDbEntity
  8
guideline
 62
    18
420
        0
370
     0
100
AcDbPolyline
 90
        4
 70
     1
 43
0.0
 10
29.555597849645
 20
6.615179090051965
 10
28.96778025206866
 20
6.615179090051965
 10
28.96778025206866
 20
6.762133489446129
 10
29.555597849645
 20
6.762133489446129
  0
LWPOLYLINE
  5
18C
330
70
100
AcDbEntity
  8
guideline
 62
    18
420
        0
370
     0
100
AcDbPolyline
 90
        4
 70
     1
 43
0.0
 10
30.73123304479767
 20
6.615179090051965
 10
30.14341544722134
 20
6.615179090051965
 10
30.14341544722134
 20
6.762133489446129
 10
30.73123304479767
 20
6.762133489446129
  0
LWPOLYLINE
  5
18D
330
70
100
AcDbEntity
  8
guideline
 62
    18
420
        0
370
     0
100
AcDbPolyline
 90
        4
 70
     1
 43
0.0
 10
31.90686823995067
 20
6.615179090051965
 10
31.31905064237433
 20
6.615179090051965
 10
31.31905064237433
 20
6.762133489446129
 10
31.90686823995067
 20
6.762133489446129
  0
LWPOLYLINE
  5
18E
330
70
100
AcDbEntity
  8
guideline
 62
    18
420
        0
370
     0
100
AcDbPolyline
 90
        4
 70
     1
 43
0.0
 10
33.08250343510334
 20
6.615179090051965
 10
32.494685837527
 20
6.615179090051965
 10
32.494685837527
 20
6.762133489446129
 10
33.08250343510334
 20
6.762133489446129
  0
LWPOLYLINE
  5
18F
330
70
100
AcDbEntity
  8
guideline
 62
    18
420
        0
370
     0
100
AcDbPolyline
 90
        4
 70
     1
 43
0.0
 10
34.25813863025601
 20
6.615179090051965
 10
33.67032103267936
 20
6.615179090051965
 10
33.67032103267936
 20
6.762133489446129
 10
34.25813863025601
 20
6.762133489446129
  0
LWPOLYLINE
  5
190
330
70
100
AcDbEntity
  8
guideline
 62
    18
420
        0
370
     0
100
AcDbPolyline
 90
        4
 70
     1
 43
0.0
 10
35.43377382540901
 20
6.615179090051965
 10
34.84595622783299
 20
6.615179090051965
 10
34.84595622783299
 20
6.762133489446129
 10
35.43377382540901
 20
6.762133489446129
  0
LWPOLYLINE
  5
191
330
70
100
AcDbEntity
  8
guideline
 62
    18
420
        0
370
     0
100
AcDbPolyline
 90
        4
 70
     1
 43
0.0
 10
36.60940902056168
 20
6.615179090051965
 10
36.02159142298535
 20
6.615179090051965
 10
36.02159142298535
 20
6.762133489446129
 10
36.60940902056168
 20
6.762133489446129
  0
LWPOLYLINE
  5
192
330
70
100
AcDbEntity
  8
guideline
 62
    18
420
        0
370
     0
100
AcDbPolyline
 90
        4
 70
     1
 43
0.0
 10
37.78504421571436
 20
6.615179090051965
 10
37.19722661813802
 20
6.615179090051965
 10
37.19722661813802
 20
6.762133489446129
 10
37.78504421571436
 20
6.762133489446129
  0
LWPOLYLINE
  5
193
330
70
100
AcDbEntity
  8
guideline
 62
    18
420
        0
370
     0
100
AcDbPolyline
 90
        4
 70
     1
 43
0.0
 10
38.96067941086735
 20
6.615179090051965
 10
38.37286181329102
 20
6.615179090051965
 10
38.37286181329102
 20
6.762133489446129
 10
38.96067941086735
 20
6.762133489446129
  0
LWPOLYLINE
  5
194
330
70
100
AcDbEntity
  8
guideline
 62
    18
420
        0
370
     0
100
AcDbPolyline
 90
        4
 70
     1
 43
0.0
 10
40.13631460602034
 20
6.615179090051965
 10
39.54849700844369
 20
6.615179090051965
 10
39.54849700844369
 20
6.762133489446129
 10
40.13631460602034
 20
6.762133489446129
  0
LWPOLYLINE
  5
195
330
70
100
AcDbEntity
  8
guideline
 62
    18
420
        0
370
     0
100
AcDbPolyline
 90
        4
 70
     1
 43
0.0
 10
41.31194980117302
 20
6.615179090051965
 10
40.72413220359636
 20
6.615179090051965
 10
40.72413220359636
 20
6.762133489446129
 10
41.31194980117302
 20
6.762133489446129
  0
LWPOLYLINE
  5
196
330
70
100
AcDbEntity
  8
guideline
 62
    18
420
        0
370
     0
100
AcDbPolyline
 90
        4
 70
     1
 43
0.0
 10
42.48758499632569
 20
6.615179090051965
 10
41.89976739874935
 20
6.615179090051965
 10
41.89976739874935
 20
6.762133489446129
 10
42.48758499632569
 20
6.762133489446129
  0
LWPOLYLINE
  5
197
330
70
100
AcDbEntity
  8
guideline
 62
    18
420
        0
370
     0
100
AcDbPolyline
 90
        4
 70
     1
 43
0.0
 10
43.66322019147836
 20
6.615179090051965
 10
43.07540259390203
 20
6.615179090051965
 10
43.07540259390203
 20
6.762133489446129
 10
43.66322019147836
 20
6.762133489446129
  0
LWPOLYLINE
  5
198
330
70
100
AcDbEntity
  8
guideline
 62
    18
420
        0
370
     0
100
AcDbPolyline
 90
        4
 70
     1
 43
0.0
 10
44.83885538663136
 20
6.615179090051965
 10
44.2510377890547
 20
6.615179090051965
 10
44.2510377890547
 20
6.762133489446129
 10
44.83885538663136
 20
6.762133489446129
  0
LWPOLYLINE
  5
199
330
70
100
AcDbEntity
  8
guideline
 62
    18
420
        0
370
     0
100
AcDbPolyline
 90
        4
 70
     1
 43
0.0
 10
46.01449058178403
 20
6.615179090051965
 10
45.42667298420801
 20
6.615179090051965
 10
45.42667298420801
 20
6.762133489446129
 10
46.01449058178403
 20
6.762133489446129
  0
LWPOLYLINE
  5
19A
330
70
100
AcDbEntity
  8
guideline
 62
    18
420
        0
370
     0
100
AcDbPolyline
 90
        4
 70
     1
 43
0.0
 10
47.1901257769367
 20
6.615179090051965
 10
46.60230817936069
 20
6.615179090051965
 10
46.60230817936069
 20
6.762133489446129
 10
47.1901257769367
 20
6.762133489446129
  0
LWPOLYLINE
  5
19B
330
70
100
AcDbEntity
  8
guideline
 62
    18
420
        0
370
     0
100
AcDbPolyline
 90
        4
 70
     1
 43
0.0
 10
48.36576097209002
 20
6.615179090051965
 10
47.77794337451336
 20
6.615179090051965
 10
47.77794337451336
 20
6.762133489446129
 10
48.36576097209002
 20
6.762133489446129
  0
LWPOLYLINE
  5
19C
330
70
100
AcDbEntity
  8
guideline
 62
    18
420
        0
370
     0
100
AcDbPolyline
 90
        4
 70
     1
 43
0.0
 10
49.54139616724205
 20
6.615179090051965
 10
48.95357856966604
 20
6.615179090051965
 10
48.95357856966604
 20
6.762133489446129
 10
49.54139616724205
 20
6.762133489446129
  0
LWPOLYLINE
  5
19D
330
70
100
AcDbEntity
  8
guideline
 62
    18
420
        0
370
     0
100
AcDbPolyline
 90
        4
 70
     1
 43
0.0
 10
50.71703136239538
 20
6.615179090051965
 10
50.12921376481871
 20
6.615179090051965
 10
50.12921376481871
 20
6.762133489446129
 10
50.71703136239538
 20
6.762133489446129
  0
LWPOLYLINE
  5
19E
330
70
100
AcDbEntity
  8
guideline
 62
    18
420
        0
370
     0
100
AcDbPolyline
 90
        4
 70
     1
 43
0.0
 10
51.89266655754805
 20
6.615179090051965
 10
51.30484895997202
 20
6.615179090051965
 10
51.30484895997202
 20
6.762133489446129
 10
51.89266655754805
 20
6.762133489446129
  0
LWPOLYLINE
  5
19F
330
70
100
AcDbEntity
  8
guideline
 62
    18
420
        0
370
     0
100
AcDbPolyline
 90
        4
 70
     1
 43
0.0
 10
53.06830175270071
 20
6.615179090051965
 10
52.48048415512406
 20
6.615179090051965
 10
52.48048415512406
 20
6.762133489446129
 10
53.06830175270071
 20
6.762133489446129
  0
LWPOLYLINE
  5
1A0
330
70
100
AcDbEntity
  8
guideline
 62
    18
420
        0
370
     0
100
AcDbPolyline
 90
        4
 70
     1
 43
0.0
 10
54.24393694785339
 20
6.615179090051965
 10
53.65611935027673
 20
6.615179090051965
 10
53.65611935027673
 20
6.762133489446129
 10
54.24393694785339
 20
6.762133489446129
  0
LWPOLYLINE
  5
1A1
330
70
100
AcDbEntity
  8
guideline
 62
    18
420
        0
370
     0
100
AcDbPolyline
 90
        4
 70
     1
 43
0.0
 10
55.41957214300606
 20
6.615179090051965
 10
54.83175454543005
 20
6.615179090051965
 10
54.83175454543005
 20
6.762133489446129
 10
55.41957214300606
 20
6.762133489446129
  0
LWPOLYLINE
  5
1A2
330
70
100
AcDbEntity
  8
guideline
 62
    18
420
        0
370
     0
100
AcDbPolyline
 90
        4
 70
     1
 43
0.0
 10
56.59520733815938
 20
6.615179090051965
 10
56.00738974058272
 20
6.615179090051965
 10
56.00738974058272
 20
6.762133489446129
 10
56.59520733815938
 20
6.762133489446129
  0
LWPOLYLINE
  5
1A3
330
70
100
AcDbEntity
  8
guideline
 62
    18
420
        0
370
     0
100
AcDbPolyline
 90
        4
 70
     1
 43
0.0
 10
57.77084253331206
 20
6.615179090051965
 10
57.18302493573539
 20
6.615179090051965
 10
57.18302493573539
 20
6.762133489446129
 10
57.77084253331206
 20
6.762133489446129
  0
LWPOLYLINE
  5
1A4
330
70
100
AcDbEntity
  8
guideline
 62
    18
420
        0
370
     0
100
AcDbPolyline
 90
        4
 70
     1
 43
0.0
 10
58.94647772846473
 20
6.615179090051965
 10
58.35866013088807
 20
6.615179090051965
 10
58.35866013088807
 20
6.762133489446129
 10
58.94647772846473
 20
6.762133489446129
  0
LWPOLYLINE
  5
1A5
330
70
100
AcDbEntity
  8
guideline
 62
    18
420
        0
370
     0
100
AcDbPolyline
 90
        4
 70
     1
 43
0.0
 10
60.1221129236174
 20
6.615179090051965
 10
59.53429532604139
 20
6.615179090051965
 10
59.53429532604139
 20
6.762133489446129
 10
60.1221129236174
 20
6.762133489446129
  0
LWPOLYLINE
  5
1A6
330
70
100
AcDbEntity
  8
guideline
 62
    18
420
        0
370
     0
100
AcDbPolyline
 90
        4
 70
     1
 43
0.0
 10
61.29774811877007
 20
6.615179090051965
 10
60.70993052119342
 20
6.615179090051965
 10
60.70993052119342
 20
6.762133489446129
 10
61.29774811877007
 20
6.762133489446129
  0
LWPOLYLINE
  5
1A7
330
70
100
AcDbEntity
  8
guideline
 62
    18
420
        0
370
     0
100
AcDbPolyline
 90
        4
 70
     1
 43
0.0
 10
62.47338331392339
 20
6.615179090051965
 10
61.88556571634673
 20
6.615179090051965
 10
61.88556571634673
 20
6.762133489446129
 10
62.47338331392339
 20
6.762133489446129
  0
LWPOLYLINE
  5
1A8
330
70
100
AcDbEntity
  8
guideline
 62
    18
420
        0
370
     0
100
AcDbPolyline
 90
        4
 70
     1
 43
0.0
 10
63.64901850907543
 20
6.615179090051965
 10
63.0612009114994
 20
6.615179090051965
 10
63.0612009114994
 20
6.762133489446129
 10
63.64901850907543
 20
6.762133489446129
  0
SPLINE
  5
1A9
330
70
100
AcDbEntity
  8
guideline
100
AcDbSpline
210
0.0
220
0.0
230
1.0
 70
    11
 71
     3
 72
    17
 73
    13
 74
     0
 42
0.0000000001
 43
0.0000000001
 40
0.0
 40
0.0
 40
0.0
 40
0.0
 40
1.0
 40
1.0
 40
1.0
 40
2.0
 40
2.0
 40
2.0
 40
3.0
 40
3.0
 40
3.0
 40
4.0
 40
4.0
 40
4.0
 40
4.0
 10
63.64901850907607
 20
6.615179090051323
 30
0.0
 10
63.64901850907607
 20
6.615179090051323
 30
0.0
 10
63.0612009114994
 20
6.615179090051323
 30
0.0
 10
63.0612009114994
 20
6.615179090051323
 30
0.0
 10
63.0612009114994
 20
6.615179090051323
 30
0.0
 10
63.0612009114994
 20
6.762133489446771
 30
0.0
 10
63.0612009114994
 20
6.762133489446771
 30
0.0
 10
63.0612009114994
 20
6.762133489446771
 30
0.0
 10
63.64901850907607
 20
6.762133489446771
 30
0.0
 10
63.64901850907607
 20
6.762133489446771
 30
0.0
 10
63.64901850907607
 20
6.762133489446771
 30
0.0
 10
63.64901850907607
 20
6.615179090051323
 30
0.0
 10
63.64901850907607
 20
6.615179090051323
 30
0.0
  0
SPLINE
  5
1AA
330
70
100
AcDbEntity
  8
guideline
100
AcDbSpline
210
0.0
220
0.0
230
1.0
 70
    11
 71
     3
 72
    17
 73
    13
 74
     0
 42
0.0000000001
 43
0.0000000001
 40
0.0
 40
0.0
 40
0.0
 40
0.0
 40
1.0
 40
1.0
 40
1.0
 40
2.0
 40
2.0
 40
2.0
 40
3.0
 40
3.0
 40
3.0
 40
4.0
 40
4.0
 40
4.0
 40
4.0
 10
62.47338331392275
 20
6.615179090051323
 30
0.0
 10
62.47338331392275
 20
6.615179090051323
 30
0.0
 10
61.88556571634673
 20
6.615179090051323
 30
0.0
 10
61.88556571634673
 20
6.615179090051323
 30
0.0
 10
61.88556571634673
 20
6.615179090051323
 30
0.0
 10
61.88556571634673
 20
6.762133489446771
 30
0.0
 10
61.88556571634673
 20
6.762133489446771
 30
0.0
 10
61.88556571634673
 20
6.762133489446771
 30
0.0
 10
62.47338331392275
 20
6.762133489446771
 30
0.0
 10
62.47338331392275
 20
6.762133489446771
 30
0.0
 10
62.47338331392275
 20
6.762133489446771
 30
0.0
 10
62.47338331392275
 20
6.615179090051323
 30
0.0
 10
62.47338331392275
 20
6.615179090051323
 30
0.0
  0
SPLINE
  5
1AB
330
70
100
AcDbEntity
  8
guideline
100
AcDbSpline
210
0.0
220
0.0
230
1.0
 70
    11
 71
     3
 72
    17
 73
    13
 74
     0
 42
0.0000000001
 43
0.0000000001
 40
0.0
 40
0.0
 40
0.0
 40
0.0
 40
1.0
 40
1.0
 40
1.0
 40
2.0
 40
2.0
 40
2.0
 40
3.0
 40
3.0
 40
3.0
 40
4.0
 40
4.0
 40
4.0
 40
4.0
 10
61.29774811877007
 20
6.615179090051323
 30
0.0
 10
61.29774811877007
 20
6.615179090051323
 30
0.0
 10
60.70993052119342
 20
6.615179090051323
 30
0.0
 10
60.70993052119342
 20
6.615179090051323
 30
0.0
 10
60.70993052119342
 20
6.615179090051323
 30
0.0
 10
60.70993052119342
 20
6.762133489446771
 30
0.0
 10
60.70993052119342
 20
6.762133489446771
 30
0.0
 10
60.70993052119342
 20
6.762133489446771
 30
0.0
 10
61.29774811877007
 20
6.762133489446771
 30
0.0
 10
61.29774811877007
 20
6.762133489446771
 30
0.0
 10
61.29774811877007
 20
6.762133489446771
 30
0.0
 10
61.29774811877007
 20
6.615179090051323
 30
0.0
 10
61.29774811877007
 20
6.615179090051323
 30
0.0
  0
SPLINE
  5
1AC
330
70
100
AcDbEntity
  8
guideline
100
AcDbSpline
210
0.0
220
0.0
230
1.0
 70
    11
 71
     3
 72
    17
 73
    13
 74
     0
 42
0.0000000001
 43
0.0000000001
 40
0.0
 40
0.0
 40
0.0
 40
0.0
 40
1.0
 40
1.0
 40
1.0
 40
2.0
 40
2.0
 40
2.0
 40
3.0
 40
3.0
 40
3.0
 40
4.0
 40
4.0
 40
4.0
 40
4.0
 10
60.1221129236174
 20
6.615179090051323
 30
0.0
 10
60.1221129236174
 20
6.615179090051323
 30
0.0
 10
59.53429532604075
 20
6.615179090051323
 30
0.0
 10
59.53429532604075
 20
6.615179090051323
 30
0.0
 10
59.53429532604075
 20
6.615179090051323
 30
0.0
 10
59.53429532604075
 20
6.762133489446771
 30
0.0
 10
59.53429532604075
 20
6.762133489446771
 30
0.0
 10
59.53429532604075
 20
6.762133489446771
 30
0.0
 10
60.1221129236174
 20
6.762133489446771
 30
0.0
 10
60.1221129236174
 20
6.762133489446771
 30
0.0
 10
60.1221129236174
 20
6.762133489446771
 30
0.0
 10
60.1221129236174
 20
6.615179090051323
 30
0.0
 10
60.1221129236174
 20
6.615179090051323
 30
0.0
  0
SPLINE
  5
1AD
330
70
100
AcDbEntity
  8
guideline
100
AcDbSpline
210
0.0
220
0.0
230
1.0
 70
    11
 71
     3
 72
    17
 73
    13
 74
     0
 42
0.0000000001
 43
0.0000000001
 40
0.0
 40
0.0
 40
0.0
 40
0.0
 40
1.0
 40
1.0
 40
1.0
 40
2.0
 40
2.0
 40
2.0
 40
3.0
 40
3.0
 40
3.0
 40
4.0
 40
4.0
 40
4.0
 40
4.0
 10
58.94647772846473
 20
6.615179090051323
 30
0.0
 10
58.94647772846473
 20
6.615179090051323
 30
0.0
 10
58.35866013088807
 20
6.615179090051323
 30
0.0
 10
58.35866013088807
 20
6.615179090051323
 30
0.0
 10
58.35866013088807
 20
6.615179090051323
 30
0.0
 10
58.35866013088807
 20
6.762133489446771
 30
0.0
 10
58.35866013088807
 20
6.762133489446771
 30
0.0
 10
58.35866013088807
 20
6.762133489446771
 30
0.0
 10
58.94647772846473
 20
6.762133489446771
 30
0.0
 10
58.94647772846473
 20
6.762133489446771
 30
0.0
 10
58.94647772846473
 20
6.762133489446771
 30
0.0
 10
58.94647772846473
 20
6.615179090051323
 30
0.0
 10
58.94647772846473
 20
6.615179090051323
 30
0.0
  0
SPLINE
  5
1AE
330
70
100
AcDbEntity
  8
guideline
100
AcDbSpline
210
0.0
220
0.0
230
1.0
 70
    11
 71
     3
 72
    17
 73
    13
 74
     0
 42
0.0000000001
 43
0.0000000001
 40
0.0
 40
0.0
 40
0.0
 40
0.0
 40
1.0
 40
1.0
 40
1.0
 40
2.0
 40
2.0
 40
2.0
 40
3.0
 40
3.0
 40
3.0
 40
4.0
 40
4.0
 40
4.0
 40
4.0
 10
57.77084253331206
 20
6.615179090051323
 30
0.0
 10
57.77084253331206
 20
6.615179090051323
 30
0.0
 10
57.18302493573539
 20
6.615179090051323
 30
0.0
 10
57.18302493573539
 20
6.615179090051323
 30
0.0
 10
57.18302493573539
 20
6.615179090051323
 30
0.0
 10
57.18302493573539
 20
6.762133489446771
 30
0.0
 10
57.18302493573539
 20
6.762133489446771
 30
0.0
 10
57.18302493573539
 20
6.762133489446771
 30
0.0
 10
57.77084253331206
 20
6.762133489446771
 30
0.0
 10
57.77084253331206
 20
6.762133489446771
 30
0.0
 10
57.77084253331206
 20
6.762133489446771
 30
0.0
 10
57.77084253331206
 20
6.615179090051323
 30
0.0
 10
57.77084253331206
 20
6.615179090051323
 30
0.0
  0
SPLINE
  5
1AF
330
70
100
AcDbEntity
  8
guideline
100
AcDbSpline
210
0.0
220
0.0
230
1.0
 70
    11
 71
     3
 72
    17
 73
    13
 74
     0
 42
0.0000000001
 43
0.0000000001
 40
0.0
 40
0.0
 40
0.0
 40
0.0
 40
1.0
 40
1.0
 40
1.0
 40
2.0
 40
2.0
 40
2.0
 40
3.0
 40
3.0
 40
3.0
 40
4.0
 40
4.0
 40
4.0
 40
4.0
 10
56.59520733815874
 20
6.615179090051323
 30
0.0
 10
56.59520733815874
 20
6.615179090051323
 30
0.0
 10
56.00738974058272
 20
6.615179090051323
 30
0.0
 10
56.00738974058272
 20
6.615179090051323
 30
0.0
 10
56.00738974058272
 20
6.615179090051323
 30
0.0
 10
56.00738974058272
 20
6.762133489446771
 30
0.0
 10
56.00738974058272
 20
6.762133489446771
 30
0.0
 10
56.00738974058272
 20
6.762133489446771
 30
0.0
 10
56.59520733815874
 20
6.762133489446771
 30
0.0
 10
56.59520733815874
 20
6.762133489446771
 30
0.0
 10
56.59520733815874
 20
6.762133489446771
 30
0.0
 10
56.59520733815874
 20
6.615179090051323
 30
0.0
 10
56.59520733815874
 20
6.615179090051323
 30
0.0
  0
SPLINE
  5
1B0
330
70
100
AcDbEntity
  8
guideline
100
AcDbSpline
210
0.0
220
0.0
230
1.0
 70
    11
 71
     3
 72
    17
 73
    13
 74
     0
 42
0.0000000001
 43
0.0000000001
 40
0.0
 40
0.0
 40
0.0
 40
0.0
 40
1.0
 40
1.0
 40
1.0
 40
2.0
 40
2.0
 40
2.0
 40
3.0
 40
3.0
 40
3.0
 40
4.0
 40
4.0
 40
4.0
 40
4.0
 10
55.41957214300606
 20
6.615179090051323
 30
0.0
 10
55.41957214300606
 20
6.615179090051323
 30
0.0
 10
54.83175454543005
 20
6.615179090051323
 30
0.0
 10
54.83175454543005
 20
6.615179090051323
 30
0.0
 10
54.83175454543005
 20
6.615179090051323
 30
0.0
 10
54.83175454543005
 20
6.762133489446771
 30
0.0
 10
54.83175454543005
 20
6.762133489446771
 30
0.0
 10
54.83175454543005
 20
6.762133489446771
 30
0.0
 10
55.41957214300606
 20
6.762133489446771
 30
0.0
 10
55.41957214300606
 20
6.762133489446771
 30
0.0
 10
55.41957214300606
 20
6.762133489446771
 30
0.0
 10
55.41957214300606
 20
6.615179090051323
 30
0.0
 10
55.41957214300606
 20
6.615179090051323
 30
0.0
  0
SPLINE
  5
1B1
330
70
100
AcDbEntity
  8
guideline
100
AcDbSpline
210
0.0
220
0.0
230
1.0
 70
    11
 71
     3
 72
    17
 73
    13
 74
     0
 42
0.0000000001
 43
0.0000000001
 40
0.0
 40
0.0
 40
0.0
 40
0.0
 40
1.0
 40
1.0
 40
1.0
 40
2.0
 40
2.0
 40
2.0
 40
3.0
 40
3.0
 40
3.0
 40
4.0
 40
4.0
 40
4.0
 40
4.0
 10
54.24393694785339
 20
6.615179090051323
 30
0.0
 10
54.24393694785339
 20
6.615179090051323
 30
0.0
 10
53.65611935027673
 20
6.615179090051323
 30
0.0
 10
53.65611935027673
 20
6.615179090051323
 30
0.0
 10
53.65611935027673
 20
6.615179090051323
 30
0.0
 10
53.65611935027673
 20
6.762133489446771
 30
0.0
 10
53.65611935027673
 20
6.762133489446771
 30
0.0
 10
53.65611935027673
 20
6.762133489446771
 30
0.0
 10
54.24393694785339
 20
6.762133489446771
 30
0.0
 10
54.24393694785339
 20
6.762133489446771
 30
0.0
 10
54.24393694785339
 20
6.762133489446771
 30
0.0
 10
54.24393694785339
 20
6.615179090051323
 30
0.0
 10
54.24393694785339
 20
6.615179090051323
 30
0.0
  0
SPLINE
  5
1B2
330
70
100
AcDbEntity
  8
guideline
100
AcDbSpline
210
0.0
220
0.0
230
1.0
 70
    11
 71
     3
 72
    17
 73
    13
 74
     0
 42
0.0000000001
 43
0.0000000001
 40
0.0
 40
0.0
 40
0.0
 40
0.0
 40
1.0
 40
1.0
 40
1.0
 40
2.0
 40
2.0
 40
2.0
 40
3.0
 40
3.0
 40
3.0
 40
4.0
 40
4.0
 40
4.0
 40
4.0
 10
53.06830175270071
 20
6.615179090051323
 30
0.0
 10
53.06830175270071
 20
6.615179090051323
 30
0.0
 10
52.48048415512406
 20
6.615179090051323
 30
0.0
 10
52.48048415512406
 20
6.615179090051323
 30
0.0
 10
52.48048415512406
 20
6.615179090051323
 30
0.0
 10
52.48048415512406
 20
6.762133489446771
 30
0.0
 10
52.48048415512406
 20
6.762133489446771
 30
0.0
 10
52.48048415512406
 20
6.762133489446771
 30
0.0
 10
53.06830175270071
 20
6.762133489446771
 30
0.0
 10
53.06830175270071
 20
6.762133489446771
 30
0.0
 10
53.06830175270071
 20
6.762133489446771
 30
0.0
 10
53.06830175270071
 20
6.615179090051323
 30
0.0
 10
53.06830175270071
 20
6.615179090051323
 30
0.0
  0
SPLINE
  5
1B3
330
70
100
AcDbEntity
  8
guideline
100
AcDbSpline
210
0.0
220
0.0
230
1.0
 70
    11
 71
     3
 72
    17
 73
    13
 74
     0
 42
0.0000000001
 43
0.0000000001
 40
0.0
 40
0.0
 40
0.0
 40
0.0
 40
1.0
 40
1.0
 40
1.0
 40
2.0
 40
2.0
 40
2.0
 40
3.0
 40
3.0
 40
3.0
 40
4.0
 40
4.0
 40
4.0
 40
4.0
 10
51.89266655754805
 20
6.615179090051323
 30
0.0
 10
51.89266655754805
 20
6.615179090051323
 30
0.0
 10
51.30484895997138
 20
6.615179090051323
 30
0.0
 10
51.30484895997138
 20
6.615179090051323
 30
0.0
 10
51.30484895997138
 20
6.615179090051323
 30
0.0
 10
51.30484895997138
 20
6.762133489446771
 30
0.0
 10
51.30484895997138
 20
6.762133489446771
 30
0.0
 10
51.30484895997138
 20
6.762133489446771
 30
0.0
 10
51.89266655754805
 20
6.762133489446771
 30
0.0
 10
51.89266655754805
 20
6.762133489446771
 30
0.0
 10
51.89266655754805
 20
6.762133489446771
 30
0.0
 10
51.89266655754805
 20
6.615179090051323
 30
0.0
 10
51.89266655754805
 20
6.615179090051323
 30
0.0
  0
SPLINE
  5
1B4
330
70
100
AcDbEntity
  8
guideline
100
AcDbSpline
210
0.0
220
0.0
230
1.0
 70
    11
 71
     3
 72
    17
 73
    13
 74
     0
 42
0.0000000001
 43
0.0000000001
 40
0.0
 40
0.0
 40
0.0
 40
0.0
 40
1.0
 40
1.0
 40
1.0
 40
2.0
 40
2.0
 40
2.0
 40
3.0
 40
3.0
 40
3.0
 40
4.0
 40
4.0
 40
4.0
 40
4.0
 10
50.71703136239473
 20
6.615179090051323
 30
0.0
 10
50.71703136239473
 20
6.615179090051323
 30
0.0
 10
50.12921376481871
 20
6.615179090051323
 30
0.0
 10
50.12921376481871
 20
6.615179090051323
 30
0.0
 10
50.12921376481871
 20
6.615179090051323
 30
0.0
 10
50.12921376481871
 20
6.762133489446771
 30
0.0
 10
50.12921376481871
 20
6.762133489446771
 30
0.0
 10
50.12921376481871
 20
6.762133489446771
 30
0.0
 10
50.71703136239473
 20
6.762133489446771
 30
0.0
 10
50.71703136239473
 20
6.762133489446771
 30
0.0
 10
50.71703136239473
 20
6.762133489446771
 30
0.0
 10
50.71703136239473
 20
6.615179090051323
 30
0.0
 10
50.71703136239473
 20
6.615179090051323
 30
0.0
  0
SPLINE
  5
1B5
330
70
100
AcDbEntity
  8
guideline
100
AcDbSpline
210
0.0
220
0.0
230
1.0
 70
    11
 71
     3
 72
    17
 73
    13
 74
     0
 42
0.0000000001
 43
0.0000000001
 40
0.0
 40
0.0
 40
0.0
 40
0.0
 40
1.0
 40
1.0
 40
1.0
 40
2.0
 40
2.0
 40
2.0
 40
3.0
 40
3.0
 40
3.0
 40
4.0
 40
4.0
 40
4.0
 40
4.0
 10
49.54139616724205
 20
6.615179090051323
 30
0.0
 10
49.54139616724205
 20
6.615179090051323
 30
0.0
 10
48.95357856966604
 20
6.615179090051323
 30
0.0
 10
48.95357856966604
 20
6.615179090051323
 30
0.0
 10
48.95357856966604
 20
6.615179090051323
 30
0.0
 10
48.95357856966604
 20
6.762133489446771
 30
0.0
 10
48.95357856966604
 20
6.762133489446771
 30
0.0
 10
48.95357856966604
 20
6.762133489446771
 30
0.0
 10
49.54139616724205
 20
6.762133489446771
 30
0.0
 10
49.54139616724205
 20
6.762133489446771
 30
0.0
 10
49.54139616724205
 20
6.762133489446771
 30
0.0
 10
49.54139616724205
 20
6.615179090051323
 30
0.0
 10
49.54139616724205
 20
6.615179090051323
 30
0.0
  0
SPLINE
  5
1B6
330
70
100
AcDbEntity
  8
guideline
100
AcDbSpline
210
0.0
220
0.0
230
1.0
 70
    11
 71
     3
 72
    17
 73
    13
 74
     0
 42
0.0000000001
 43
0.0000000001
 40
0.0
 40
0.0
 40
0.0
 40
0.0
 40
1.0
 40
1.0
 40
1.0
 40
2.0
 40
2.0
 40
2.0
 40
3.0
 40
3.0
 40
3.0
 40
4.0
 40
4.0
 40
4.0
 40
4.0
 10
48.36576097208938
 20
6.615179090051323
 30
0.0
 10
48.36576097208938
 20
6.615179090051323
 30
0.0
 10
47.77794337451272
 20
6.615179090051323
 30
0.0
 10
47.77794337451272
 20
6.615179090051323
 30
0.0
 10
47.77794337451272
 20
6.615179090051323
 30
0.0
 10
47.77794337451272
 20
6.762133489446771
 30
0.0
 10
47.77794337451272
 20
6.762133489446771
 30
0.0
 10
47.77794337451272
 20
6.762133489446771
 30
0.0
 10
48.36576097208938
 20
6.762133489446771
 30
0.0
 10
48.36576097208938
 20
6.762133489446771
 30
0.0
 10
48.36576097208938
 20
6.762133489446771
 30
0.0
 10
48.36576097208938
 20
6.615179090051323
 30
0.0
 10
48.36576097208938
 20
6.615179090051323
 30
0.0
  0
SPLINE
  5
1B7
330
70
100
AcDbEntity
  8
guideline
100
AcDbSpline
210
0.0
220
0.0
230
1.0
 70
    11
 71
     3
 72
    17
 73
    13
 74
     0
 42
0.0000000001
 43
0.0000000001
 40
0.0
 40
0.0
 40
0.0
 40
0.0
 40
1.0
 40
1.0
 40
1.0
 40
2.0
 40
2.0
 40
2.0
 40
3.0
 40
3.0
 40
3.0
 40
4.0
 40
4.0
 40
4.0
 40
4.0
 10
47.1901257769367
 20
6.615179090051323
 30
0.0
 10
47.1901257769367
 20
6.615179090051323
 30
0.0
 10
46.60230817936005
 20
6.615179090051323
 30
0.0
 10
46.60230817936005
 20
6.615179090051323
 30
0.0
 10
46.60230817936005
 20
6.615179090051323
 30
0.0
 10
46.60230817936005
 20
6.762133489446771
 30
0.0
 10
46.60230817936005
 20
6.762133489446771
 30
0.0
 10
46.60230817936005
 20
6.762133489446771
 30
0.0
 10
47.1901257769367
 20
6.762133489446771
 30
0.0
 10
47.1901257769367
 20
6.762133489446771
 30
0.0
 10
47.1901257769367
 20
6.762133489446771
 30
0.0
 10
47.1901257769367
 20
6.615179090051323
 30
0.0
 10
47.1901257769367
 20
6.615179090051323
 30
0.0
  0
SPLINE
  5
1B8
330
70
100
AcDbEntity
  8
guideline
100
AcDbSpline
210
0.0
220
0.0
230
1.0
 70
    11
 71
     3
 72
    17
 73
    13
 74
     0
 42
0.0000000001
 43
0.0000000001
 40
0.0
 40
0.0
 40
0.0
 40
0.0
 40
1.0
 40
1.0
 40
1.0
 40
2.0
 40
2.0
 40
2.0
 40
3.0
 40
3.0
 40
3.0
 40
4.0
 40
4.0
 40
4.0
 40
4.0
 10
46.01449058178403
 20
6.615179090051323
 30
0.0
 10
46.01449058178403
 20
6.615179090051323
 30
0.0
 10
45.42667298420737
 20
6.615179090051323
 30
0.0
 10
45.42667298420737
 20
6.615179090051323
 30
0.0
 10
45.42667298420737
 20
6.615179090051323
 30
0.0
 10
45.42667298420737
 20
6.762133489446771
 30
0.0
 10
45.42667298420737
 20
6.762133489446771
 30
0.0
 10
45.42667298420737
 20
6.762133489446771
 30
0.0
 10
46.01449058178403
 20
6.762133489446771
 30
0.0
 10
46.01449058178403
 20
6.762133489446771
 30
0.0
 10
46.01449058178403
 20
6.762133489446771
 30
0.0
 10
46.01449058178403
 20
6.615179090051323
 30
0.0
 10
46.01449058178403
 20
6.615179090051323
 30
0.0
  0
SPLINE
  5
1B9
330
70
100
AcDbEntity
  8
guideline
100
AcDbSpline
210
0.0
220
0.0
230
1.0
 70
    11
 71
     3
 72
    17
 73
    13
 74
     0
 42
0.0000000001
 43
0.0000000001
 40
0.0
 40
0.0
 40
0.0
 40
0.0
 40
1.0
 40
1.0
 40
1.0
 40
2.0
 40
2.0
 40
2.0
 40
3.0
 40
3.0
 40
3.0
 40
4.0
 40
4.0
 40
4.0
 40
4.0
 10
44.83885538663169
 20
6.615179090051323
 30
0.0
 10
44.83885538663169
 20
6.615179090051323
 30
0.0
 10
44.25103778905502
 20
6.615179090051323
 30
0.0
 10
44.25103778905502
 20
6.615179090051323
 30
0.0
 10
44.25103778905502
 20
6.615179090051323
 30
0.0
 10
44.25103778905502
 20
6.762133489446771
 30
0.0
 10
44.25103778905502
 20
6.762133489446771
 30
0.0
 10
44.25103778905502
 20
6.762133489446771
 30
0.0
 10
44.83885538663169
 20
6.762133489446771
 30
0.0
 10
44.83885538663169
 20
6.762133489446771
 30
0.0
 10
44.83885538663169
 20
6.762133489446771
 30
0.0
 10
44.83885538663169
 20
6.615179090051323
 30
0.0
 10
44.83885538663169
 20
6.615179090051323
 30
0.0
  0
SPLINE
  5
1BA
330
70
100
AcDbEntity
  8
guideline
100
AcDbSpline
210
0.0
220
0.0
230
1.0
 70
    11
 71
     3
 72
    17
 73
    13
 74
     0
 42
0.0000000001
 43
0.0000000001
 40
0.0
 40
0.0
 40
0.0
 40
0.0
 40
1.0
 40
1.0
 40
1.0
 40
2.0
 40
2.0
 40
2.0
 40
3.0
 40
3.0
 40
3.0
 40
4.0
 40
4.0
 40
4.0
 40
4.0
 10
43.66322019147804
 20
6.615179090051323
 30
0.0
 10
43.66322019147804
 20
6.615179090051323
 30
0.0
 10
43.07540259390235
 20
6.615179090051323
 30
0.0
 10
43.07540259390235
 20
6.615179090051323
 30
0.0
 10
43.07540259390235
 20
6.615179090051323
 30
0.0
 10
43.07540259390235
 20
6.762133489446771
 30
0.0
 10
43.07540259390235
 20
6.762133489446771
 30
0.0
 10
43.07540259390235
 20
6.762133489446771
 30
0.0
 10
43.66322019147804
 20
6.762133489446771
 30
0.0
 10
43.66322019147804
 20
6.762133489446771
 30
0.0
 10
43.66322019147804
 20
6.762133489446771
 30
0.0
 10
43.66322019147804
 20
6.615179090051323
 30
0.0
 10
43.66322019147804
 20
6.615179090051323
 30
0.0
  0
SPLINE
  5
1BB
330
70
100
AcDbEntity
  8
guideline
100
AcDbSpline
210
0.0
220
0.0
230
1.0
 70
    11
 71
     3
 72
    17
 73
    13
 74
     0
 42
0.0000000001
 43
0.0000000001
 40
0.0
 40
0.0
 40
0.0
 40
0.0
 40
1.0
 40
1.0
 40
1.0
 40
2.0
 40
2.0
 40
2.0
 40
3.0
 40
3.0
 40
3.0
 40
4.0
 40
4.0
 40
4.0
 40
4.0
 10
42.48758499632569
 20
6.615179090051323
 30
0.0
 10
42.48758499632569
 20
6.615179090051323
 30
0.0
 10
41.89976739874967
 20
6.615179090051323
 30
0.0
 10
41.89976739874967
 20
6.615179090051323
 30
0.0
 10
41.89976739874967
 20
6.615179090051323
 30
0.0
 10
41.89976739874967
 20
6.762133489446771
 30
0.0
 10
41.89976739874967
 20
6.762133489446771
 30
0.0
 10
41.89976739874967
 20
6.762133489446771
 30
0.0
 10
42.48758499632569
 20
6.762133489446771
 30
0.0
 10
42.48758499632569
 20
6.762133489446771
 30
0.0
 10
42.48758499632569
 20
6.762133489446771
 30
0.0
 10
42.48758499632569
 20
6.615179090051323
 30
0.0
 10
42.48758499632569
 20
6.615179090051323
 30
0.0
  0
SPLINE
  5
1BC
330
70
100
AcDbEntity
  8
guideline
100
AcDbSpline
210
0.0
220
0.0
230
1.0
 70
    11
 71
     3
 72
    17
 73
    13
 74
     0
 42
0.0000000001
 43
0.0000000001
 40
0.0
 40
0.0
 40
0.0
 40
0.0
 40
1.0
 40
1.0
 40
1.0
 40
2.0
 40
2.0
 40
2.0
 40
3.0
 40
3.0
 40
3.0
 40
4.0
 40
4.0
 40
4.0
 40
4.0
 10
41.31194980117302
 20
6.615179090051323
 30
0.0
 10
41.31194980117302
 20
6.615179090051323
 30
0.0
 10
40.72413220359636
 20
6.615179090051323
 30
0.0
 10
40.72413220359636
 20
6.615179090051323
 30
0.0
 10
40.72413220359636
 20
6.615179090051323
 30
0.0
 10
40.72413220359636
 20
6.762133489446771
 30
0.0
 10
40.72413220359636
 20
6.762133489446771
 30
0.0
 10
40.72413220359636
 20
6.762133489446771
 30
0.0
 10
41.31194980117302
 20
6.762133489446771
 30
0.0
 10
41.31194980117302
 20
6.762133489446771
 30
0.0
 10
41.31194980117302
 20
6.762133489446771
 30
0.0
 10
41.31194980117302
 20
6.615179090051323
 30
0.0
 10
41.31194980117302
 20
6.615179090051323
 30
0.0
  0
SPLINE
  5
1BD
330
70
100
AcDbEntity
  8
guideline
100
AcDbSpline
210
0.0
220
0.0
230
1.0
 70
    11
 71
     3
 72
    17
 73
    13
 74
     0
 42
0.0000000001
 43
0.0000000001
 40
0.0
 40
0.0
 40
0.0
 40
0.0
 40
1.0
 40
1.0
 40
1.0
 40
2.0
 40
2.0
 40
2.0
 40
3.0
 40
3.0
 40
3.0
 40
4.0
 40
4.0
 40
4.0
 40
4.0
 10
40.13631460602034
 20
6.615179090051323
 30
0.0
 10
40.13631460602034
 20
6.615179090051323
 30
0.0
 10
39.54849700844369
 20
6.615179090051323
 30
0.0
 10
39.54849700844369
 20
6.615179090051323
 30
0.0
 10
39.54849700844369
 20
6.615179090051323
 30
0.0
 10
39.54849700844369
 20
6.762133489446771
 30
0.0
 10
39.54849700844369
 20
6.762133489446771
 30
0.0
 10
39.54849700844369
 20
6.762133489446771
 30
0.0
 10
40.13631460602034
 20
6.762133489446771
 30
0.0
 10
40.13631460602034
 20
6.762133489446771
 30
0.0
 10
40.13631460602034
 20
6.762133489446771
 30
0.0
 10
40.13631460602034
 20
6.615179090051323
 30
0.0
 10
40.13631460602034
 20
6.615179090051323
 30
0.0
  0
SPLINE
  5
1BE
330
70
100
AcDbEntity
  8
guideline
100
AcDbSpline
210
0.0
220
0.0
230
1.0
 70
    11
 71
     3
 72
    17
 73
    13
 74
     0
 42
0.0000000001
 43
0.0000000001
 40
0.0
 40
0.0
 40
0.0
 40
0.0
 40
1.0
 40
1.0
 40
1.0
 40
2.0
 40
2.0
 40
2.0
 40
3.0
 40
3.0
 40
3.0
 40
4.0
 40
4.0
 40
4.0
 40
4.0
 10
38.96067941086767
 20
6.615179090051323
 30
0.0
 10
38.96067941086767
 20
6.615179090051323
 30
0.0
 10
38.37286181329102
 20
6.615179090051323
 30
0.0
 10
38.37286181329102
 20
6.615179090051323
 30
0.0
 10
38.37286181329102
 20
6.615179090051323
 30
0.0
 10
38.37286181329102
 20
6.762133489446771
 30
0.0
 10
38.37286181329102
 20
6.762133489446771
 30
0.0
 10
38.37286181329102
 20
6.762133489446771
 30
0.0
 10
38.96067941086767
 20
6.762133489446771
 30
0.0
 10
38.96067941086767
 20
6.762133489446771
 30
0.0
 10
38.96067941086767
 20
6.762133489446771
 30
0.0
 10
38.96067941086767
 20
6.615179090051323
 30
0.0
 10
38.96067941086767
 20
6.615179090051323
 30
0.0
  0
SPLINE
  5
1BF
330
70
100
AcDbEntity
  8
guideline
100
AcDbSpline
210
0.0
220
0.0
230
1.0
 70
    11
 71
     3
 72
    17
 73
    13
 74
     0
 42
0.0000000001
 43
0.0000000001
 40
0.0
 40
0.0
 40
0.0
 40
0.0
 40
1.0
 40
1.0
 40
1.0
 40
2.0
 40
2.0
 40
2.0
 40
3.0
 40
3.0
 40
3.0
 40
4.0
 40
4.0
 40
4.0
 40
4.0
 10
37.78504421571436
 20
6.615179090051323
 30
0.0
 10
37.78504421571436
 20
6.615179090051323
 30
0.0
 10
37.19722661813834
 20
6.615179090051323
 30
0.0
 10
37.19722661813834
 20
6.615179090051323
 30
0.0
 10
37.19722661813834
 20
6.615179090051323
 30
0.0
 10
37.19722661813834
 20
6.762133489446771
 30
0.0
 10
37.19722661813834
 20
6.762133489446771
 30
0.0
 10
37.19722661813834
 20
6.762133489446771
 30
0.0
 10
37.78504421571436
 20
6.762133489446771
 30
0.0
 10
37.78504421571436
 20
6.762133489446771
 30
0.0
 10
37.78504421571436
 20
6.762133489446771
 30
0.0
 10
37.78504421571436
 20
6.615179090051323
 30
0.0
 10
37.78504421571436
 20
6.615179090051323
 30
0.0
  0
SPLINE
  5
1C0
330
70
100
AcDbEntity
  8
guideline
100
AcDbSpline
210
0.0
220
0.0
230
1.0
 70
    11
 71
     3
 72
    17
 73
    13
 74
     0
 42
0.0000000001
 43
0.0000000001
 40
0.0
 40
0.0
 40
0.0
 40
0.0
 40
1.0
 40
1.0
 40
1.0
 40
2.0
 40
2.0
 40
2.0
 40
3.0
 40
3.0
 40
3.0
 40
4.0
 40
4.0
 40
4.0
 40
4.0
 10
36.60940902056168
 20
6.615179090051323
 30
0.0
 10
36.60940902056168
 20
6.615179090051323
 30
0.0
 10
36.02159142298567
 20
6.615179090051323
 30
0.0
 10
36.02159142298567
 20
6.615179090051323
 30
0.0
 10
36.02159142298567
 20
6.615179090051323
 30
0.0
 10
36.02159142298567
 20
6.762133489446771
 30
0.0
 10
36.02159142298567
 20
6.762133489446771
 30
0.0
 10
36.02159142298567
 20
6.762133489446771
 30
0.0
 10
36.60940902056168
 20
6.762133489446771
 30
0.0
 10
36.60940902056168
 20
6.762133489446771
 30
0.0
 10
36.60940902056168
 20
6.762133489446771
 30
0.0
 10
36.60940902056168
 20
6.615179090051323
 30
0.0
 10
36.60940902056168
 20
6.615179090051323
 30
0.0
  0
SPLINE
  5
1C1
330
70
100
AcDbEntity
  8
guideline
100
AcDbSpline
210
0.0
220
0.0
230
1.0
 70
    11
 71
     3
 72
    17
 73
    13
 74
     0
 42
0.0000000001
 43
0.0000000001
 40
0.0
 40
0.0
 40
0.0
 40
0.0
 40
1.0
 40
1.0
 40
1.0
 40
2.0
 40
2.0
 40
2.0
 40
3.0
 40
3.0
 40
3.0
 40
4.0
 40
4.0
 40
4.0
 40
4.0
 10
35.43377382540901
 20
6.615179090051323
 30
0.0
 10
35.43377382540901
 20
6.615179090051323
 30
0.0
 10
34.84595622783331
 20
6.615179090051323
 30
0.0
 10
34.84595622783331
 20
6.615179090051323
 30
0.0
 10
34.84595622783331
 20
6.615179090051323
 30
0.0
 10
34.84595622783331
 20
6.762133489446771
 30
0.0
 10
34.84595622783331
 20
6.762133489446771
 30
0.0
 10
34.84595622783331
 20
6.762133489446771
 30
0.0
 10
35.43377382540901
 20
6.762133489446771
 30
0.0
 10
35.43377382540901
 20
6.762133489446771
 30
0.0
 10
35.43377382540901
 20
6.762133489446771
 30
0.0
 10
35.43377382540901
 20
6.615179090051323
 30
0.0
 10
35.43377382540901
 20
6.615179090051323
 30
0.0
  0
SPLINE
  5
1C2
330
70
100
AcDbEntity
  8
guideline
100
AcDbSpline
210
0.0
220
0.0
230
1.0
 70
    11
 71
     3
 72
    17
 73
    13
 74
     0
 42
0.0000000001
 43
0.0000000001
 40
0.0
 40
0.0
 40
0.0
 40
0.0
 40
1.0
 40
1.0
 40
1.0
 40
2.0
 40
2.0
 40
2.0
 40
3.0
 40
3.0
 40
3.0
 40
4.0
 40
4.0
 40
4.0
 40
4.0
 10
34.25813863025633
 20
6.615179090051323
 30
0.0
 10
34.25813863025633
 20
6.615179090051323
 30
0.0
 10
33.67032103267968
 20
6.615179090051323
 30
0.0
 10
33.67032103267968
 20
6.615179090051323
 30
0.0
 10
33.67032103267968
 20
6.615179090051323
 30
0.0
 10
33.67032103267968
 20
6.762133489446771
 30
0.0
 10
33.67032103267968
 20
6.762133489446771
 30
0.0
 10
33.67032103267968
 20
6.762133489446771
 30
0.0
 10
34.25813863025633
 20
6.762133489446771
 30
0.0
 10
34.25813863025633
 20
6.762133489446771
 30
0.0
 10
34.25813863025633
 20
6.762133489446771
 30
0.0
 10
34.25813863025633
 20
6.615179090051323
 30
0.0
 10
34.25813863025633
 20
6.615179090051323
 30
0.0
  0
SPLINE
  5
1C3
330
70
100
AcDbEntity
  8
guideline
100
AcDbSpline
210
0.0
220
0.0
230
1.0
 70
    11
 71
     3
 72
    17
 73
    13
 74
     0
 42
0.0000000001
 43
0.0000000001
 40
0.0
 40
0.0
 40
0.0
 40
0.0
 40
1.0
 40
1.0
 40
1.0
 40
2.0
 40
2.0
 40
2.0
 40
3.0
 40
3.0
 40
3.0
 40
4.0
 40
4.0
 40
4.0
 40
4.0
 10
33.08250343510302
 20
6.615179090051323
 30
0.0
 10
33.08250343510302
 20
6.615179090051323
 30
0.0
 10
32.494685837527
 20
6.615179090051323
 30
0.0
 10
32.494685837527
 20
6.615179090051323
 30
0.0
 10
32.494685837527
 20
6.615179090051323
 30
0.0
 10
32.494685837527
 20
6.762133489446771
 30
0.0
 10
32.494685837527
 20
6.762133489446771
 30
0.0
 10
32.494685837527
 20
6.762133489446771
 30
0.0
 10
33.08250343510302
 20
6.762133489446771
 30
0.0
 10
33.08250343510302
 20
6.762133489446771
 30
0.0
 10
33.08250343510302
 20
6.762133489446771
 30
0.0
 10
33.08250343510302
 20
6.615179090051323
 30
0.0
 10
33.08250343510302
 20
6.615179090051323
 30
0.0
  0
SPLINE
  5
1C4
330
70
100
AcDbEntity
  8
guideline
100
AcDbSpline
210
0.0
220
0.0
230
1.0
 70
    11
 71
     3
 72
    17
 73
    13
 74
     0
 42
0.0000000001
 43
0.0000000001
 40
0.0
 40
0.0
 40
0.0
 40
0.0
 40
1.0
 40
1.0
 40
1.0
 40
2.0
 40
2.0
 40
2.0
 40
3.0
 40
3.0
 40
3.0
 40
4.0
 40
4.0
 40
4.0
 40
4.0
 10
31.90686823995035
 20
6.615179090051323
 30
0.0
 10
31.90686823995035
 20
6.615179090051323
 30
0.0
 10
31.31905064237433
 20
6.615179090051323
 30
0.0
 10
31.31905064237433
 20
6.615179090051323
 30
0.0
 10
31.31905064237433
 20
6.615179090051323
 30
0.0
 10
31.31905064237433
 20
6.762133489446771
 30
0.0
 10
31.31905064237433
 20
6.762133489446771
 30
0.0
 10
31.31905064237433
 20
6.762133489446771
 30
0.0
 10
31.90686823995035
 20
6.762133489446771
 30
0.0
 10
31.90686823995035
 20
6.762133489446771
 30
0.0
 10
31.90686823995035
 20
6.762133489446771
 30
0.0
 10
31.90686823995035
 20
6.615179090051323
 30
0.0
 10
31.90686823995035
 20
6.615179090051323
 30
0.0
  0
SPLINE
  5
1C5
330
70
100
AcDbEntity
  8
guideline
100
AcDbSpline
210
0.0
220
0.0
230
1.0
 70
    11
 71
     3
 72
    17
 73
    13
 74
     0
 42
0.0000000001
 43
0.0000000001
 40
0.0
 40
0.0
 40
0.0
 40
0.0
 40
1.0
 40
1.0
 40
1.0
 40
2.0
 40
2.0
 40
2.0
 40
3.0
 40
3.0
 40
3.0
 40
4.0
 40
4.0
 40
4.0
 40
4.0
 10
30.73123304479767
 20
6.615179090051323
 30
0.0
 10
30.73123304479767
 20
6.615179090051323
 30
0.0
 10
30.14341544722102
 20
6.615179090051323
 30
0.0
 10
30.14341544722102
 20
6.615179090051323
 30
0.0
 10
30.14341544722102
 20
6.615179090051323
 30
0.0
 10
30.14341544722102
 20
6.762133489446771
 30
0.0
 10
30.14341544722102
 20
6.762133489446771
 30
0.0
 10
30.14341544722102
 20
6.762133489446771
 30
0.0
 10
30.73123304479767
 20
6.762133489446771
 30
0.0
 10
30.73123304479767
 20
6.762133489446771
 30
0.0
 10
30.73123304479767
 20
6.762133489446771
 30
0.0
 10
30.73123304479767
 20
6.615179090051323
 30
0.0
 10
30.73123304479767
 20
6.615179090051323
 30
0.0
  0
SPLINE
  5
1C6
330
70
100
AcDbEntity
  8
guideline
100
AcDbSpline
210
0.0
220
0.0
230
1.0
 70
    11
 71
     3
 72
    17
 73
    13
 74
     0
 42
0.0000000001
 43
0.0000000001
 40
0.0
 40
0.0
 40
0.0
 40
0.0
 40
1.0
 40
1.0
 40
1.0
 40
2.0
 40
2.0
 40
2.0
 40
3.0
 40
3.0
 40
3.0
 40
4.0
 40
4.0
 40
4.0
 40
4.0
 10
29.555597849645
 20
6.615179090051323
 30
0.0
 10
29.555597849645
 20
6.615179090051323
 30
0.0
 10
28.96778025206834
 20
6.615179090051323
 30
0.0
 10
28.96778025206834
 20
6.615179090051323
 30
0.0
 10
28.96778025206834
 20
6.615179090051323
 30
0.0
 10
28.96778025206834
 20
6.762133489446771
 30
0.0
 10
28.96778025206834
 20
6.762133489446771
 30
0.0
 10
28.96778025206834
 20
6.762133489446771
 30
0.0
 10
29.555597849645
 20
6.762133489446771
 30
0.0
 10
29.555597849645
 20
6.762133489446771
 30
0.0
 10
29.555597849645
 20
6.762133489446771
 30
0.0
 10
29.555597849645
 20
6.615179090051323
 30
0.0
 10
29.555597849645
 20
6.615179090051323
 30
0.0
  0
SPLINE
  5
1C7
330
70
100
AcDbEntity
  8
guideline
100
AcDbSpline
210
0.0
220
0.0
230
1.0
 70
    11
 71
     3
 72
    17
 73
    13
 74
     0
 42
0.0000000001
 43
0.0000000001
 40
0.0
 40
0.0
 40
0.0
 40
0.0
 40
1.0
 40
1.0
 40
1.0
 40
2.0
 40
2.0
 40
2.0
 40
3.0
 40
3.0
 40
3.0
 40
4.0
 40
4.0
 40
4.0
 40
4.0
 10
28.37996265449169
 20
6.615179090051323
 30
0.0
 10
28.37996265449169
 20
6.615179090051323
 30
0.0
 10
27.79214505691567
 20
6.615179090051323
 30
0.0
 10
27.79214505691567
 20
6.615179090051323
 30
0.0
 10
27.79214505691567
 20
6.615179090051323
 30
0.0
 10
27.79214505691567
 20
6.762133489446771
 30
0.0
 10
27.79214505691567
 20
6.762133489446771
 30
0.0
 10
27.79214505691567
 20
6.762133489446771
 30
0.0
 10
28.37996265449169
 20
6.762133489446771
 30
0.0
 10
28.37996265449169
 20
6.762133489446771
 30
0.0
 10
28.37996265449169
 20
6.762133489446771
 30
0.0
 10
28.37996265449169
 20
6.615179090051323
 30
0.0
 10
28.37996265449169
 20
6.615179090051323
 30
0.0
  0
SPLINE
  5
1C8
330
70
100
AcDbEntity
  8
guideline
100
AcDbSpline
210
0.0
220
0.0
230
1.0
 70
    11
 71
     3
 72
    17
 73
    13
 74
     0
 42
0.0000000001
 43
0.0000000001
 40
0.0
 40
0.0
 40
0.0
 40
0.0
 40
1.0
 40
1.0
 40
1.0
 40
2.0
 40
2.0
 40
2.0
 40
3.0
 40
3.0
 40
3.0
 40
4.0
 40
4.0
 40
4.0
 40
4.0
 10
27.20432745933901
 20
6.615179090051323
 30
0.0
 10
27.20432745933901
 20
6.615179090051323
 30
0.0
 10
26.616509861763
 20
6.615179090051323
 30
0.0
 10
26.616509861763
 20
6.615179090051323
 30
0.0
 10
26.616509861763
 20
6.615179090051323
 30
0.0
 10
26.616509861763
 20
6.762133489446771
 30
0.0
 10
26.616509861763
 20
6.762133489446771
 30
0.0
 10
26.616509861763
 20
6.762133489446771
 30
0.0
 10
27.20432745933901
 20
6.762133489446771
 30
0.0
 10
27.20432745933901
 20
6.762133489446771
 30
0.0
 10
27.20432745933901
 20
6.762133489446771
 30
0.0
 10
27.20432745933901
 20
6.615179090051323
 30
0.0
 10
27.20432745933901
 20
6.615179090051323
 30
0.0
  0
HATCH
  5
1C9
330
70
100
AcDbEntity
  8
guideline
 62
   241
420
 16028843
440
 33554687
100
AcDbHatch
 10
0.0
 20
0.0
 30
0.0
210
0.0
220
0.0
230
1.0
  2
SOLID
 70
     1
 71
     1
 91
       32
 92
        1
 93
        1
 72
     4
 94
        3
 73
     0
 74
     0
 95
       17
 96
       13
 40
0.0
 40
0.0
 40
0.0
 40
0.0
 40
1.0
 40
1.0
 40
1.0
 40
2.0
 40
2.0
 40
2.0
 40
3.0
 40
3.0
 40
3.0
 40
4.0
 40
4.0
 40
4.0
 40
4.0
 10
63.64901850907607
 20
6.615179090051323
 10
63.64901850907607
 20
6.615179090051323
 10
63.0612009114994
 20
6.615179090051323
 10
63.0612009114994
 20
6.615179090051323
 10
63.0612009114994
 20
6.615179090051323
 10
63.0612009114994
 20
6.762133489446771
 10
63.0612009114994
 20
6.762133489446771
 10
63.0612009114994
 20
6.762133489446771
 10
63.64901850907607
 20
6.762133489446771
 10
63.64901850907607
 20
6.762133489446771
 10
63.64901850907607
 20
6.762133489446771
 10
63.64901850907607
 20
6.615179090051323
 10
63.64901850907607
 20
6.615179090051323
 97
        0
 97
        1
330
1A9
 92
        1
 93
        2
 72
     4
 94
        3
 73
     0
 74
     0
 95
       17
 96
       13
 40
0.0
 40
0.0
 40
0.0
 40
0.0
 40
1.0
 40
1.0
 40
1.0
 40
2.0
 40
2.0
 40
2.0
 40
3.0
 40
3.0
 40
3.0
 40
4.0
 40
4.0
 40
4.0
 40
4.0
 10
62.47338331392275
 20
6.615179090051323
 10
62.47338331392275
 20
6.615179090051323
 10
61.88556571634673
 20
6.615179090051323
 10
61.88556571634673
 20
6.615179090051323
 10
61.88556571634673
 20
6.615179090051323
 10
61.88556571634673
 20
6.762133489446771
 10
61.88556571634673
 20
6.762133489446771
 10
61.88556571634673
 20
6.762133489446771
 10
62.47338331392275
 20
6.762133489446771
 10
62.47338331392275
 20
6.762133489446771
 10
62.47338331392275
 20
6.762133489446771
 10
62.47338331392275
 20
6.615179090051323
 10
62.47338331392275
 20
6.615179090051323
 97
        0
 72
     1
 10
62.47338331392275
 20
6.615179090051323
 11
62.47338331392275
 21
6.615179090051323
 97
        0
 92
        1
 93
        2
 72
     4
 94
        3
 73
     0
 74
     0
 95
       17
 96
       13
 40
0.0
 40
0.0
 40
0.0
 40
0.0
 40
1.0
 40
1.0
 40
1.0
 40
2.0
 40
2.0
 40
2.0
 40
3.0
 40
3.0
 40
3.0
 40
4.0
 40
4.0
 40
4.0
 40
4.0
 10
61.29774811877007
 20
6.615179090051323
 10
61.29774811877007
 20
6.615179090051323
 10
60.70993052119342
 20
6.615179090051323
 10
60.70993052119342
 20
6.615179090051323
 10
60.70993052119342
 20
6.615179090051323
 10
60.70993052119342
 20
6.762133489446771
 10
60.70993052119342
 20
6.762133489446771
 10
60.70993052119342
 20
6.762133489446771
 10
61.29774811877007
 20
6.762133489446771
 10
61.29774811877007
 20
6.762133489446771
 10
61.29774811877007
 20
6.762133489446771
 10
61.29774811877007
 20
6.615179090051323
 10
61.29774811877007
 20
6.615179090051323
 97
        0
 72
     1
 10
61.29774811877007
 20
6.615179090051323
 11
61.29774811877007
 21
6.615179090051323
 97
        0
 92
        1
 93
        2
 72
     4
 94
        3
 73
     0
 74
     0
 95
       17
 96
       13
 40
0.0
 40
0.0
 40
0.0
 40
0.0
 40
1.0
 40
1.0
 40
1.0
 40
2.0
 40
2.0
 40
2.0
 40
3.0
 40
3.0
 40
3.0
 40
4.0
 40
4.0
 40
4.0
 40
4.0
 10
60.1221129236174
 20
6.615179090051323
 10
60.1221129236174
 20
6.615179090051323
 10
59.53429532604075
 20
6.615179090051323
 10
59.53429532604075
 20
6.615179090051323
 10
59.53429532604075
 20
6.615179090051323
 10
59.53429532604075
 20
6.762133489446771
 10
59.53429532604075
 20
6.762133489446771
 10
59.53429532604075
 20
6.762133489446771
 10
60.1221129236174
 20
6.762133489446771
 10
60.1221129236174
 20
6.762133489446771
 10
60.1221129236174
 20
6.762133489446771
 10
60.1221129236174
 20
6.615179090051323
 10
60.1221129236174
 20
6.615179090051323
 97
        0
 72
     1
 10
60.1221129236174
 20
6.615179090051323
 11
60.1221129236174
 21
6.615179090051323
 97
        0
 92
        1
 93
        2
 72
     4
 94
        3
 73
     0
 74
     0
 95
       17
 96
       13
 40
0.0
 40
0.0
 40
0.0
 40
0.0
 40
1.0
 40
1.0
 40
1.0
 40
2.0
 40
2.0
 40
2.0
 40
3.0
 40
3.0
 40
3.0
 40
4.0
 40
4.0
 40
4.0
 40
4.0
 10
58.94647772846473
 20
6.615179090051323
 10
58.94647772846473
 20
6.615179090051323
 10
58.35866013088807
 20
6.615179090051323
 10
58.35866013088807
 20
6.615179090051323
 10
58.35866013088807
 20
6.615179090051323
 10
58.35866013088807
 20
6.762133489446771
 10
58.35866013088807
 20
6.762133489446771
 10
58.35866013088807
 20
6.762133489446771
 10
58.94647772846473
 20
6.762133489446771
 10
58.94647772846473
 20
6.762133489446771
 10
58.94647772846473
 20
6.762133489446771
 10
58.94647772846473
 20
6.615179090051323
 10
58.94647772846473
 20
6.615179090051323
 97
        0
 72
     1
 10
58.94647772846473
 20
6.615179090051323
 11
58.94647772846473
 21
6.615179090051323
 97
        0
 92
        1
 93
        2
 72
     4
 94
        3
 73
     0
 74
     0
 95
       17
 96
       13
 40
0.0
 40
0.0
 40
0.0
 40
0.0
 40
1.0
 40
1.0
 40
1.0
 40
2.0
 40
2.0
 40
2.0
 40
3.0
 40
3.0
 40
3.0
 40
4.0
 40
4.0
 40
4.0
 40
4.0
 10
57.77084253331206
 20
6.615179090051323
 10
57.77084253331206
 20
6.615179090051323
 10
57.18302493573539
 20
6.615179090051323
 10
57.18302493573539
 20
6.615179090051323
 10
57.18302493573539
 20
6.615179090051323
 10
57.18302493573539
 20
6.762133489446771
 10
57.18302493573539
 20
6.762133489446771
 10
57.18302493573539
 20
6.762133489446771
 10
57.77084253331206
 20
6.762133489446771
 10
57.77084253331206
 20
6.762133489446771
 10
57.77084253331206
 20
6.762133489446771
 10
57.77084253331206
 20
6.615179090051323
 10
57.77084253331206
 20
6.615179090051323
 97
        0
 72
     1
 10
57.77084253331206
 20
6.615179090051323
 11
57.77084253331206
 21
6.615179090051323
 97
        0
 92
        1
 93
        2
 72
     4
 94
        3
 73
     0
 74
     0
 95
       17
 96
       13
 40
0.0
 40
0.0
 40
0.0
 40
0.0
 40
1.0
 40
1.0
 40
1.0
 40
2.0
 40
2.0
 40
2.0
 40
3.0
 40
3.0
 40
3.0
 40
4.0
 40
4.0
 40
4.0
 40
4.0
 10
56.59520733815874
 20
6.615179090051323
 10
56.59520733815874
 20
6.615179090051323
 10
56.00738974058272
 20
6.615179090051323
 10
56.00738974058272
 20
6.615179090051323
 10
56.00738974058272
 20
6.615179090051323
 10
56.00738974058272
 20
6.762133489446771
 10
56.00738974058272
 20
6.762133489446771
 10
56.00738974058272
 20
6.762133489446771
 10
56.59520733815874
 20
6.762133489446771
 10
56.59520733815874
 20
6.762133489446771
 10
56.59520733815874
 20
6.762133489446771
 10
56.59520733815874
 20
6.615179090051323
 10
56.59520733815874
 20
6.615179090051323
 97
        0
 72
     1
 10
56.59520733815874
 20
6.615179090051323
 11
56.59520733815874
 21
6.615179090051323
 97
        0
 92
        1
 93
        2
 72
     4
 94
        3
 73
     0
 74
     0
 95
       17
 96
       13
 40
0.0
 40
0.0
 40
0.0
 40
0.0
 40
1.0
 40
1.0
 40
1.0
 40
2.0
 40
2.0
 40
2.0
 40
3.0
 40
3.0
 40
3.0
 40
4.0
 40
4.0
 40
4.0
 40
4.0
 10
55.41957214300606
 20
6.615179090051323
 10
55.41957214300606
 20
6.615179090051323
 10
54.83175454543005
 20
6.615179090051323
 10
54.83175454543005
 20
6.615179090051323
 10
54.83175454543005
 20
6.615179090051323
 10
54.83175454543005
 20
6.762133489446771
 10
54.83175454543005
 20
6.762133489446771
 10
54.83175454543005
 20
6.762133489446771
 10
55.41957214300606
 20
6.762133489446771
 10
55.41957214300606
 20
6.762133489446771
 10
55.41957214300606
 20
6.762133489446771
 10
55.41957214300606
 20
6.615179090051323
 10
55.41957214300606
 20
6.615179090051323
 97
        0
 72
     1
 10
55.41957214300606
 20
6.615179090051323
 11
55.41957214300606
 21
6.615179090051323
 97
        0
 92
        1
 93
        2
 72
     4
 94
        3
 73
     0
 74
     0
 95
       17
 96
       13
 40
0.0
 40
0.0
 40
0.0
 40
0.0
 40
1.0
 40
1.0
 40
1.0
 40
2.0
 40
2.0
 40
2.0
 40
3.0
 40
3.0
 40
3.0
 40
4.0
 40
4.0
 40
4.0
 40
4.0
 10
54.24393694785339
 20
6.615179090051323
 10
54.24393694785339
 20
6.615179090051323
 10
53.65611935027673
 20
6.615179090051323
 10
53.65611935027673
 20
6.615179090051323
 10
53.65611935027673
 20
6.615179090051323
 10
53.65611935027673
 20
6.762133489446771
 10
53.65611935027673
 20
6.762133489446771
 10
53.65611935027673
 20
6.762133489446771
 10
54.24393694785339
 20
6.762133489446771
 10
54.24393694785339
 20
6.762133489446771
 10
54.24393694785339
 20
6.762133489446771
 10
54.24393694785339
 20
6.615179090051323
 10
54.24393694785339
 20
6.615179090051323
 97
        0
 72
     1
 10
54.24393694785339
 20
6.615179090051323
 11
54.24393694785339
 21
6.615179090051323
 97
        0
 92
        1
 93
        2
 72
     4
 94
        3
 73
     0
 74
     0
 95
       17
 96
       13
 40
0.0
 40
0.0
 40
0.0
 40
0.0
 40
1.0
 40
1.0
 40
1.0
 40
2.0
 40
2.0
 40
2.0
 40
3.0
 40
3.0
 40
3.0
 40
4.0
 40
4.0
 40
4.0
 40
4.0
 10
53.06830175270071
 20
6.615179090051323
 10
53.06830175270071
 20
6.615179090051323
 10
52.48048415512406
 20
6.615179090051323
 10
52.48048415512406
 20
6.615179090051323
 10
52.48048415512406
 20
6.615179090051323
 10
52.48048415512406
 20
6.762133489446771
 10
52.48048415512406
 20
6.762133489446771
 10
52.48048415512406
 20
6.762133489446771
 10
53.06830175270071
 20
6.762133489446771
 10
53.06830175270071
 20
6.762133489446771
 10
53.06830175270071
 20
6.762133489446771
 10
53.06830175270071
 20
6.615179090051323
 10
53.06830175270071
 20
6.615179090051323
 97
        0
 72
     1
 10
53.06830175270071
 20
6.615179090051323
 11
53.06830175270071
 21
6.615179090051323
 97
        0
 92
        1
 93
        2
 72
     4
 94
        3
 73
     0
 74
     0
 95
       17
 96
       13
 40
0.0
 40
0.0
 40
0.0
 40
0.0
 40
1.0
 40
1.0
 40
1.0
 40
2.0
 40
2.0
 40
2.0
 40
3.0
 40
3.0
 40
3.0
 40
4.0
 40
4.0
 40
4.0
 40
4.0
 10
51.89266655754805
 20
6.615179090051323
 10
51.89266655754805
 20
6.615179090051323
 10
51.30484895997138
 20
6.615179090051323
 10
51.30484895997138
 20
6.615179090051323
 10
51.30484895997138
 20
6.615179090051323
 10
51.30484895997138
 20
6.762133489446771
 10
51.30484895997138
 20
6.762133489446771
 10
51.30484895997138
 20
6.762133489446771
 10
51.89266655754805
 20
6.762133489446771
 10
51.89266655754805
 20
6.762133489446771
 10
51.89266655754805
 20
6.762133489446771
 10
51.89266655754805
 20
6.615179090051323
 10
51.89266655754805
 20
6.615179090051323
 97
        0
 72
     1
 10
51.89266655754805
 20
6.615179090051323
 11
51.89266655754805
 21
6.615179090051323
 97
        0
 92
        1
 93
        2
 72
     4
 94
        3
 73
     0
 74
     0
 95
       17
 96
       13
 40
0.0
 40
0.0
 40
0.0
 40
0.0
 40
1.0
 40
1.0
 40
1.0
 40
2.0
 40
2.0
 40
2.0
 40
3.0
 40
3.0
 40
3.0
 40
4.0
 40
4.0
 40
4.0
 40
4.0
 10
50.71703136239473
 20
6.615179090051323
 10
50.71703136239473
 20
6.615179090051323
 10
50.12921376481871
 20
6.615179090051323
 10
50.12921376481871
 20
6.615179090051323
 10
50.12921376481871
 20
6.615179090051323
 10
50.12921376481871
 20
6.762133489446771
 10
50.12921376481871
 20
6.762133489446771
 10
50.12921376481871
 20
6.762133489446771
 10
50.71703136239473
 20
6.762133489446771
 10
50.71703136239473
 20
6.762133489446771
 10
50.71703136239473
 20
6.762133489446771
 10
50.71703136239473
 20
6.615179090051323
 10
50.71703136239473
 20
6.615179090051323
 97
        0
 72
     1
 10
50.71703136239473
 20
6.615179090051323
 11
50.71703136239473
 21
6.615179090051323
 97
        0
 92
        1
 93
        2
 72
     4
 94
        3
 73
     0
 74
     0
 95
       17
 96
       13
 40
0.0
 40
0.0
 40
0.0
 40
0.0
 40
1.0
 40
1.0
 40
1.0
 40
2.0
 40
2.0
 40
2.0
 40
3.0
 40
3.0
 40
3.0
 40
4.0
 40
4.0
 40
4.0
 40
4.0
 10
49.54139616724205
 20
6.615179090051323
 10
49.54139616724205
 20
6.615179090051323
 10
48.95357856966604
 20
6.615179090051323
 10
48.95357856966604
 20
6.615179090051323
 10
48.95357856966604
 20
6.615179090051323
 10
48.95357856966604
 20
6.762133489446771
 10
48.95357856966604
 20
6.762133489446771
 10
48.95357856966604
 20
6.762133489446771
 10
49.54139616724205
 20
6.762133489446771
 10
49.54139616724205
 20
6.762133489446771
 10
49.54139616724205
 20
6.762133489446771
 10
49.54139616724205
 20
6.615179090051323
 10
49.54139616724205
 20
6.615179090051323
 97
        0
 72
     1
 10
49.54139616724205
 20
6.615179090051323
 11
49.54139616724205
 21
6.615179090051323
 97
        0
 92
        1
 93
        2
 72
     4
 94
        3
 73
     0
 74
     0
 95
       17
 96
       13
 40
0.0
 40
0.0
 40
0.0
 40
0.0
 40
1.0
 40
1.0
 40
1.0
 40
2.0
 40
2.0
 40
2.0
 40
3.0
 40
3.0
 40
3.0
 40
4.0
 40
4.0
 40
4.0
 40
4.0
 10
48.36576097208938
 20
6.615179090051323
 10
48.36576097208938
 20
6.615179090051323
 10
47.77794337451272
 20
6.615179090051323
 10
47.77794337451272
 20
6.615179090051323
 10
47.77794337451272
 20
6.615179090051323
 10
47.77794337451272
 20
6.762133489446771
 10
47.77794337451272
 20
6.762133489446771
 10
47.77794337451272
 20
6.762133489446771
 10
48.36576097208938
 20
6.762133489446771
 10
48.36576097208938
 20
6.762133489446771
 10
48.36576097208938
 20
6.762133489446771
 10
48.36576097208938
 20
6.615179090051323
 10
48.36576097208938
 20
6.615179090051323
 97
        0
 72
     1
 10
48.36576097208938
 20
6.615179090051323
 11
48.36576097208938
 21
6.615179090051323
 97
        0
 92
        1
 93
        2
 72
     4
 94
        3
 73
     0
 74
     0
 95
       17
 96
       13
 40
0.0
 40
0.0
 40
0.0
 40
0.0
 40
1.0
 40
1.0
 40
1.0
 40
2.0
 40
2.0
 40
2.0
 40
3.0
 40
3.0
 40
3.0
 40
4.0
 40
4.0
 40
4.0
 40
4.0
 10
47.1901257769367
 20
6.615179090051323
 10
47.1901257769367
 20
6.615179090051323
 10
46.60230817936005
 20
6.615179090051323
 10
46.60230817936005
 20
6.615179090051323
 10
46.60230817936005
 20
6.615179090051323
 10
46.60230817936005
 20
6.762133489446771
 10
46.60230817936005
 20
6.762133489446771
 10
46.60230817936005
 20
6.762133489446771
 10
47.1901257769367
 20
6.762133489446771
 10
47.1901257769367
 20
6.762133489446771
 10
47.1901257769367
 20
6.762133489446771
 10
47.1901257769367
 20
6.615179090051323
 10
47.1901257769367
 20
6.615179090051323
 97
        0
 72
     1
 10
47.1901257769367
 20
6.615179090051323
 11
47.1901257769367
 21
6.615179090051323
 97
        0
 92
        1
 93
        2
 72
     4
 94
        3
 73
     0
 74
     0
 95
       17
 96
       13
 40
0.0
 40
0.0
 40
0.0
 40
0.0
 40
1.0
 40
1.0
 40
1.0
 40
2.0
 40
2.0
 40
2.0
 40
3.0
 40
3.0
 40
3.0
 40
4.0
 40
4.0
 40
4.0
 40
4.0
 10
46.01449058178403
 20
6.615179090051323
 10
46.01449058178403
 20
6.615179090051323
 10
45.42667298420737
 20
6.615179090051323
 10
45.42667298420737
 20
6.615179090051323
 10
45.42667298420737
 20
6.615179090051323
 10
45.42667298420737
 20
6.762133489446771
 10
45.42667298420737
 20
6.762133489446771
 10
45.42667298420737
 20
6.762133489446771
 10
46.01449058178403
 20
6.762133489446771
 10
46.01449058178403
 20
6.762133489446771
 10
46.01449058178403
 20
6.762133489446771
 10
46.01449058178403
 20
6.615179090051323
 10
46.01449058178403
 20
6.615179090051323
 97
        0
 72
     1
 10
46.01449058178403
 20
6.615179090051323
 11
46.01449058178403
 21
6.615179090051323
 97
        0
 92
        1
 93
        2
 72
     4
 94
        3
 73
     0
 74
     0
 95
       17
 96
       13
 40
0.0
 40
0.0
 40
0.0
 40
0.0
 40
1.0
 40
1.0
 40
1.0
 40
2.0
 40
2.0
 40
2.0
 40
3.0
 40
3.0
 40
3.0
 40
4.0
 40
4.0
 40
4.0
 40
4.0
 10
44.83885538663169
 20
6.615179090051323
 10
44.83885538663169
 20
6.615179090051323
 10
44.25103778905502
 20
6.615179090051323
 10
44.25103778905502
 20
6.615179090051323
 10
44.25103778905502
 20
6.615179090051323
 10
44.25103778905502
 20
6.762133489446771
 10
44.25103778905502
 20
6.762133489446771
 10
44.25103778905502
 20
6.762133489446771
 10
44.83885538663169
 20
6.762133489446771
 10
44.83885538663169
 20
6.762133489446771
 10
44.83885538663169
 20
6.762133489446771
 10
44.83885538663169
 20
6.615179090051323
 10
44.83885538663169
 20
6.615179090051323
 97
        0
 72
     1
 10
44.83885538663169
 20
6.615179090051323
 11
44.83885538663169
 21
6.615179090051323
 97
        0
 92
        1
 93
        2
 72
     4
 94
        3
 73
     0
 74
     0
 95
       17
 96
       13
 40
0.0
 40
0.0
 40
0.0
 40
0.0
 40
1.0
 40
1.0
 40
1.0
 40
2.0
 40
2.0
 40
2.0
 40
3.0
 40
3.0
 40
3.0
 40
4.0
 40
4.0
 40
4.0
 40
4.0
 10
43.66322019147804
 20
6.615179090051323
 10
43.66322019147804
 20
6.615179090051323
 10
43.07540259390235
 20
6.615179090051323
 10
43.07540259390235
 20
6.615179090051323
 10
43.07540259390235
 20
6.615179090051323
 10
43.07540259390235
 20
6.762133489446771
 10
43.07540259390235
 20
6.762133489446771
 10
43.07540259390235
 20
6.762133489446771
 10
43.66322019147804
 20
6.762133489446771
 10
43.66322019147804
 20
6.762133489446771
 10
43.66322019147804
 20
6.762133489446771
 10
43.66322019147804
 20
6.615179090051323
 10
43.66322019147804
 20
6.615179090051323
 97
        0
 72
     1
 10
43.66322019147804
 20
6.615179090051323
 11
43.66322019147804
 21
6.615179090051323
 97
        0
 92
        1
 93
        2
 72
     4
 94
        3
 73
     0
 74
     0
 95
       17
 96
       13
 40
0.0
 40
0.0
 40
0.0
 40
0.0
 40
1.0
 40
1.0
 40
1.0
 40
2.0
 40
2.0
 40
2.0
 40
3.0
 40
3.0
 40
3.0
 40
4.0
 40
4.0
 40
4.0
 40
4.0
 10
42.48758499632569
 20
6.615179090051323
 10
42.48758499632569
 20
6.615179090051323
 10
41.89976739874967
 20
6.615179090051323
 10
41.89976739874967
 20
6.615179090051323
 10
41.89976739874967
 20
6.615179090051323
 10
41.89976739874967
 20
6.762133489446771
 10
41.89976739874967
 20
6.762133489446771
 10
41.89976739874967
 20
6.762133489446771
 10
42.48758499632569
 20
6.762133489446771
 10
42.48758499632569
 20
6.762133489446771
 10
42.48758499632569
 20
6.762133489446771
 10
42.48758499632569
 20
6.615179090051323
 10
42.48758499632569
 20
6.615179090051323
 97
        0
 72
     1
 10
42.48758499632569
 20
6.615179090051323
 11
42.48758499632569
 21
6.615179090051323
 97
        0
 92
        1
 93
        2
 72
     4
 94
        3
 73
     0
 74
     0
 95
       17
 96
       13
 40
0.0
 40
0.0
 40
0.0
 40
0.0
 40
1.0
 40
1.0
 40
1.0
 40
2.0
 40
2.0
 40
2.0
 40
3.0
 40
3.0
 40
3.0
 40
4.0
 40
4.0
 40
4.0
 40
4.0
 10
41.31194980117302
 20
6.615179090051323
 10
41.31194980117302
 20
6.615179090051323
 10
40.72413220359636
 20
6.615179090051323
 10
40.72413220359636
 20
6.615179090051323
 10
40.72413220359636
 20
6.615179090051323
 10
40.72413220359636
 20
6.762133489446771
 10
40.72413220359636
 20
6.762133489446771
 10
40.72413220359636
 20
6.762133489446771
 10
41.31194980117302
 20
6.762133489446771
 10
41.31194980117302
 20
6.762133489446771
 10
41.31194980117302
 20
6.762133489446771
 10
41.31194980117302
 20
6.615179090051323
 10
41.31194980117302
 20
6.615179090051323
 97
        0
 72
     1
 10
41.31194980117302
 20
6.615179090051323
 11
41.31194980117302
 21
6.615179090051323
 97
        0
 92
        1
 93
        2
 72
     4
 94
        3
 73
     0
 74
     0
 95
       17
 96
       13
 40
0.0
 40
0.0
 40
0.0
 40
0.0
 40
1.0
 40
1.0
 40
1.0
 40
2.0
 40
2.0
 40
2.0
 40
3.0
 40
3.0
 40
3.0
 40
4.0
 40
4.0
 40
4.0
 40
4.0
 10
40.13631460602034
 20
6.615179090051323
 10
40.13631460602034
 20
6.615179090051323
 10
39.54849700844369
 20
6.615179090051323
 10
39.54849700844369
 20
6.615179090051323
 10
39.54849700844369
 20
6.615179090051323
 10
39.54849700844369
 20
6.762133489446771
 10
39.54849700844369
 20
6.762133489446771
 10
39.54849700844369
 20
6.762133489446771
 10
40.13631460602034
 20
6.762133489446771
 10
40.13631460602034
 20
6.762133489446771
 10
40.13631460602034
 20
6.762133489446771
 10
40.13631460602034
 20
6.615179090051323
 10
40.13631460602034
 20
6.615179090051323
 97
        0
 72
     1
 10
40.13631460602034
 20
6.615179090051323
 11
40.13631460602034
 21
6.615179090051323
 97
        0
 92
        1
 93
        2
 72
     4
 94
        3
 73
     0
 74
     0
 95
       17
 96
       13
 40
0.0
 40
0.0
 40
0.0
 40
0.0
 40
1.0
 40
1.0
 40
1.0
 40
2.0
 40
2.0
 40
2.0
 40
3.0
 40
3.0
 40
3.0
 40
4.0
 40
4.0
 40
4.0
 40
4.0
 10
38.96067941086767
 20
6.615179090051323
 10
38.96067941086767
 20
6.615179090051323
 10
38.37286181329102
 20
6.615179090051323
 10
38.37286181329102
 20
6.615179090051323
 10
38.37286181329102
 20
6.615179090051323
 10
38.37286181329102
 20
6.762133489446771
 10
38.37286181329102
 20
6.762133489446771
 10
38.37286181329102
 20
6.762133489446771
 10
38.96067941086767
 20
6.762133489446771
 10
38.96067941086767
 20
6.762133489446771
 10
38.96067941086767
 20
6.762133489446771
 10
38.96067941086767
 20
6.615179090051323
 10
38.96067941086767
 20
6.615179090051323
 97
        0
 72
     1
 10
38.96067941086767
 20
6.615179090051323
 11
38.96067941086767
 21
6.615179090051323
 97
        0
 92
        1
 93
        2
 72
     4
 94
        3
 73
     0
 74
     0
 95
       17
 96
       13
 40
0.0
 40
0.0
 40
0.0
 40
0.0
 40
1.0
 40
1.0
 40
1.0
 40
2.0
 40
2.0
 40
2.0
 40
3.0
 40
3.0
 40
3.0
 40
4.0
 40
4.0
 40
4.0
 40
4.0
 10
37.78504421571436
 20
6.615179090051323
 10
37.78504421571436
 20
6.615179090051323
 10
37.19722661813834
 20
6.615179090051323
 10
37.19722661813834
 20
6.615179090051323
 10
37.19722661813834
 20
6.615179090051323
 10
37.19722661813834
 20
6.762133489446771
 10
37.19722661813834
 20
6.762133489446771
 10
37.19722661813834
 20
6.762133489446771
 10
37.78504421571436
 20
6.762133489446771
 10
37.78504421571436
 20
6.762133489446771
 10
37.78504421571436
 20
6.762133489446771
 10
37.78504421571436
 20
6.615179090051323
 10
37.78504421571436
 20
6.615179090051323
 97
        0
 72
     1
 10
37.78504421571436
 20
6.615179090051323
 11
37.78504421571436
 21
6.615179090051323
 97
        0
 92
        1
 93
        2
 72
     4
 94
        3
 73
     0
 74
     0
 95
       17
 96
       13
 40
0.0
 40
0.0
 40
0.0
 40
0.0
 40
1.0
 40
1.0
 40
1.0
 40
2.0
 40
2.0
 40
2.0
 40
3.0
 40
3.0
 40
3.0
 40
4.0
 40
4.0
 40
4.0
 40
4.0
 10
36.60940902056168
 20
6.615179090051323
 10
36.60940902056168
 20
6.615179090051323
 10
36.02159142298567
 20
6.615179090051323
 10
36.02159142298567
 20
6.615179090051323
 10
36.02159142298567
 20
6.615179090051323
 10
36.02159142298567
 20
6.762133489446771
 10
36.02159142298567
 20
6.762133489446771
 10
36.02159142298567
 20
6.762133489446771
 10
36.60940902056168
 20
6.762133489446771
 10
36.60940902056168
 20
6.762133489446771
 10
36.60940902056168
 20
6.762133489446771
 10
36.60940902056168
 20
6.615179090051323
 10
36.60940902056168
 20
6.615179090051323
 97
        0
 72
     1
 10
36.60940902056168
 20
6.615179090051323
 11
36.60940902056168
 21
6.615179090051323
 97
        0
 92
        1
 93
        2
 72
     4
 94
        3
 73
     0
 74
     0
 95
       17
 96
       13
 40
0.0
 40
0.0
 40
0.0
 40
0.0
 40
1.0
 40
1.0
 40
1.0
 40
2.0
 40
2.0
 40
2.0
 40
3.0
 40
3.0
 40
3.0
 40
4.0
 40
4.0
 40
4.0
 40
4.0
 10
35.43377382540901
 20
6.615179090051323
 10
35.43377382540901
 20
6.615179090051323
 10
34.84595622783331
 20
6.615179090051323
 10
34.84595622783331
 20
6.615179090051323
 10
34.84595622783331
 20
6.615179090051323
 10
34.84595622783331
 20
6.762133489446771
 10
34.84595622783331
 20
6.762133489446771
 10
34.84595622783331
 20
6.762133489446771
 10
35.43377382540901
 20
6.762133489446771
 10
35.43377382540901
 20
6.762133489446771
 10
35.43377382540901
 20
6.762133489446771
 10
35.43377382540901
 20
6.615179090051323
 10
35.43377382540901
 20
6.615179090051323
 97
        0
 72
     1
 10
35.43377382540901
 20
6.615179090051323
 11
35.43377382540901
 21
6.615179090051323
 97
        0
 92
        1
 93
        2
 72
     4
 94
        3
 73
     0
 74
     0
 95
       17
 96
       13
 40
0.0
 40
0.0
 40
0.0
 40
0.0
 40
1.0
 40
1.0
 40
1.0
 40
2.0
 40
2.0
 40
2.0
 40
3.0
 40
3.0
 40
3.0
 40
4.0
 40
4.0
 40
4.0
 40
4.0
 10
34.25813863025633
 20
6.615179090051323
 10
34.25813863025633
 20
6.615179090051323
 10
33.67032103267968
 20
6.615179090051323
 10
33.67032103267968
 20
6.615179090051323
 10
33.67032103267968
 20
6.615179090051323
 10
33.67032103267968
 20
6.762133489446771
 10
33.67032103267968
 20
6.762133489446771
 10
33.67032103267968
 20
6.762133489446771
 10
34.25813863025633
 20
6.762133489446771
 10
34.25813863025633
 20
6.762133489446771
 10
34.25813863025633
 20
6.762133489446771
 10
34.25813863025633
 20
6.615179090051323
 10
34.25813863025633
 20
6.615179090051323
 97
        0
 72
     1
 10
34.25813863025633
 20
6.615179090051323
 11
34.25813863025633
 21
6.615179090051323
 97
        0
 92
        1
 93
        2
 72
     4
 94
        3
 73
     0
 74
     0
 95
       17
 96
       13
 40
0.0
 40
0.0
 40
0.0
 40
0.0
 40
1.0
 40
1.0
 40
1.0
 40
2.0
 40
2.0
 40
2.0
 40
3.0
 40
3.0
 40
3.0
 40
4.0
 40
4.0
 40
4.0
 40
4.0
 10
33.08250343510302
 20
6.615179090051323
 10
33.08250343510302
 20
6.615179090051323
 10
32.494685837527
 20
6.615179090051323
 10
32.494685837527
 20
6.615179090051323
 10
32.494685837527
 20
6.615179090051323
 10
32.494685837527
 20
6.762133489446771
 10
32.494685837527
 20
6.762133489446771
 10
32.494685837527
 20
6.762133489446771
 10
33.08250343510302
 20
6.762133489446771
 10
33.08250343510302
 20
6.762133489446771
 10
33.08250343510302
 20
6.762133489446771
 10
33.08250343510302
 20
6.615179090051323
 10
33.08250343510302
 20
6.615179090051323
 97
        0
 72
     1
 10
33.08250343510302
 20
6.615179090051323
 11
33.08250343510302
 21
6.615179090051323
 97
        0
 92
        1
 93
        2
 72
     4
 94
        3
 73
     0
 74
     0
 95
       17
 96
       13
 40
0.0
 40
0.0
 40
0.0
 40
0.0
 40
1.0
 40
1.0
 40
1.0
 40
2.0
 40
2.0
 40
2.0
 40
3.0
 40
3.0
 40
3.0
 40
4.0
 40
4.0
 40
4.0
 40
4.0
 10
31.90686823995035
 20
6.615179090051323
 10
31.90686823995035
 20
6.615179090051323
 10
31.31905064237433
 20
6.615179090051323
 10
31.31905064237433
 20
6.615179090051323
 10
31.31905064237433
 20
6.615179090051323
 10
31.31905064237433
 20
6.762133489446771
 10
31.31905064237433
 20
6.762133489446771
 10
31.31905064237433
 20
6.762133489446771
 10
31.90686823995035
 20
6.762133489446771
 10
31.90686823995035
 20
6.762133489446771
 10
31.90686823995035
 20
6.762133489446771
 10
31.90686823995035
 20
6.615179090051323
 10
31.90686823995035
 20
6.615179090051323
 97
        0
 72
     1
 10
31.90686823995035
 20
6.615179090051323
 11
31.90686823995035
 21
6.615179090051323
 97
        0
 92
        1
 93
        2
 72
     4
 94
        3
 73
     0
 74
     0
 95
       17
 96
       13
 40
0.0
 40
0.0
 40
0.0
 40
0.0
 40
1.0
 40
1.0
 40
1.0
 40
2.0
 40
2.0
 40
2.0
 40
3.0
 40
3.0
 40
3.0
 40
4.0
 40
4.0
 40
4.0
 40
4.0
 10
30.73123304479767
 20
6.615179090051323
 10
30.73123304479767
 20
6.615179090051323
 10
30.14341544722102
 20
6.615179090051323
 10
30.14341544722102
 20
6.615179090051323
 10
30.14341544722102
 20
6.615179090051323
 10
30.14341544722102
 20
6.762133489446771
 10
30.14341544722102
 20
6.762133489446771
 10
30.14341544722102
 20
6.762133489446771
 10
30.73123304479767
 20
6.762133489446771
 10
30.73123304479767
 20
6.762133489446771
 10
30.73123304479767
 20
6.762133489446771
 10
30.73123304479767
 20
6.615179090051323
 10
30.73123304479767
 20
6.615179090051323
 97
        0
 72
     1
 10
30.73123304479767
 20
6.615179090051323
 11
30.73123304479767
 21
6.615179090051323
 97
        0
 92
        1
 93
        2
 72
     4
 94
        3
 73
     0
 74
     0
 95
       17
 96
       13
 40
0.0
 40
0.0
 40
0.0
 40
0.0
 40
1.0
 40
1.0
 40
1.0
 40
2.0
 40
2.0
 40
2.0
 40
3.0
 40
3.0
 40
3.0
 40
4.0
 40
4.0
 40
4.0
 40
4.0
 10
29.555597849645
 20
6.615179090051323
 10
29.555597849645
 20
6.615179090051323
 10
28.96778025206834
 20
6.615179090051323
 10
28.96778025206834
 20
6.615179090051323
 10
28.96778025206834
 20
6.615179090051323
 10
28.96778025206834
 20
6.762133489446771
 10
28.96778025206834
 20
6.762133489446771
 10
28.96778025206834
 20
6.762133489446771
 10
29.555597849645
 20
6.762133489446771
 10
29.555597849645
 20
6.762133489446771
 10
29.555597849645
 20
6.762133489446771
 10
29.555597849645
 20
6.615179090051323
 10
29.555597849645
 20
6.615179090051323
 97
        0
 72
     1
 10
29.555597849645
 20
6.615179090051323
 11
29.555597849645
 21
6.615179090051323
 97
        0
 92
        1
 93
        2
 72
     4
 94
        3
 73
     0
 74
     0
 95
       17
 96
       13
 40
0.0
 40
0.0
 40
0.0
 40
0.0
 40
1.0
 40
1.0
 40
1.0
 40
2.0
 40
2.0
 40
2.0
 40
3.0
 40
3.0
 40
3.0
 40
4.0
 40
4.0
 40
4.0
 40
4.0
 10
28.37996265449169
 20
6.615179090051323
 10
28.37996265449169
 20
6.615179090051323
 10
27.79214505691567
 20
6.615179090051323
 10
27.79214505691567
 20
6.615179090051323
 10
27.79214505691567
 20
6.615179090051323
 10
27.79214505691567
 20
6.762133489446771
 10
27.79214505691567
 20
6.762133489446771
 10
27.79214505691567
 20
6.762133489446771
 10
28.37996265449169
 20
6.762133489446771
 10
28.37996265449169
 20
6.762133489446771
 10
28.37996265449169
 20
6.762133489446771
 10
28.37996265449169
 20
6.615179090051323
 10
28.37996265449169
 20
6.615179090051323
 97
        0
 72
     1
 10
28.37996265449169
 20
6.615179090051323
 11
28.37996265449169
 21
6.615179090051323
 97
        0
 92
        1
 93
        2
 72
     4
 94
        3
 73
     0
 74
     0
 95
       17
 96
       13
 40
0.0
 40
0.0
 40
0.0
 40
0.0
 40
1.0
 40
1.0
 40
1.0
 40
2.0
 40
2.0
 40
2.0
 40
3.0
 40
3.0
 40
3.0
 40
4.0
 40
4.0
 40
4.0
 40
4.0
 10
27.20432745933901
 20
6.615179090051323
 10
27.20432745933901
 20
6.615179090051323
 10
26.616509861763
 20
6.615179090051323
 10
26.616509861763
 20
6.615179090051323
 10
26.616509861763
 20
6.615179090051323
 10
26.616509861763
 20
6.762133489446771
 10
26.616509861763
 20
6.762133489446771
 10
26.616509861763
 20
6.762133489446771
 10
27.20432745933901
 20
6.762133489446771
 10
27.20432745933901
 20
6.762133489446771
 10
27.20432745933901
 20
6.762133489446771
 10
27.20432745933901
 20
6.615179090051323
 10
27.20432745933901
 20
6.615179090051323
 97
        0
 72
     1
 10
27.20432745933901
 20
6.615179090051323
 11
27.20432745933901
 21
6.615179090051323
 97
        0
 75
     2
 76
     1
 98
        1
 10
0.0
 20
0.0
450
        0
451
        0
460
0.0
461
0.0
452
        0
462
0.0
453
        0
470

  0
LWPOLYLINE
  5
1CA
330
70
100
AcDbEntity
  8
guideline
 62
    18
420
        0
370
     0
100
AcDbPolyline
 90
        4
 70
     1
 43
0.0
 10
34.84796537001186
 20
43.13334733948546
 10
34.7010109706177
 20
43.13334733948546
 10
34.7010109706177
 20
43.55698931898839
 10
34.84796537001186
 20
43.55698931898839
  0
LWPOLYLINE
  5
1CB
330
70
100
AcDbEntity
  8
guideline
 62
    18
420
        0
370
     0
100
AcDbPolyline
 90
        4
 70
     1
 43
0.0
 10
34.84796537001186
 20
41.95771214433278
 10
34.7010109706177
 20
41.95771214433278
 10
34.7010109706177
 20
42.5455297419088
 10
34.84796537001186
 20
42.5455297419088
  0
LWPOLYLINE
  5
1CC
330
70
100
AcDbEntity
  8
guideline
 62
    18
420
        0
370
     0
100
AcDbPolyline
 90
        4
 70
     1
 43
0.0
 10
34.84796537001186
 20
40.78207694918011
 10
34.7010109706177
 20
40.78207694918011
 10
34.7010109706177
 20
41.36989454675613
 10
34.84796537001186
 20
41.36989454675613
  0
LWPOLYLINE
  5
1CD
330
70
100
AcDbEntity
  8
guideline
 62
    18
420
        0
370
     0
100
AcDbPolyline
 90
        4
 70
     1
 43
0.0
 10
34.84796537001186
 20
39.6064417540268
 10
34.7010109706177
 20
39.6064417540268
 10
34.7010109706177
 20
40.19425935160345
 10
34.84796537001186
 20
40.19425935160345
  0
LWPOLYLINE
  5
1CE
330
70
100
AcDbEntity
  8
guideline
 62
    18
420
        0
370
     0
100
AcDbPolyline
 90
        4
 70
     1
 43
0.0
 10
34.84796537001186
 20
38.43080655887412
 10
34.7010109706177
 20
38.43080655887412
 10
34.7010109706177
 20
39.01862415645079
 10
34.84796537001186
 20
39.01862415645079
  0
LWPOLYLINE
  5
1CF
330
70
100
AcDbEntity
  8
guideline
 62
    18
420
        0
370
     0
100
AcDbPolyline
 90
        4
 70
     1
 43
0.0
 10
34.84796537001186
 20
37.25517136372145
 10
34.7010109706177
 20
37.25517136372145
 10
34.7010109706177
 20
37.84298896129811
 10
34.84796537001186
 20
37.84298896129811
  0
LWPOLYLINE
  5
1D0
330
70
100
AcDbEntity
  8
guideline
 62
    18
420
        0
370
     0
100
AcDbPolyline
 90
        4
 70
     1
 43
0.0
 10
34.84796537001186
 20
36.07953616856878
 10
34.7010109706177
 20
36.07953616856878
 10
34.7010109706177
 20
36.66735376614479
 10
34.84796537001186
 20
36.66735376614479
  0
LWPOLYLINE
  5
1D1
330
70
100
AcDbEntity
  8
guideline
 62
    18
420
        0
370
     0
100
AcDbPolyline
 90
        4
 70
     1
 43
0.0
 10
34.84796537001186
 20
34.90390097341611
 10
34.7010109706177
 20
34.90390097341611
 10
34.7010109706177
 20
35.49171857099276
 10
34.84796537001186
 20
35.49171857099276
  0
LWPOLYLINE
  5
1D2
330
70
100
AcDbEntity
  8
guideline
 62
    18
420
        0
370
     0
100
AcDbPolyline
 90
        4
 70
     1
 43
0.0
 10
34.84796537001186
 20
33.72826577826279
 10
34.7010109706177
 20
33.72826577826279
 10
34.7010109706177
 20
34.31608337583945
 10
34.84796537001186
 20
34.31608337583945
  0
LWPOLYLINE
  5
1D3
330
70
100
AcDbEntity
  8
guideline
 62
    18
420
        0
370
     0
100
AcDbPolyline
 90
        4
 70
     1
 43
0.0
 10
34.84796537001186
 20
32.55263058311076
 10
34.7010109706177
 20
32.55263058311076
 10
34.7010109706177
 20
33.14044818068678
 10
34.84796537001186
 20
33.14044818068678
  0
LWPOLYLINE
  5
1D4
330
70
100
AcDbEntity
  8
guideline
 62
    18
420
        0
370
     0
100
AcDbPolyline
 90
        4
 70
     1
 43
0.0
 10
34.84796537001186
 20
31.37699538795744
 10
34.7010109706177
 20
31.37699538795744
 10
34.7010109706177
 20
31.9648129855341
 10
34.84796537001186
 20
31.9648129855341
  0
LWPOLYLINE
  5
1D5
330
70
100
AcDbEntity
  8
guideline
 62
    18
420
        0
370
     0
100
AcDbPolyline
 90
        4
 70
     1
 43
0.0
 10
34.84796537001186
 20
30.20136019280477
 10
34.7010109706177
 20
30.20136019280477
 10
34.7010109706177
 20
30.78917779038079
 10
34.84796537001186
 20
30.78917779038079
  0
LWPOLYLINE
  5
1D6
330
70
100
AcDbEntity
  8
guideline
 62
    18
420
        0
370
     0
100
AcDbPolyline
 90
        4
 70
     1
 43
0.0
 10
34.84796537001186
 20
29.0257249976521
 10
34.7010109706177
 20
29.0257249976521
 10
34.7010109706177
 20
29.61354259522875
 10
34.84796537001186
 20
29.61354259522875
  0
LWPOLYLINE
  5
1D7
330
70
100
AcDbEntity
  8
guideline
 62
    18
420
        0
370
     0
100
AcDbPolyline
 90
        4
 70
     1
 43
0.0
 10
34.84796537001186
 20
27.85008980249878
 10
34.7010109706177
 20
27.85008980249878
 10
34.7010109706177
 20
28.43790740007543
 10
34.84796537001186
 20
28.43790740007543
  0
LWPOLYLINE
  5
1D8
330
70
100
AcDbEntity
  8
guideline
 62
    18
420
        0
370
     0
100
AcDbPolyline
 90
        4
 70
     1
 43
0.0
 10
34.84796537001186
 20
26.67445460734675
 10
34.7010109706177
 20
26.67445460734675
 10
34.7010109706177
 20
27.26227220492277
 10
34.84796537001186
 20
27.26227220492277
  0
LWPOLYLINE
  5
1D9
330
70
100
AcDbEntity
  8
guideline
 62
    18
420
        0
370
     0
100
AcDbPolyline
 90
        4
 70
     1
 43
0.0
 10
34.84796537001186
 20
25.49881941219343
 10
34.7010109706177
 20
25.49881941219343
 10
34.7010109706177
 20
26.08663700977009
 10
34.84796537001186
 20
26.08663700977009
  0
LWPOLYLINE
  5
1DA
330
70
100
AcDbEntity
  8
guideline
 62
    18
420
        0
370
     0
100
AcDbPolyline
 90
        4
 70
     1
 43
0.0
 10
34.84796537001186
 20
24.32318421704076
 10
34.7010109706177
 20
24.32318421704076
 10
34.7010109706177
 20
24.91100181461677
 10
34.84796537001186
 20
24.91100181461677
  0
LWPOLYLINE
  5
1DB
330
70
100
AcDbEntity
  8
guideline
 62
    18
420
        0
370
     0
100
AcDbPolyline
 90
        4
 70
     1
 43
0.0
 10
34.84796537001186
 20
23.14754902188808
 10
34.7010109706177
 20
23.14754902188808
 10
34.7010109706177
 20
23.73536661946474
 10
34.84796537001186
 20
23.73536661946474
  0
LWPOLYLINE
  5
1DC
330
70
100
AcDbEntity
  8
guideline
 62
    18
420
        0
370
     0
100
AcDbPolyline
 90
        4
 70
     1
 43
0.0
 10
34.84796537001186
 20
21.97191382673541
 10
34.7010109706177
 20
21.97191382673541
 10
34.7010109706177
 20
22.55973142431143
 10
34.84796537001186
 20
22.55973142431143
  0
LWPOLYLINE
  5
1DD
330
70
100
AcDbEntity
  8
guideline
 62
    18
420
        0
370
     0
100
AcDbPolyline
 90
        4
 70
     1
 43
0.0
 10
34.84796537001186
 20
20.79627863158274
 10
34.7010109706177
 20
20.79627863158274
 10
34.7010109706177
 20
21.38409622915875
 10
34.84796537001186
 20
21.38409622915875
  0
LWPOLYLINE
  5
1DE
330
70
100
AcDbEntity
  8
guideline
 62
    18
420
        0
370
     0
100
AcDbPolyline
 90
        4
 70
     1
 43
0.0
 10
34.84796537001186
 20
19.62064343642942
 10
34.7010109706177
 20
19.62064343642942
 10
34.7010109706177
 20
20.20846103400608
 10
34.84796537001186
 20
20.20846103400608
  0
LWPOLYLINE
  5
1DF
330
70
100
AcDbEntity
  8
guideline
 62
    18
420
        0
370
     0
100
AcDbPolyline
 90
        4
 70
     1
 43
0.0
 10
34.84796537001186
 20
18.44500824127674
 10
34.7010109706177
 20
18.44500824127674
 10
34.7010109706177
 20
19.0328258388534
 10
34.84796537001186
 20
19.0328258388534
  0
LWPOLYLINE
  5
1E0
330
70
100
AcDbEntity
  8
guideline
 62
    18
420
        0
370
     0
100
AcDbPolyline
 90
        4
 70
     1
 43
0.0
 10
34.84796537001186
 20
17.26937304612407
 10
34.7010109706177
 20
17.26937304612407
 10
34.7010109706177
 20
17.85719064370073
 10
34.84796537001186
 20
17.85719064370073
  0
LWPOLYLINE
  5
1E1
330
70
100
AcDbEntity
  8
guideline
 62
    18
420
        0
370
     0
100
AcDbPolyline
 90
        4
 70
     1
 43
0.0
 10
34.84796537001186
 20
16.0937378509714
 10
34.7010109706177
 20
16.0937378509714
 10
34.7010109706177
 20
16.68155544854742
 10
34.84796537001186
 20
16.68155544854742
  0
LWPOLYLINE
  5
1E2
330
70
100
AcDbEntity
  8
guideline
 62
    18
420
        0
370
     0
100
AcDbPolyline
 90
        4
 70
     1
 43
0.0
 10
34.84796537001186
 20
14.91810265581873
 10
34.7010109706177
 20
14.91810265581873
 10
34.7010109706177
 20
15.50592025339538
 10
34.84796537001186
 20
15.50592025339538
  0
LWPOLYLINE
  5
1E3
330
70
100
AcDbEntity
  8
guideline
 62
    18
420
        0
370
     0
100
AcDbPolyline
 90
        4
 70
     1
 43
0.0
 10
34.84796537001186
 20
13.74246746066541
 10
34.7010109706177
 20
13.74246746066541
 10
34.7010109706177
 20
14.33028505824207
 10
34.84796537001186
 20
14.33028505824207
  0
LWPOLYLINE
  5
1E4
330
70
100
AcDbEntity
  8
guideline
 62
    18
420
        0
370
     0
100
AcDbPolyline
 90
        4
 70
     1
 43
0.0
 10
34.84796537001186
 20
12.56683226551338
 10
34.7010109706177
 20
12.56683226551338
 10
34.7010109706177
 20
13.15464986308939
 10
34.84796537001186
 20
13.15464986308939
  0
LWPOLYLINE
  5
1E5
330
70
100
AcDbEntity
  8
guideline
 62
    18
420
        0
370
     0
100
AcDbPolyline
 90
        4
 70
     1
 43
0.0
 10
34.84796537001186
 20
11.39119707036006
 10
34.7010109706177
 20
11.39119707036006
 10
34.7010109706177
 20
11.97901466793672
 10
34.84796537001186
 20
11.97901466793672
  0
LWPOLYLINE
  5
1E6
330
70
100
AcDbEntity
  8
guideline
 62
    18
420
        0
370
     0
100
AcDbPolyline
 90
        4
 70
     1
 43
0.0
 10
34.84796537001186
 20
10.21556187520739
 10
34.7010109706177
 20
10.21556187520739
 10
34.7010109706177
 20
10.8033794727834
 10
34.84796537001186
 20
10.8033794727834
  0
LWPOLYLINE
  5
1E7
330
70
100
AcDbEntity
  8
guideline
 62
    18
420
        0
370
     0
100
AcDbPolyline
 90
        4
 70
     1
 43
0.0
 10
34.84796537001186
 20
9.039926680054716
 10
34.7010109706177
 20
9.039926680054716
 10
34.7010109706177
 20
9.627744277631373
 10
34.84796537001186
 20
9.627744277631373
  0
LWPOLYLINE
  5
1E8
330
70
100
AcDbEntity
  8
guideline
 62
    18
420
        0
370
     0
100
AcDbPolyline
 90
        4
 70
     1
 43
0.0
 10
34.84796537001186
 20
7.8642914849014
 10
34.7010109706177
 20
7.8642914849014
 10
34.7010109706177
 20
8.452109082478058
 10
34.84796537001186
 20
8.452109082478058
  0
LWPOLYLINE
  5
1E9
330
70
100
AcDbEntity
  8
guideline
 62
    18
420
        0
370
     0
100
AcDbPolyline
 90
        4
 70
     1
 43
0.0
 10
34.84796537001186
 20
6.688656289748726
 10
34.7010109706177
 20
6.688656289748726
 10
34.7010109706177
 20
7.276473887325384
 10
34.84796537001186
 20
7.276473887325384
  0
SPLINE
  5
1EA
330
70
100
AcDbEntity
  8
guideline
100
AcDbSpline
210
0.0
220
0.0
230
1.0
 70
    11
 71
     3
 72
    17
 73
    13
 74
     0
 42
0.0000000001
 43
0.0000000001
 40
0.0
 40
0.0
 40
0.0
 40
0.0
 40
1.0
 40
1.0
 40
1.0
 40
2.0
 40
2.0
 40
2.0
 40
3.0
 40
3.0
 40
3.0
 40
4.0
 40
4.0
 40
4.0
 40
4.0
 10
34.84796537001154
 20
6.688656289749368
 30
0.0
 10
34.84796537001154
 20
6.688656289749368
 30
0.0
 10
34.70101097061802
 20
6.688656289749368
 30
0.0
 10
34.70101097061802
 20
6.688656289749368
 30
0.0
 10
34.70101097061802
 20
6.688656289749368
 30
0.0
 10
34.70101097061802
 20
7.276473887324742
 30
0.0
 10
34.70101097061802
 20
7.276473887324742
 30
0.0
 10
34.70101097061802
 20
7.276473887324742
 30
0.0
 10
34.84796537001154
 20
7.276473887324742
 30
0.0
 10
34.84796537001154
 20
7.276473887324742
 30
0.0
 10
34.84796537001154
 20
7.276473887324742
 30
0.0
 10
34.84796537001154
 20
6.688656289749368
 30
0.0
 10
34.84796537001154
 20
6.688656289749368
 30
0.0
  0
SPLINE
  5
1EB
330
70
100
AcDbEntity
  8
guideline
100
AcDbSpline
210
0.0
220
0.0
230
1.0
 70
    11
 71
     3
 72
    17
 73
    13
 74
     0
 42
0.0000000001
 43
0.0000000001
 40
0.0
 40
0.0
 40
0.0
 40
0.0
 40
1.0
 40
1.0
 40
1.0
 40
2.0
 40
2.0
 40
2.0
 40
3.0
 40
3.0
 40
3.0
 40
4.0
 40
4.0
 40
4.0
 40
4.0
 10
34.84796537001154
 20
7.864291484900758
 30
0.0
 10
34.84796537001154
 20
7.864291484900758
 30
0.0
 10
34.70101097061802
 20
7.864291484900758
 30
0.0
 10
34.70101097061802
 20
7.864291484900758
 30
0.0
 10
34.70101097061802
 20
7.864291484900758
 30
0.0
 10
34.70101097061802
 20
8.452109082478699
 30
0.0
 10
34.70101097061802
 20
8.452109082478699
 30
0.0
 10
34.70101097061802
 20
8.452109082478699
 30
0.0
 10
34.84796537001154
 20
8.452109082478699
 30
0.0
 10
34.84796537001154
 20
8.452109082478699
 30
0.0
 10
34.84796537001154
 20
8.452109082478699
 30
0.0
 10
34.84796537001154
 20
7.864291484900758
 30
0.0
 10
34.84796537001154
 20
7.864291484900758
 30
0.0
  0
SPLINE
  5
1EC
330
70
100
AcDbEntity
  8
guideline
100
AcDbSpline
210
0.0
220
0.0
230
1.0
 70
    11
 71
     3
 72
    17
 73
    13
 74
     0
 42
0.0000000001
 43
0.0000000001
 40
0.0
 40
0.0
 40
0.0
 40
0.0
 40
1.0
 40
1.0
 40
1.0
 40
2.0
 40
2.0
 40
2.0
 40
3.0
 40
3.0
 40
3.0
 40
4.0
 40
4.0
 40
4.0
 40
4.0
 10
34.84796537001154
 20
9.039926680054074
 30
0.0
 10
34.84796537001154
 20
9.039926680054074
 30
0.0
 10
34.70101097061802
 20
9.039926680054074
 30
0.0
 10
34.70101097061802
 20
9.039926680054074
 30
0.0
 10
34.70101097061802
 20
9.039926680054074
 30
0.0
 10
34.70101097061802
 20
9.627744277632015
 30
0.0
 10
34.70101097061802
 20
9.627744277632015
 30
0.0
 10
34.70101097061802
 20
9.627744277632015
 30
0.0
 10
34.84796537001154
 20
9.627744277632015
 30
0.0
 10
34.84796537001154
 20
9.627744277632015
 30
0.0
 10
34.84796537001154
 20
9.627744277632015
 30
0.0
 10
34.84796537001154
 20
9.039926680054074
 30
0.0
 10
34.84796537001154
 20
9.039926680054074
 30
0.0
  0
SPLINE
  5
1ED
330
70
100
AcDbEntity
  8
guideline
100
AcDbSpline
210
0.0
220
0.0
230
1.0
 70
    11
 71
     3
 72
    17
 73
    13
 74
     0
 42
0.0000000001
 43
0.0000000001
 40
0.0
 40
0.0
 40
0.0
 40
0.0
 40
1.0
 40
1.0
 40
1.0
 40
2.0
 40
2.0
 40
2.0
 40
3.0
 40
3.0
 40
3.0
 40
4.0
 40
4.0
 40
4.0
 40
4.0
 10
34.84796537001154
 20
10.21556187520803
 30
0.0
 10
34.84796537001154
 20
10.21556187520803
 30
0.0
 10
34.70101097061802
 20
10.21556187520803
 30
0.0
 10
34.70101097061802
 20
10.21556187520803
 30
0.0
 10
34.70101097061802
 20
10.21556187520803
 30
0.0
 10
34.70101097061802
 20
10.8033794727834
 30
0.0
 10
34.70101097061802
 20
10.8033794727834
 30
0.0
 10
34.70101097061802
 20
10.8033794727834
 30
0.0
 10
34.84796537001154
 20
10.8033794727834
 30
0.0
 10
34.84796537001154
 20
10.8033794727834
 30
0.0
 10
34.84796537001154
 20
10.8033794727834
 30
0.0
 10
34.84796537001154
 20
10.21556187520803
 30
0.0
 10
34.84796537001154
 20
10.21556187520803
 30
0.0
  0
SPLINE
  5
1EE
330
70
100
AcDbEntity
  8
guideline
100
AcDbSpline
210
0.0
220
0.0
230
1.0
 70
    11
 71
     3
 72
    17
 73
    13
 74
     0
 42
0.0000000001
 43
0.0000000001
 40
0.0
 40
0.0
 40
0.0
 40
0.0
 40
1.0
 40
1.0
 40
1.0
 40
2.0
 40
2.0
 40
2.0
 40
3.0
 40
3.0
 40
3.0
 40
4.0
 40
4.0
 40
4.0
 40
4.0
 10
34.84796537001154
 20
11.39119707035942
 30
0.0
 10
34.84796537001154
 20
11.39119707035942
 30
0.0
 10
34.70101097061802
 20
11.39119707035942
 30
0.0
 10
34.70101097061802
 20
11.39119707035942
 30
0.0
 10
34.70101097061802
 20
11.39119707035942
 30
0.0
 10
34.70101097061802
 20
11.97901466793736
 30
0.0
 10
34.70101097061802
 20
11.97901466793736
 30
0.0
 10
34.70101097061802
 20
11.97901466793736
 30
0.0
 10
34.84796537001154
 20
11.97901466793736
 30
0.0
 10
34.84796537001154
 20
11.97901466793736
 30
0.0
 10
34.84796537001154
 20
11.97901466793736
 30
0.0
 10
34.84796537001154
 20
11.39119707035942
 30
0.0
 10
34.84796537001154
 20
11.39119707035942
 30
0.0
  0
SPLINE
  5
1EF
330
70
100
AcDbEntity
  8
guideline
100
AcDbSpline
210
0.0
220
0.0
230
1.0
 70
    11
 71
     3
 72
    17
 73
    13
 74
     0
 42
0.0000000001
 43
0.0000000001
 40
0.0
 40
0.0
 40
0.0
 40
0.0
 40
1.0
 40
1.0
 40
1.0
 40
2.0
 40
2.0
 40
2.0
 40
3.0
 40
3.0
 40
3.0
 40
4.0
 40
4.0
 40
4.0
 40
4.0
 10
34.84796537001154
 20
12.56683226551273
 30
0.0
 10
34.84796537001154
 20
12.56683226551273
 30
0.0
 10
34.70101097061802
 20
12.56683226551273
 30
0.0
 10
34.70101097061802
 20
12.56683226551273
 30
0.0
 10
34.70101097061802
 20
12.56683226551273
 30
0.0
 10
34.70101097061802
 20
13.15464986308875
 30
0.0
 10
34.70101097061802
 20
13.15464986308875
 30
0.0
 10
34.70101097061802
 20
13.15464986308875
 30
0.0
 10
34.84796537001154
 20
13.15464986308875
 30
0.0
 10
34.84796537001154
 20
13.15464986308875
 30
0.0
 10
34.84796537001154
 20
13.15464986308875
 30
0.0
 10
34.84796537001154
 20
12.56683226551273
 30
0.0
 10
34.84796537001154
 20
12.56683226551273
 30
0.0
  0
SPLINE
  5
1F0
330
70
100
AcDbEntity
  8
guideline
100
AcDbSpline
210
0.0
220
0.0
230
1.0
 70
    11
 71
     3
 72
    17
 73
    13
 74
     0
 42
0.0000000001
 43
0.0000000001
 40
0.0
 40
0.0
 40
0.0
 40
0.0
 40
1.0
 40
1.0
 40
1.0
 40
2.0
 40
2.0
 40
2.0
 40
3.0
 40
3.0
 40
3.0
 40
4.0
 40
4.0
 40
4.0
 40
4.0
 10
34.84796537001154
 20
13.74246746066477
 30
0.0
 10
34.84796537001154
 20
13.74246746066477
 30
0.0
 10
34.70101097061802
 20
13.74246746066477
 30
0.0
 10
34.70101097061802
 20
13.74246746066477
 30
0.0
 10
34.70101097061802
 20
13.74246746066477
 30
0.0
 10
34.70101097061802
 20
14.33028505824271
 30
0.0
 10
34.70101097061802
 20
14.33028505824271
 30
0.0
 10
34.70101097061802
 20
14.33028505824271
 30
0.0
 10
34.84796537001154
 20
14.33028505824271
 30
0.0
 10
34.84796537001154
 20
14.33028505824271
 30
0.0
 10
34.84796537001154
 20
14.33028505824271
 30
0.0
 10
34.84796537001154
 20
13.74246746066477
 30
0.0
 10
34.84796537001154
 20
13.74246746066477
 30
0.0
  0
SPLINE
  5
1F1
330
70
100
AcDbEntity
  8
guideline
100
AcDbSpline
210
0.0
220
0.0
230
1.0
 70
    11
 71
     3
 72
    17
 73
    13
 74
     0
 42
0.0000000001
 43
0.0000000001
 40
0.0
 40
0.0
 40
0.0
 40
0.0
 40
1.0
 40
1.0
 40
1.0
 40
2.0
 40
2.0
 40
2.0
 40
3.0
 40
3.0
 40
3.0
 40
4.0
 40
4.0
 40
4.0
 40
4.0
 10
34.84796537001154
 20
14.91810265581808
 30
0.0
 10
34.84796537001154
 20
14.91810265581808
 30
0.0
 10
34.70101097061802
 20
14.91810265581808
 30
0.0
 10
34.70101097061802
 20
14.91810265581808
 30
0.0
 10
34.70101097061802
 20
14.91810265581808
 30
0.0
 10
34.70101097061802
 20
15.50592025339602
 30
0.0
 10
34.70101097061802
 20
15.50592025339602
 30
0.0
 10
34.70101097061802
 20
15.50592025339602
 30
0.0
 10
34.84796537001154
 20
15.50592025339602
 30
0.0
 10
34.84796537001154
 20
15.50592025339602
 30
0.0
 10
34.84796537001154
 20
15.50592025339602
 30
0.0
 10
34.84796537001154
 20
14.91810265581808
 30
0.0
 10
34.84796537001154
 20
14.91810265581808
 30
0.0
  0
SPLINE
  5
1F2
330
70
100
AcDbEntity
  8
guideline
100
AcDbSpline
210
0.0
220
0.0
230
1.0
 70
    11
 71
     3
 72
    17
 73
    13
 74
     0
 42
0.0000000001
 43
0.0000000001
 40
0.0
 40
0.0
 40
0.0
 40
0.0
 40
1.0
 40
1.0
 40
1.0
 40
2.0
 40
2.0
 40
2.0
 40
3.0
 40
3.0
 40
3.0
 40
4.0
 40
4.0
 40
4.0
 40
4.0
 10
34.84796537001154
 20
16.09373785097204
 30
0.0
 10
34.84796537001154
 20
16.09373785097204
 30
0.0
 10
34.70101097061802
 20
16.09373785097204
 30
0.0
 10
34.70101097061802
 20
16.09373785097204
 30
0.0
 10
34.70101097061802
 20
16.09373785097204
 30
0.0
 10
34.70101097061802
 20
16.68155544854742
 30
0.0
 10
34.70101097061802
 20
16.68155544854742
 30
0.0
 10
34.70101097061802
 20
16.68155544854742
 30
0.0
 10
34.84796537001154
 20
16.68155544854742
 30
0.0
 10
34.84796537001154
 20
16.68155544854742
 30
0.0
 10
34.84796537001154
 20
16.68155544854742
 30
0.0
 10
34.84796537001154
 20
16.09373785097204
 30
0.0
 10
34.84796537001154
 20
16.09373785097204
 30
0.0
  0
SPLINE
  5
1F3
330
70
100
AcDbEntity
  8
guideline
100
AcDbSpline
210
0.0
220
0.0
230
1.0
 70
    11
 71
     3
 72
    17
 73
    13
 74
     0
 42
0.0000000001
 43
0.0000000001
 40
0.0
 40
0.0
 40
0.0
 40
0.0
 40
1.0
 40
1.0
 40
1.0
 40
2.0
 40
2.0
 40
2.0
 40
3.0
 40
3.0
 40
3.0
 40
4.0
 40
4.0
 40
4.0
 40
4.0
 10
34.84796537001154
 20
17.26937304612343
 30
0.0
 10
34.84796537001154
 20
17.26937304612343
 30
0.0
 10
34.70101097061802
 20
17.26937304612343
 30
0.0
 10
34.70101097061802
 20
17.26937304612343
 30
0.0
 10
34.70101097061802
 20
17.26937304612343
 30
0.0
 10
34.70101097061802
 20
17.85719064370137
 30
0.0
 10
34.70101097061802
 20
17.85719064370137
 30
0.0
 10
34.70101097061802
 20
17.85719064370137
 30
0.0
 10
34.84796537001154
 20
17.85719064370137
 30
0.0
 10
34.84796537001154
 20
17.85719064370137
 30
0.0
 10
34.84796537001154
 20
17.85719064370137
 30
0.0
 10
34.84796537001154
 20
17.26937304612343
 30
0.0
 10
34.84796537001154
 20
17.26937304612343
 30
0.0
  0
SPLINE
  5
1F4
330
70
100
AcDbEntity
  8
guideline
100
AcDbSpline
210
0.0
220
0.0
230
1.0
 70
    11
 71
     3
 72
    17
 73
    13
 74
     0
 42
0.0000000001
 43
0.0000000001
 40
0.0
 40
0.0
 40
0.0
 40
0.0
 40
1.0
 40
1.0
 40
1.0
 40
2.0
 40
2.0
 40
2.0
 40
3.0
 40
3.0
 40
3.0
 40
4.0
 40
4.0
 40
4.0
 40
4.0
 10
34.84796537001154
 20
18.44500824127674
 30
0.0
 10
34.84796537001154
 20
18.44500824127674
 30
0.0
 10
34.70101097061802
 20
18.44500824127674
 30
0.0
 10
34.70101097061802
 20
18.44500824127674
 30
0.0
 10
34.70101097061802
 20
18.44500824127674
 30
0.0
 10
34.70101097061802
 20
19.03282583885276
 30
0.0
 10
34.70101097061802
 20
19.03282583885276
 30
0.0
 10
34.70101097061802
 20
19.03282583885276
 30
0.0
 10
34.84796537001154
 20
19.03282583885276
 30
0.0
 10
34.84796537001154
 20
19.03282583885276
 30
0.0
 10
34.84796537001154
 20
19.03282583885276
 30
0.0
 10
34.84796537001154
 20
18.44500824127674
 30
0.0
 10
34.84796537001154
 20
18.44500824127674
 30
0.0
  0
SPLINE
  5
1F5
330
70
100
AcDbEntity
  8
guideline
100
AcDbSpline
210
0.0
220
0.0
230
1.0
 70
    11
 71
     3
 72
    17
 73
    13
 74
     0
 42
0.0000000001
 43
0.0000000001
 40
0.0
 40
0.0
 40
0.0
 40
0.0
 40
1.0
 40
1.0
 40
1.0
 40
2.0
 40
2.0
 40
2.0
 40
3.0
 40
3.0
 40
3.0
 40
4.0
 40
4.0
 40
4.0
 40
4.0
 10
34.84796537001154
 20
19.62064343642878
 30
0.0
 10
34.84796537001154
 20
19.62064343642878
 30
0.0
 10
34.70101097061802
 20
19.62064343642878
 30
0.0
 10
34.70101097061802
 20
19.62064343642878
 30
0.0
 10
34.70101097061802
 20
19.62064343642878
 30
0.0
 10
34.70101097061802
 20
20.20846103400608
 30
0.0
 10
34.70101097061802
 20
20.20846103400608
 30
0.0
 10
34.70101097061802
 20
20.20846103400608
 30
0.0
 10
34.84796537001154
 20
20.20846103400608
 30
0.0
 10
34.84796537001154
 20
20.20846103400608
 30
0.0
 10
34.84796537001154
 20
20.20846103400608
 30
0.0
 10
34.84796537001154
 20
19.62064343642878
 30
0.0
 10
34.84796537001154
 20
19.62064343642878
 30
0.0
  0
SPLINE
  5
1F6
330
70
100
AcDbEntity
  8
guideline
100
AcDbSpline
210
0.0
220
0.0
230
1.0
 70
    11
 71
     3
 72
    17
 73
    13
 74
     0
 42
0.0000000001
 43
0.0000000001
 40
0.0
 40
0.0
 40
0.0
 40
0.0
 40
1.0
 40
1.0
 40
1.0
 40
2.0
 40
2.0
 40
2.0
 40
3.0
 40
3.0
 40
3.0
 40
4.0
 40
4.0
 40
4.0
 40
4.0
 10
34.84796537001154
 20
20.7962786315821
 30
0.0
 10
34.84796537001154
 20
20.7962786315821
 30
0.0
 10
34.70101097061802
 20
20.7962786315821
 30
0.0
 10
34.70101097061802
 20
20.7962786315821
 30
0.0
 10
34.70101097061802
 20
20.7962786315821
 30
0.0
 10
34.70101097061802
 20
21.38409622915811
 30
0.0
 10
34.70101097061802
 20
21.38409622915811
 30
0.0
 10
34.70101097061802
 20
21.38409622915811
 30
0.0
 10
34.84796537001154
 20
21.38409622915811
 30
0.0
 10
34.84796537001154
 20
21.38409622915811
 30
0.0
 10
34.84796537001154
 20
21.38409622915811
 30
0.0
 10
34.84796537001154
 20
20.7962786315821
 30
0.0
 10
34.84796537001154
 20
20.7962786315821
 30
0.0
  0
SPLINE
  5
1F7
330
70
100
AcDbEntity
  8
guideline
100
AcDbSpline
210
0.0
220
0.0
230
1.0
 70
    11
 71
     3
 72
    17
 73
    13
 74
     0
 42
0.0000000001
 43
0.0000000001
 40
0.0
 40
0.0
 40
0.0
 40
0.0
 40
1.0
 40
1.0
 40
1.0
 40
2.0
 40
2.0
 40
2.0
 40
3.0
 40
3.0
 40
3.0
 40
4.0
 40
4.0
 40
4.0
 40
4.0
 10
34.84796537001154
 20
21.97191382673541
 30
0.0
 10
34.84796537001154
 20
21.97191382673541
 30
0.0
 10
34.70101097061802
 20
21.97191382673541
 30
0.0
 10
34.70101097061802
 20
21.97191382673541
 30
0.0
 10
34.70101097061802
 20
21.97191382673541
 30
0.0
 10
34.70101097061802
 20
22.55973142431143
 30
0.0
 10
34.70101097061802
 20
22.55973142431143
 30
0.0
 10
34.70101097061802
 20
22.55973142431143
 30
0.0
 10
34.84796537001154
 20
22.55973142431143
 30
0.0
 10
34.84796537001154
 20
22.55973142431143
 30
0.0
 10
34.84796537001154
 20
22.55973142431143
 30
0.0
 10
34.84796537001154
 20
21.97191382673541
 30
0.0
 10
34.84796537001154
 20
21.97191382673541
 30
0.0
  0
SPLINE
  5
1F8
330
70
100
AcDbEntity
  8
guideline
100
AcDbSpline
210
0.0
220
0.0
230
1.0
 70
    11
 71
     3
 72
    17
 73
    13
 74
     0
 42
0.0000000001
 43
0.0000000001
 40
0.0
 40
0.0
 40
0.0
 40
0.0
 40
1.0
 40
1.0
 40
1.0
 40
2.0
 40
2.0
 40
2.0
 40
3.0
 40
3.0
 40
3.0
 40
4.0
 40
4.0
 40
4.0
 40
4.0
 10
34.84796537001154
 20
23.14754902188744
 30
0.0
 10
34.84796537001154
 20
23.14754902188744
 30
0.0
 10
34.70101097061802
 20
23.14754902188744
 30
0.0
 10
34.70101097061802
 20
23.14754902188744
 30
0.0
 10
34.70101097061802
 20
23.14754902188744
 30
0.0
 10
34.70101097061802
 20
23.73536661946539
 30
0.0
 10
34.70101097061802
 20
23.73536661946539
 30
0.0
 10
34.70101097061802
 20
23.73536661946539
 30
0.0
 10
34.84796537001154
 20
23.73536661946539
 30
0.0
 10
34.84796537001154
 20
23.73536661946539
 30
0.0
 10
34.84796537001154
 20
23.73536661946539
 30
0.0
 10
34.84796537001154
 20
23.14754902188744
 30
0.0
 10
34.84796537001154
 20
23.14754902188744
 30
0.0
  0
SPLINE
  5
1F9
330
70
100
AcDbEntity
  8
guideline
100
AcDbSpline
210
0.0
220
0.0
230
1.0
 70
    11
 71
     3
 72
    17
 73
    13
 74
     0
 42
0.0000000001
 43
0.0000000001
 40
0.0
 40
0.0
 40
0.0
 40
0.0
 40
1.0
 40
1.0
 40
1.0
 40
2.0
 40
2.0
 40
2.0
 40
3.0
 40
3.0
 40
3.0
 40
4.0
 40
4.0
 40
4.0
 40
4.0
 10
34.84796537001154
 20
24.32318421704076
 30
0.0
 10
34.84796537001154
 20
24.32318421704076
 30
0.0
 10
34.70101097061802
 20
24.32318421704076
 30
0.0
 10
34.70101097061802
 20
24.32318421704076
 30
0.0
 10
34.70101097061802
 20
24.32318421704076
 30
0.0
 10
34.70101097061802
 20
24.91100181461677
 30
0.0
 10
34.70101097061802
 20
24.91100181461677
 30
0.0
 10
34.70101097061802
 20
24.91100181461677
 30
0.0
 10
34.84796537001154
 20
24.91100181461677
 30
0.0
 10
34.84796537001154
 20
24.91100181461677
 30
0.0
 10
34.84796537001154
 20
24.91100181461677
 30
0.0
 10
34.84796537001154
 20
24.32318421704076
 30
0.0
 10
34.84796537001154
 20
24.32318421704076
 30
0.0
  0
SPLINE
  5
1FA
330
70
100
AcDbEntity
  8
guideline
100
AcDbSpline
210
0.0
220
0.0
230
1.0
 70
    11
 71
     3
 72
    17
 73
    13
 74
     0
 42
0.0000000001
 43
0.0000000001
 40
0.0
 40
0.0
 40
0.0
 40
0.0
 40
1.0
 40
1.0
 40
1.0
 40
2.0
 40
2.0
 40
2.0
 40
3.0
 40
3.0
 40
3.0
 40
4.0
 40
4.0
 40
4.0
 40
4.0
 10
34.84796537001154
 20
25.49881941219279
 30
0.0
 10
34.84796537001154
 20
25.49881941219279
 30
0.0
 10
34.70101097061802
 20
25.49881941219279
 30
0.0
 10
34.70101097061802
 20
25.49881941219279
 30
0.0
 10
34.70101097061802
 20
25.49881941219279
 30
0.0
 10
34.70101097061802
 20
26.08663700977041
 30
0.0
 10
34.70101097061802
 20
26.08663700977041
 30
0.0
 10
34.70101097061802
 20
26.08663700977041
 30
0.0
 10
34.84796537001154
 20
26.08663700977041
 30
0.0
 10
34.84796537001154
 20
26.08663700977041
 30
0.0
 10
34.84796537001154
 20
26.08663700977041
 30
0.0
 10
34.84796537001154
 20
25.49881941219279
 30
0.0
 10
34.84796537001154
 20
25.49881941219279
 30
0.0
  0
SPLINE
  5
1FB
330
70
100
AcDbEntity
  8
guideline
100
AcDbSpline
210
0.0
220
0.0
230
1.0
 70
    11
 71
     3
 72
    17
 73
    13
 74
     0
 42
0.0000000001
 43
0.0000000001
 40
0.0
 40
0.0
 40
0.0
 40
0.0
 40
1.0
 40
1.0
 40
1.0
 40
2.0
 40
2.0
 40
2.0
 40
3.0
 40
3.0
 40
3.0
 40
4.0
 40
4.0
 40
4.0
 40
4.0
 10
34.84796537001154
 20
26.6744546073461
 30
0.0
 10
34.84796537001154
 20
26.6744546073461
 30
0.0
 10
34.70101097061802
 20
26.6744546073461
 30
0.0
 10
34.70101097061802
 20
26.6744546073461
 30
0.0
 10
34.70101097061802
 20
26.6744546073461
 30
0.0
 10
34.70101097061802
 20
27.26227220492212
 30
0.0
 10
34.70101097061802
 20
27.26227220492212
 30
0.0
 10
34.70101097061802
 20
27.26227220492212
 30
0.0
 10
34.84796537001154
 20
27.26227220492212
 30
0.0
 10
34.84796537001154
 20
27.26227220492212
 30
0.0
 10
34.84796537001154
 20
27.26227220492212
 30
0.0
 10
34.84796537001154
 20
26.6744546073461
 30
0.0
 10
34.84796537001154
 20
26.6744546073461
 30
0.0
  0
SPLINE
  5
1FC
330
70
100
AcDbEntity
  8
guideline
100
AcDbSpline
210
0.0
220
0.0
230
1.0
 70
    11
 71
     3
 72
    17
 73
    13
 74
     0
 42
0.0000000001
 43
0.0000000001
 40
0.0
 40
0.0
 40
0.0
 40
0.0
 40
1.0
 40
1.0
 40
1.0
 40
2.0
 40
2.0
 40
2.0
 40
3.0
 40
3.0
 40
3.0
 40
4.0
 40
4.0
 40
4.0
 40
4.0
 10
34.84796537001154
 20
27.85008980249782
 30
0.0
 10
34.84796537001154
 20
27.85008980249782
 30
0.0
 10
34.70101097061802
 20
27.85008980249782
 30
0.0
 10
34.70101097061802
 20
27.85008980249782
 30
0.0
 10
34.70101097061802
 20
27.85008980249782
 30
0.0
 10
34.70101097061802
 20
28.43790740007543
 30
0.0
 10
34.70101097061802
 20
28.43790740007543
 30
0.0
 10
34.70101097061802
 20
28.43790740007543
 30
0.0
 10
34.84796537001154
 20
28.43790740007543
 30
0.0
 10
34.84796537001154
 20
28.43790740007543
 30
0.0
 10
34.84796537001154
 20
28.43790740007543
 30
0.0
 10
34.84796537001154
 20
27.85008980249782
 30
0.0
 10
34.84796537001154
 20
27.85008980249782
 30
0.0
  0
SPLINE
  5
1FD
330
70
100
AcDbEntity
  8
guideline
100
AcDbSpline
210
0.0
220
0.0
230
1.0
 70
    11
 71
     3
 72
    17
 73
    13
 74
     0
 42
0.0000000001
 43
0.0000000001
 40
0.0
 40
0.0
 40
0.0
 40
0.0
 40
1.0
 40
1.0
 40
1.0
 40
2.0
 40
2.0
 40
2.0
 40
3.0
 40
3.0
 40
3.0
 40
4.0
 40
4.0
 40
4.0
 40
4.0
 10
34.84796537001154
 20
29.02572499765145
 30
0.0
 10
34.84796537001154
 20
29.02572499765145
 30
0.0
 10
34.70101097061802
 20
29.02572499765145
 30
0.0
 10
34.70101097061802
 20
29.02572499765145
 30
0.0
 10
34.70101097061802
 20
29.02572499765145
 30
0.0
 10
34.70101097061802
 20
29.61354259522908
 30
0.0
 10
34.70101097061802
 20
29.61354259522908
 30
0.0
 10
34.70101097061802
 20
29.61354259522908
 30
0.0
 10
34.84796537001154
 20
29.61354259522908
 30
0.0
 10
34.84796537001154
 20
29.61354259522908
 30
0.0
 10
34.84796537001154
 20
29.61354259522908
 30
0.0
 10
34.84796537001154
 20
29.02572499765145
 30
0.0
 10
34.84796537001154
 20
29.02572499765145
 30
0.0
  0
SPLINE
  5
1FE
330
70
100
AcDbEntity
  8
guideline
100
AcDbSpline
210
0.0
220
0.0
230
1.0
 70
    11
 71
     3
 72
    17
 73
    13
 74
     0
 42
0.0000000001
 43
0.0000000001
 40
0.0
 40
0.0
 40
0.0
 40
0.0
 40
1.0
 40
1.0
 40
1.0
 40
2.0
 40
2.0
 40
2.0
 40
3.0
 40
3.0
 40
3.0
 40
4.0
 40
4.0
 40
4.0
 40
4.0
 10
34.84796537001154
 20
30.20136019280477
 30
0.0
 10
34.84796537001154
 20
30.20136019280477
 30
0.0
 10
34.70101097061802
 20
30.20136019280477
 30
0.0
 10
34.70101097061802
 20
30.20136019280477
 30
0.0
 10
34.70101097061802
 20
30.20136019280477
 30
0.0
 10
34.70101097061802
 20
30.78917779038079
 30
0.0
 10
34.70101097061802
 20
30.78917779038079
 30
0.0
 10
34.70101097061802
 20
30.78917779038079
 30
0.0
 10
34.84796537001154
 20
30.78917779038079
 30
0.0
 10
34.84796537001154
 20
30.78917779038079
 30
0.0
 10
34.84796537001154
 20
30.78917779038079
 30
0.0
 10
34.84796537001154
 20
30.20136019280477
 30
0.0
 10
34.84796537001154
 20
30.20136019280477
 30
0.0
  0
SPLINE
  5
1FF
330
70
100
AcDbEntity
  8
guideline
100
AcDbSpline
210
0.0
220
0.0
230
1.0
 70
    11
 71
     3
 72
    17
 73
    13
 74
     0
 42
0.0000000001
 43
0.0000000001
 40
0.0
 40
0.0
 40
0.0
 40
0.0
 40
1.0
 40
1.0
 40
1.0
 40
2.0
 40
2.0
 40
2.0
 40
3.0
 40
3.0
 40
3.0
 40
4.0
 40
4.0
 40
4.0
 40
4.0
 10
34.84796537001154
 20
31.37699538795648
 30
0.0
 10
34.84796537001154
 20
31.37699538795648
 30
0.0
 10
34.70101097061802
 20
31.37699538795648
 30
0.0
 10
34.70101097061802
 20
31.37699538795648
 30
0.0
 10
34.70101097061802
 20
31.37699538795648
 30
0.0
 10
34.70101097061802
 20
31.96481298553442
 30
0.0
 10
34.70101097061802
 20
31.96481298553442
 30
0.0
 10
34.70101097061802
 20
31.96481298553442
 30
0.0
 10
34.84796537001154
 20
31.96481298553442
 30
0.0
 10
34.84796537001154
 20
31.96481298553442
 30
0.0
 10
34.84796537001154
 20
31.96481298553442
 30
0.0
 10
34.84796537001154
 20
31.37699538795648
 30
0.0
 10
34.84796537001154
 20
31.37699538795648
 30
0.0
  0
SPLINE
  5
200
330
70
100
AcDbEntity
  8
guideline
100
AcDbSpline
210
0.0
220
0.0
230
1.0
 70
    11
 71
     3
 72
    17
 73
    13
 74
     0
 42
0.0000000001
 43
0.0000000001
 40
0.0
 40
0.0
 40
0.0
 40
0.0
 40
1.0
 40
1.0
 40
1.0
 40
2.0
 40
2.0
 40
2.0
 40
3.0
 40
3.0
 40
3.0
 40
4.0
 40
4.0
 40
4.0
 40
4.0
 10
34.84796537001154
 20
32.55263058311012
 30
0.0
 10
34.84796537001154
 20
32.55263058311012
 30
0.0
 10
34.70101097061802
 20
32.55263058311012
 30
0.0
 10
34.70101097061802
 20
32.55263058311012
 30
0.0
 10
34.70101097061802
 20
32.55263058311012
 30
0.0
 10
34.70101097061802
 20
33.14044818068613
 30
0.0
 10
34.70101097061802
 20
33.14044818068613
 30
0.0
 10
34.70101097061802
 20
33.14044818068613
 30
0.0
 10
34.84796537001154
 20
33.14044818068613
 30
0.0
 10
34.84796537001154
 20
33.14044818068613
 30
0.0
 10
34.84796537001154
 20
33.14044818068613
 30
0.0
 10
34.84796537001154
 20
32.55263058311012
 30
0.0
 10
34.84796537001154
 20
32.55263058311012
 30
0.0
  0
SPLINE
  5
201
330
70
100
AcDbEntity
  8
guideline
100
AcDbSpline
210
0.0
220
0.0
230
1.0
 70
    11
 71
     3
 72
    17
 73
    13
 74
     0
 42
0.0000000001
 43
0.0000000001
 40
0.0
 40
0.0
 40
0.0
 40
0.0
 40
1.0
 40
1.0
 40
1.0
 40
2.0
 40
2.0
 40
2.0
 40
3.0
 40
3.0
 40
3.0
 40
4.0
 40
4.0
 40
4.0
 40
4.0
 10
34.84796537001154
 20
33.72826577826375
 30
0.0
 10
34.84796537001154
 20
33.72826577826375
 30
0.0
 10
34.70101097061802
 20
33.72826577826375
 30
0.0
 10
34.70101097061802
 20
33.72826577826375
 30
0.0
 10
34.70101097061802
 20
33.72826577826375
 30
0.0
 10
34.70101097061802
 20
34.31608337583945
 30
0.0
 10
34.70101097061802
 20
34.31608337583945
 30
0.0
 10
34.70101097061802
 20
34.31608337583945
 30
0.0
 10
34.84796537001154
 20
34.31608337583945
 30
0.0
 10
34.84796537001154
 20
34.31608337583945
 30
0.0
 10
34.84796537001154
 20
34.31608337583945
 30
0.0
 10
34.84796537001154
 20
33.72826577826375
 30
0.0
 10
34.84796537001154
 20
33.72826577826375
 30
0.0
  0
SPLINE
  5
202
330
70
100
AcDbEntity
  8
guideline
100
AcDbSpline
210
0.0
220
0.0
230
1.0
 70
    11
 71
     3
 72
    17
 73
    13
 74
     0
 42
0.0000000001
 43
0.0000000001
 40
0.0
 40
0.0
 40
0.0
 40
0.0
 40
1.0
 40
1.0
 40
1.0
 40
2.0
 40
2.0
 40
2.0
 40
3.0
 40
3.0
 40
3.0
 40
4.0
 40
4.0
 40
4.0
 40
4.0
 10
34.84796537001154
 20
34.90390097341546
 30
0.0
 10
34.84796537001154
 20
34.90390097341546
 30
0.0
 10
34.70101097061802
 20
34.90390097341546
 30
0.0
 10
34.70101097061802
 20
34.90390097341546
 30
0.0
 10
34.70101097061802
 20
34.90390097341546
 30
0.0
 10
34.70101097061802
 20
35.49171857099309
 30
0.0
 10
34.70101097061802
 20
35.49171857099309
 30
0.0
 10
34.70101097061802
 20
35.49171857099309
 30
0.0
 10
34.84796537001154
 20
35.49171857099309
 30
0.0
 10
34.84796537001154
 20
35.49171857099309
 30
0.0
 10
34.84796537001154
 20
35.49171857099309
 30
0.0
 10
34.84796537001154
 20
34.90390097341546
 30
0.0
 10
34.84796537001154
 20
34.90390097341546
 30
0.0
  0
SPLINE
  5
203
330
70
100
AcDbEntity
  8
guideline
100
AcDbSpline
210
0.0
220
0.0
230
1.0
 70
    11
 71
     3
 72
    17
 73
    13
 74
     0
 42
0.0000000001
 43
0.0000000001
 40
0.0
 40
0.0
 40
0.0
 40
0.0
 40
1.0
 40
1.0
 40
1.0
 40
2.0
 40
2.0
 40
2.0
 40
3.0
 40
3.0
 40
3.0
 40
4.0
 40
4.0
 40
4.0
 40
4.0
 10
34.84796537001154
 20
36.07953616856878
 30
0.0
 10
34.84796537001154
 20
36.07953616856878
 30
0.0
 10
34.70101097061802
 20
36.07953616856878
 30
0.0
 10
34.70101097061802
 20
36.07953616856878
 30
0.0
 10
34.70101097061802
 20
36.07953616856878
 30
0.0
 10
34.70101097061802
 20
36.66735376614479
 30
0.0
 10
34.70101097061802
 20
36.66735376614479
 30
0.0
 10
34.70101097061802
 20
36.66735376614479
 30
0.0
 10
34.84796537001154
 20
36.66735376614479
 30
0.0
 10
34.84796537001154
 20
36.66735376614479
 30
0.0
 10
34.84796537001154
 20
36.66735376614479
 30
0.0
 10
34.84796537001154
 20
36.07953616856878
 30
0.0
 10
34.84796537001154
 20
36.07953616856878
 30
0.0
  0
SPLINE
  5
204
330
70
100
AcDbEntity
  8
guideline
100
AcDbSpline
210
0.0
220
0.0
230
1.0
 70
    11
 71
     3
 72
    17
 73
    13
 74
     0
 42
0.0000000001
 43
0.0000000001
 40
0.0
 40
0.0
 40
0.0
 40
0.0
 40
1.0
 40
1.0
 40
1.0
 40
2.0
 40
2.0
 40
2.0
 40
3.0
 40
3.0
 40
3.0
 40
4.0
 40
4.0
 40
4.0
 40
4.0
 10
34.84796537001154
 20
37.25517136372049
 30
0.0
 10
34.84796537001154
 20
37.25517136372049
 30
0.0
 10
34.70101097061802
 20
37.25517136372049
 30
0.0
 10
34.70101097061802
 20
37.25517136372049
 30
0.0
 10
34.70101097061802
 20
37.25517136372049
 30
0.0
 10
34.70101097061802
 20
37.84298896129811
 30
0.0
 10
34.70101097061802
 20
37.84298896129811
 30
0.0
 10
34.70101097061802
 20
37.84298896129811
 30
0.0
 10
34.84796537001154
 20
37.84298896129811
 30
0.0
 10
34.84796537001154
 20
37.84298896129811
 30
0.0
 10
34.84796537001154
 20
37.84298896129811
 30
0.0
 10
34.84796537001154
 20
37.25517136372049
 30
0.0
 10
34.84796537001154
 20
37.25517136372049
 30
0.0
  0
SPLINE
  5
205
330
70
100
AcDbEntity
  8
guideline
100
AcDbSpline
210
0.0
220
0.0
230
1.0
 70
    11
 71
     3
 72
    17
 73
    13
 74
     0
 42
0.0000000001
 43
0.0000000001
 40
0.0
 40
0.0
 40
0.0
 40
0.0
 40
1.0
 40
1.0
 40
1.0
 40
2.0
 40
2.0
 40
2.0
 40
3.0
 40
3.0
 40
3.0
 40
4.0
 40
4.0
 40
4.0
 40
4.0
 10
34.84796537001154
 20
38.43080655887412
 30
0.0
 10
34.84796537001154
 20
38.43080655887412
 30
0.0
 10
34.70101097061802
 20
38.43080655887412
 30
0.0
 10
34.70101097061802
 20
38.43080655887412
 30
0.0
 10
34.70101097061802
 20
38.43080655887412
 30
0.0
 10
34.70101097061802
 20
39.01862415644982
 30
0.0
 10
34.70101097061802
 20
39.01862415644982
 30
0.0
 10
34.70101097061802
 20
39.01862415644982
 30
0.0
 10
34.84796537001154
 20
39.01862415644982
 30
0.0
 10
34.84796537001154
 20
39.01862415644982
 30
0.0
 10
34.84796537001154
 20
39.01862415644982
 30
0.0
 10
34.84796537001154
 20
38.43080655887412
 30
0.0
 10
34.84796537001154
 20
38.43080655887412
 30
0.0
  0
SPLINE
  5
206
330
70
100
AcDbEntity
  8
guideline
100
AcDbSpline
210
0.0
220
0.0
230
1.0
 70
    11
 71
     3
 72
    17
 73
    13
 74
     0
 42
0.0000000001
 43
0.0000000001
 40
0.0
 40
0.0
 40
0.0
 40
0.0
 40
1.0
 40
1.0
 40
1.0
 40
2.0
 40
2.0
 40
2.0
 40
3.0
 40
3.0
 40
3.0
 40
4.0
 40
4.0
 40
4.0
 40
4.0
 10
34.84796537001154
 20
39.60644175402745
 30
0.0
 10
34.84796537001154
 20
39.60644175402745
 30
0.0
 10
34.70101097061802
 20
39.60644175402745
 30
0.0
 10
34.70101097061802
 20
39.60644175402745
 30
0.0
 10
34.70101097061802
 20
39.60644175402745
 30
0.0
 10
34.70101097061802
 20
40.19425935160345
 30
0.0
 10
34.70101097061802
 20
40.19425935160345
 30
0.0
 10
34.70101097061802
 20
40.19425935160345
 30
0.0
 10
34.84796537001154
 20
40.19425935160345
 30
0.0
 10
34.84796537001154
 20
40.19425935160345
 30
0.0
 10
34.84796537001154
 20
40.19425935160345
 30
0.0
 10
34.84796537001154
 20
39.60644175402745
 30
0.0
 10
34.84796537001154
 20
39.60644175402745
 30
0.0
  0
SPLINE
  5
207
330
70
100
AcDbEntity
  8
guideline
100
AcDbSpline
210
0.0
220
0.0
230
1.0
 70
    11
 71
     3
 72
    17
 73
    13
 74
     0
 42
0.0000000001
 43
0.0000000001
 40
0.0
 40
0.0
 40
0.0
 40
0.0
 40
1.0
 40
1.0
 40
1.0
 40
2.0
 40
2.0
 40
2.0
 40
3.0
 40
3.0
 40
3.0
 40
4.0
 40
4.0
 40
4.0
 40
4.0
 10
34.84796537001154
 20
40.78207694917915
 30
0.0
 10
34.84796537001154
 20
40.78207694917915
 30
0.0
 10
34.70101097061802
 20
40.78207694917915
 30
0.0
 10
34.70101097061802
 20
40.78207694917915
 30
0.0
 10
34.70101097061802
 20
40.78207694917915
 30
0.0
 10
34.70101097061802
 20
41.36989454675709
 30
0.0
 10
34.70101097061802
 20
41.36989454675709
 30
0.0
 10
34.70101097061802
 20
41.36989454675709
 30
0.0
 10
34.84796537001154
 20
41.36989454675709
 30
0.0
 10
34.84796537001154
 20
41.36989454675709
 30
0.0
 10
34.84796537001154
 20
41.36989454675709
 30
0.0
 10
34.84796537001154
 20
40.78207694917915
 30
0.0
 10
34.84796537001154
 20
40.78207694917915
 30
0.0
  0
SPLINE
  5
208
330
70
100
AcDbEntity
  8
guideline
100
AcDbSpline
210
0.0
220
0.0
230
1.0
 70
    11
 71
     3
 72
    17
 73
    13
 74
     0
 42
0.0000000001
 43
0.0000000001
 40
0.0
 40
0.0
 40
0.0
 40
0.0
 40
1.0
 40
1.0
 40
1.0
 40
2.0
 40
2.0
 40
2.0
 40
3.0
 40
3.0
 40
3.0
 40
4.0
 40
4.0
 40
4.0
 40
4.0
 10
34.84796537001154
 20
41.95771214433278
 30
0.0
 10
34.84796537001154
 20
41.95771214433278
 30
0.0
 10
34.70101097061802
 20
41.95771214433278
 30
0.0
 10
34.70101097061802
 20
41.95771214433278
 30
0.0
 10
34.70101097061802
 20
41.95771214433278
 30
0.0
 10
34.70101097061802
 20
42.5455297419088
 30
0.0
 10
34.70101097061802
 20
42.5455297419088
 30
0.0
 10
34.70101097061802
 20
42.5455297419088
 30
0.0
 10
34.84796537001154
 20
42.5455297419088
 30
0.0
 10
34.84796537001154
 20
42.5455297419088
 30
0.0
 10
34.84796537001154
 20
42.5455297419088
 30
0.0
 10
34.84796537001154
 20
41.95771214433278
 30
0.0
 10
34.84796537001154
 20
41.95771214433278
 30
0.0
  0
SPLINE
  5
209
330
70
100
AcDbEntity
  8
guideline
100
AcDbSpline
210
0.0
220
0.0
230
1.0
 70
    11
 71
     3
 72
    17
 73
    13
 74
     0
 42
0.0000000001
 43
0.0000000001
 40
0.0
 40
0.0
 40
0.0
 40
0.0
 40
1.0
 40
1.0
 40
1.0
 40
2.0
 40
2.0
 40
2.0
 40
3.0
 40
3.0
 40
3.0
 40
4.0
 40
4.0
 40
4.0
 40
4.0
 10
34.84796537001154
 20
43.13334733948642
 30
0.0
 10
34.84796537001154
 20
43.13334733948642
 30
0.0
 10
34.70101097061802
 20
43.13334733948642
 30
0.0
 10
34.70101097061802
 20
43.13334733948642
 30
0.0
 10
34.70101097061802
 20
43.13334733948642
 30
0.0
 10
34.70101097061802
 20
43.55698931898775
 30
0.0
 10
34.70101097061802
 20
43.55698931898775
 30
0.0
 10
34.70101097061802
 20
43.55698931898775
 30
0.0
 10
34.84796537001154
 20
43.55698931898775
 30
0.0
 10
34.84796537001154
 20
43.55698931898775
 30
0.0
 10
34.84796537001154
 20
43.55698931898775
 30
0.0
 10
34.84796537001154
 20
43.13334733948642
 30
0.0
 10
34.84796537001154
 20
43.13334733948642
 30
0.0
  0
HATCH
  5
20A
330
70
100
AcDbEntity
  8
guideline
 62
   241
420
 16028843
440
 33554687
100
AcDbHatch
 10
0.0
 20
0.0
 30
0.0
210
0.0
220
0.0
230
1.0
  2
SOLID
 70
     1
 71
     1
 91
       32
 92
        1
 93
        1
 72
     4
 94
        3
 73
     0
 74
     0
 95
       17
 96
       13
 40
0.0
 40
0.0
 40
0.0
 40
0.0
 40
1.0
 40
1.0
 40
1.0
 40
2.0
 40
2.0
 40
2.0
 40
3.0
 40
3.0
 40
3.0
 40
4.0
 40
4.0
 40
4.0
 40
4.0
 10
34.84796537001154
 20
6.688656289749368
 10
34.84796537001154
 20
6.688656289749368
 10
34.70101097061802
 20
6.688656289749368
 10
34.70101097061802
 20
6.688656289749368
 10
34.70101097061802
 20
6.688656289749368
 10
34.70101097061802
 20
7.276473887324742
 10
34.70101097061802
 20
7.276473887324742
 10
34.70101097061802
 20
7.276473887324742
 10
34.84796537001154
 20
7.276473887324742
 10
34.84796537001154
 20
7.276473887324742
 10
34.84796537001154
 20
7.276473887324742
 10
34.84796537001154
 20
6.688656289749368
 10
34.84796537001154
 20
6.688656289749368
 97
        0
 97
        1
330
1EA
 92
        1
 93
        2
 72
     4
 94
        3
 73
     0
 74
     0
 95
       17
 96
       13
 40
0.0
 40
0.0
 40
0.0
 40
0.0
 40
1.0
 40
1.0
 40
1.0
 40
2.0
 40
2.0
 40
2.0
 40
3.0
 40
3.0
 40
3.0
 40
4.0
 40
4.0
 40
4.0
 40
4.0
 10
34.84796537001154
 20
7.864291484900758
 10
34.84796537001154
 20
7.864291484900758
 10
34.70101097061802
 20
7.864291484900758
 10
34.70101097061802
 20
7.864291484900758
 10
34.70101097061802
 20
7.864291484900758
 10
34.70101097061802
 20
8.452109082478699
 10
34.70101097061802
 20
8.452109082478699
 10
34.70101097061802
 20
8.452109082478699
 10
34.84796537001154
 20
8.452109082478699
 10
34.84796537001154
 20
8.452109082478699
 10
34.84796537001154
 20
8.452109082478699
 10
34.84796537001154
 20
7.864291484900758
 10
34.84796537001154
 20
7.864291484900758
 97
        0
 72
     1
 10
34.84796537001154
 20
7.864291484900758
 11
34.84796537001154
 21
7.864291484900758
 97
        0
 92
        1
 93
        2
 72
     4
 94
        3
 73
     0
 74
     0
 95
       17
 96
       13
 40
0.0
 40
0.0
 40
0.0
 40
0.0
 40
1.0
 40
1.0
 40
1.0
 40
2.0
 40
2.0
 40
2.0
 40
3.0
 40
3.0
 40
3.0
 40
4.0
 40
4.0
 40
4.0
 40
4.0
 10
34.84796537001154
 20
9.039926680054074
 10
34.84796537001154
 20
9.039926680054074
 10
34.70101097061802
 20
9.039926680054074
 10
34.70101097061802
 20
9.039926680054074
 10
34.70101097061802
 20
9.039926680054074
 10
34.70101097061802
 20
9.627744277632015
 10
34.70101097061802
 20
9.627744277632015
 10
34.70101097061802
 20
9.627744277632015
 10
34.84796537001154
 20
9.627744277632015
 10
34.84796537001154
 20
9.627744277632015
 10
34.84796537001154
 20
9.627744277632015
 10
34.84796537001154
 20
9.039926680054074
 10
34.84796537001154
 20
9.039926680054074
 97
        0
 72
     1
 10
34.84796537001154
 20
9.039926680054074
 11
34.84796537001154
 21
9.039926680054074
 97
        0
 92
        1
 93
        2
 72
     4
 94
        3
 73
     0
 74
     0
 95
       17
 96
       13
 40
0.0
 40
0.0
 40
0.0
 40
0.0
 40
1.0
 40
1.0
 40
1.0
 40
2.0
 40
2.0
 40
2.0
 40
3.0
 40
3.0
 40
3.0
 40
4.0
 40
4.0
 40
4.0
 40
4.0
 10
34.84796537001154
 20
10.21556187520803
 10
34.84796537001154
 20
10.21556187520803
 10
34.70101097061802
 20
10.21556187520803
 10
34.70101097061802
 20
10.21556187520803
 10
34.70101097061802
 20
10.21556187520803
 10
34.70101097061802
 20
10.8033794727834
 10
34.70101097061802
 20
10.8033794727834
 10
34.70101097061802
 20
10.8033794727834
 10
34.84796537001154
 20
10.8033794727834
 10
34.84796537001154
 20
10.8033794727834
 10
34.84796537001154
 20
10.8033794727834
 10
34.84796537001154
 20
10.21556187520803
 10
34.84796537001154
 20
10.21556187520803
 97
        0
 72
     1
 10
34.84796537001154
 20
10.21556187520803
 11
34.84796537001154
 21
10.21556187520803
 97
        0
 92
        1
 93
        2
 72
     4
 94
        3
 73
     0
 74
     0
 95
       17
 96
       13
 40
0.0
 40
0.0
 40
0.0
 40
0.0
 40
1.0
 40
1.0
 40
1.0
 40
2.0
 40
2.0
 40
2.0
 40
3.0
 40
3.0
 40
3.0
 40
4.0
 40
4.0
 40
4.0
 40
4.0
 10
34.84796537001154
 20
11.39119707035942
 10
34.84796537001154
 20
11.39119707035942
 10
34.70101097061802
 20
11.39119707035942
 10
34.70101097061802
 20
11.39119707035942
 10
34.70101097061802
 20
11.39119707035942
 10
34.70101097061802
 20
11.97901466793736
 10
34.70101097061802
 20
11.97901466793736
 10
34.70101097061802
 20
11.97901466793736
 10
34.84796537001154
 20
11.97901466793736
 10
34.84796537001154
 20
11.97901466793736
 10
34.84796537001154
 20
11.97901466793736
 10
34.84796537001154
 20
11.39119707035942
 10
34.84796537001154
 20
11.39119707035942
 97
        0
 72
     1
 10
34.84796537001154
 20
11.39119707035942
 11
34.84796537001154
 21
11.39119707035942
 97
        0
 92
        1
 93
        2
 72
     4
 94
        3
 73
     0
 74
     0
 95
       17
 96
       13
 40
0.0
 40
0.0
 40
0.0
 40
0.0
 40
1.0
 40
1.0
 40
1.0
 40
2.0
 40
2.0
 40
2.0
 40
3.0
 40
3.0
 40
3.0
 40
4.0
 40
4.0
 40
4.0
 40
4.0
 10
34.84796537001154
 20
12.56683226551273
 10
34.84796537001154
 20
12.56683226551273
 10
34.70101097061802
 20
12.56683226551273
 10
34.70101097061802
 20
12.56683226551273
 10
34.70101097061802
 20
12.56683226551273
 10
34.70101097061802
 20
13.15464986308875
 10
34.70101097061802
 20
13.15464986308875
 10
34.70101097061802
 20
13.15464986308875
 10
34.84796537001154
 20
13.15464986308875
 10
34.84796537001154
 20
13.15464986308875
 10
34.84796537001154
 20
13.15464986308875
 10
34.84796537001154
 20
12.56683226551273
 10
34.84796537001154
 20
12.56683226551273
 97
        0
 72
     1
 10
34.84796537001154
 20
12.56683226551273
 11
34.84796537001154
 21
12.56683226551273
 97
        0
 92
        1
 93
        2
 72
     4
 94
        3
 73
     0
 74
     0
 95
       17
 96
       13
 40
0.0
 40
0.0
 40
0.0
 40
0.0
 40
1.0
 40
1.0
 40
1.0
 40
2.0
 40
2.0
 40
2.0
 40
3.0
 40
3.0
 40
3.0
 40
4.0
 40
4.0
 40
4.0
 40
4.0
 10
34.84796537001154
 20
13.74246746066477
 10
34.84796537001154
 20
13.74246746066477
 10
34.70101097061802
 20
13.74246746066477
 10
34.70101097061802
 20
13.74246746066477
 10
34.70101097061802
 20
13.74246746066477
 10
34.70101097061802
 20
14.33028505824271
 10
34.70101097061802
 20
14.33028505824271
 10
34.70101097061802
 20
14.33028505824271
 10
34.84796537001154
 20
14.33028505824271
 10
34.84796537001154
 20
14.33028505824271
 10
34.84796537001154
 20
14.33028505824271
 10
34.84796537001154
 20
13.74246746066477
 10
34.84796537001154
 20
13.74246746066477
 97
        0
 72
     1
 10
34.84796537001154
 20
13.74246746066477
 11
34.84796537001154
 21
13.74246746066477
 97
        0
 92
        1
 93
        2
 72
     4
 94
        3
 73
     0
 74
     0
 95
       17
 96
       13
 40
0.0
 40
0.0
 40
0.0
 40
0.0
 40
1.0
 40
1.0
 40
1.0
 40
2.0
 40
2.0
 40
2.0
 40
3.0
 40
3.0
 40
3.0
 40
4.0
 40
4.0
 40
4.0
 40
4.0
 10
34.84796537001154
 20
14.91810265581808
 10
34.84796537001154
 20
14.91810265581808
 10
34.70101097061802
 20
14.91810265581808
 10
34.70101097061802
 20
14.91810265581808
 10
34.70101097061802
 20
14.91810265581808
 10
34.70101097061802
 20
15.50592025339602
 10
34.70101097061802
 20
15.50592025339602
 10
34.70101097061802
 20
15.50592025339602
 10
34.84796537001154
 20
15.50592025339602
 10
34.84796537001154
 20
15.50592025339602
 10
34.84796537001154
 20
15.50592025339602
 10
34.84796537001154
 20
14.91810265581808
 10
34.84796537001154
 20
14.91810265581808
 97
        0
 72
     1
 10
34.84796537001154
 20
14.91810265581808
 11
34.84796537001154
 21
14.91810265581808
 97
        0
 92
        1
 93
        2
 72
     4
 94
        3
 73
     0
 74
     0
 95
       17
 96
       13
 40
0.0
 40
0.0
 40
0.0
 40
0.0
 40
1.0
 40
1.0
 40
1.0
 40
2.0
 40
2.0
 40
2.0
 40
3.0
 40
3.0
 40
3.0
 40
4.0
 40
4.0
 40
4.0
 40
4.0
 10
34.84796537001154
 20
16.09373785097204
 10
34.84796537001154
 20
16.09373785097204
 10
34.70101097061802
 20
16.09373785097204
 10
34.70101097061802
 20
16.09373785097204
 10
34.70101097061802
 20
16.09373785097204
 10
34.70101097061802
 20
16.68155544854742
 10
34.70101097061802
 20
16.68155544854742
 10
34.70101097061802
 20
16.68155544854742
 10
34.84796537001154
 20
16.68155544854742
 10
34.84796537001154
 20
16.68155544854742
 10
34.84796537001154
 20
16.68155544854742
 10
34.84796537001154
 20
16.09373785097204
 10
34.84796537001154
 20
16.09373785097204
 97
        0
 72
     1
 10
34.84796537001154
 20
16.09373785097204
 11
34.84796537001154
 21
16.09373785097204
 97
        0
 92
        1
 93
        2
 72
     4
 94
        3
 73
     0
 74
     0
 95
       17
 96
       13
 40
0.0
 40
0.0
 40
0.0
 40
0.0
 40
1.0
 40
1.0
 40
1.0
 40
2.0
 40
2.0
 40
2.0
 40
3.0
 40
3.0
 40
3.0
 40
4.0
 40
4.0
 40
4.0
 40
4.0
 10
34.84796537001154
 20
17.26937304612343
 10
34.84796537001154
 20
17.26937304612343
 10
34.70101097061802
 20
17.26937304612343
 10
34.70101097061802
 20
17.26937304612343
 10
34.70101097061802
 20
17.26937304612343
 10
34.70101097061802
 20
17.85719064370137
 10
34.70101097061802
 20
17.85719064370137
 10
34.70101097061802
 20
17.85719064370137
 10
34.84796537001154
 20
17.85719064370137
 10
34.84796537001154
 20
17.85719064370137
 10
34.84796537001154
 20
17.85719064370137
 10
34.84796537001154
 20
17.26937304612343
 10
34.84796537001154
 20
17.26937304612343
 97
        0
 72
     1
 10
34.84796537001154
 20
17.26937304612343
 11
34.84796537001154
 21
17.26937304612343
 97
        0
 92
        1
 93
        2
 72
     4
 94
        3
 73
     0
 74
     0
 95
       17
 96
       13
 40
0.0
 40
0.0
 40
0.0
 40
0.0
 40
1.0
 40
1.0
 40
1.0
 40
2.0
 40
2.0
 40
2.0
 40
3.0
 40
3.0
 40
3.0
 40
4.0
 40
4.0
 40
4.0
 40
4.0
 10
34.84796537001154
 20
18.44500824127674
 10
34.84796537001154
 20
18.44500824127674
 10
34.70101097061802
 20
18.44500824127674
 10
34.70101097061802
 20
18.44500824127674
 10
34.70101097061802
 20
18.44500824127674
 10
34.70101097061802
 20
19.03282583885276
 10
34.70101097061802
 20
19.03282583885276
 10
34.70101097061802
 20
19.03282583885276
 10
34.84796537001154
 20
19.03282583885276
 10
34.84796537001154
 20
19.03282583885276
 10
34.84796537001154
 20
19.03282583885276
 10
34.84796537001154
 20
18.44500824127674
 10
34.84796537001154
 20
18.44500824127674
 97
        0
 72
     1
 10
34.84796537001154
 20
18.44500824127674
 11
34.84796537001154
 21
18.44500824127674
 97
        0
 92
        1
 93
        2
 72
     4
 94
        3
 73
     0
 74
     0
 95
       17
 96
       13
 40
0.0
 40
0.0
 40
0.0
 40
0.0
 40
1.0
 40
1.0
 40
1.0
 40
2.0
 40
2.0
 40
2.0
 40
3.0
 40
3.0
 40
3.0
 40
4.0
 40
4.0
 40
4.0
 40
4.0
 10
34.84796537001154
 20
19.62064343642878
 10
34.84796537001154
 20
19.62064343642878
 10
34.70101097061802
 20
19.62064343642878
 10
34.70101097061802
 20
19.62064343642878
 10
34.70101097061802
 20
19.62064343642878
 10
34.70101097061802
 20
20.20846103400608
 10
34.70101097061802
 20
20.20846103400608
 10
34.70101097061802
 20
20.20846103400608
 10
34.84796537001154
 20
20.20846103400608
 10
34.84796537001154
 20
20.20846103400608
 10
34.84796537001154
 20
20.20846103400608
 10
34.84796537001154
 20
19.62064343642878
 10
34.84796537001154
 20
19.62064343642878
 97
        0
 72
     1
 10
34.84796537001154
 20
19.62064343642878
 11
34.84796537001154
 21
19.62064343642878
 97
        0
 92
        1
 93
        2
 72
     4
 94
        3
 73
     0
 74
     0
 95
       17
 96
       13
 40
0.0
 40
0.0
 40
0.0
 40
0.0
 40
1.0
 40
1.0
 40
1.0
 40
2.0
 40
2.0
 40
2.0
 40
3.0
 40
3.0
 40
3.0
 40
4.0
 40
4.0
 40
4.0
 40
4.0
 10
34.84796537001154
 20
20.7962786315821
 10
34.84796537001154
 20
20.7962786315821
 10
34.70101097061802
 20
20.7962786315821
 10
34.70101097061802
 20
20.7962786315821
 10
34.70101097061802
 20
20.7962786315821
 10
34.70101097061802
 20
21.38409622915811
 10
34.70101097061802
 20
21.38409622915811
 10
34.70101097061802
 20
21.38409622915811
 10
34.84796537001154
 20
21.38409622915811
 10
34.84796537001154
 20
21.38409622915811
 10
34.84796537001154
 20
21.38409622915811
 10
34.84796537001154
 20
20.7962786315821
 10
34.84796537001154
 20
20.7962786315821
 97
        0
 72
     1
 10
34.84796537001154
 20
20.7962786315821
 11
34.84796537001154
 21
20.7962786315821
 97
        0
 92
        1
 93
        2
 72
     4
 94
        3
 73
     0
 74
     0
 95
       17
 96
       13
 40
0.0
 40
0.0
 40
0.0
 40
0.0
 40
1.0
 40
1.0
 40
1.0
 40
2.0
 40
2.0
 40
2.0
 40
3.0
 40
3.0
 40
3.0
 40
4.0
 40
4.0
 40
4.0
 40
4.0
 10
34.84796537001154
 20
21.97191382673541
 10
34.84796537001154
 20
21.97191382673541
 10
34.70101097061802
 20
21.97191382673541
 10
34.70101097061802
 20
21.97191382673541
 10
34.70101097061802
 20
21.97191382673541
 10
34.70101097061802
 20
22.55973142431143
 10
34.70101097061802
 20
22.55973142431143
 10
34.70101097061802
 20
22.55973142431143
 10
34.84796537001154
 20
22.55973142431143
 10
34.84796537001154
 20
22.55973142431143
 10
34.84796537001154
 20
22.55973142431143
 10
34.84796537001154
 20
21.97191382673541
 10
34.84796537001154
 20
21.97191382673541
 97
        0
 72
     1
 10
34.84796537001154
 20
21.97191382673541
 11
34.84796537001154
 21
21.97191382673541
 97
        0
 92
        1
 93
        2
 72
     4
 94
        3
 73
     0
 74
     0
 95
       17
 96
       13
 40
0.0
 40
0.0
 40
0.0
 40
0.0
 40
1.0
 40
1.0
 40
1.0
 40
2.0
 40
2.0
 40
2.0
 40
3.0
 40
3.0
 40
3.0
 40
4.0
 40
4.0
 40
4.0
 40
4.0
 10
34.84796537001154
 20
23.14754902188744
 10
34.84796537001154
 20
23.14754902188744
 10
34.70101097061802
 20
23.14754902188744
 10
34.70101097061802
 20
23.14754902188744
 10
34.70101097061802
 20
23.14754902188744
 10
34.70101097061802
 20
23.73536661946539
 10
34.70101097061802
 20
23.73536661946539
 10
34.70101097061802
 20
23.73536661946539
 10
34.84796537001154
 20
23.73536661946539
 10
34.84796537001154
 20
23.73536661946539
 10
34.84796537001154
 20
23.73536661946539
 10
34.84796537001154
 20
23.14754902188744
 10
34.84796537001154
 20
23.14754902188744
 97
        0
 72
     1
 10
34.84796537001154
 20
23.14754902188744
 11
34.84796537001154
 21
23.14754902188744
 97
        0
 92
        1
 93
        2
 72
     4
 94
        3
 73
     0
 74
     0
 95
       17
 96
       13
 40
0.0
 40
0.0
 40
0.0
 40
0.0
 40
1.0
 40
1.0
 40
1.0
 40
2.0
 40
2.0
 40
2.0
 40
3.0
 40
3.0
 40
3.0
 40
4.0
 40
4.0
 40
4.0
 40
4.0
 10
34.84796537001154
 20
24.32318421704076
 10
34.84796537001154
 20
24.32318421704076
 10
34.70101097061802
 20
24.32318421704076
 10
34.70101097061802
 20
24.32318421704076
 10
34.70101097061802
 20
24.32318421704076
 10
34.70101097061802
 20
24.91100181461677
 10
34.70101097061802
 20
24.91100181461677
 10
34.70101097061802
 20
24.91100181461677
 10
34.84796537001154
 20
24.91100181461677
 10
34.84796537001154
 20
24.91100181461677
 10
34.84796537001154
 20
24.91100181461677
 10
34.84796537001154
 20
24.32318421704076
 10
34.84796537001154
 20
24.32318421704076
 97
        0
 72
     1
 10
34.84796537001154
 20
24.32318421704076
 11
34.84796537001154
 21
24.32318421704076
 97
        0
 92
        1
 93
        2
 72
     4
 94
        3
 73
     0
 74
     0
 95
       17
 96
       13
 40
0.0
 40
0.0
 40
0.0
 40
0.0
 40
1.0
 40
1.0
 40
1.0
 40
2.0
 40
2.0
 40
2.0
 40
3.0
 40
3.0
 40
3.0
 40
4.0
 40
4.0
 40
4.0
 40
4.0
 10
34.84796537001154
 20
25.49881941219279
 10
34.84796537001154
 20
25.49881941219279
 10
34.70101097061802
 20
25.49881941219279
 10
34.70101097061802
 20
25.49881941219279
 10
34.70101097061802
 20
25.49881941219279
 10
34.70101097061802
 20
26.08663700977041
 10
34.70101097061802
 20
26.08663700977041
 10
34.70101097061802
 20
26.08663700977041
 10
34.84796537001154
 20
26.08663700977041
 10
34.84796537001154
 20
26.08663700977041
 10
34.84796537001154
 20
26.08663700977041
 10
34.84796537001154
 20
25.49881941219279
 10
34.84796537001154
 20
25.49881941219279
 97
        0
 72
     1
 10
34.84796537001154
 20
25.49881941219279
 11
34.84796537001154
 21
25.49881941219279
 97
        0
 92
        1
 93
        2
 72
     4
 94
        3
 73
     0
 74
     0
 95
       17
 96
       13
 40
0.0
 40
0.0
 40
0.0
 40
0.0
 40
1.0
 40
1.0
 40
1.0
 40
2.0
 40
2.0
 40
2.0
 40
3.0
 40
3.0
 40
3.0
 40
4.0
 40
4.0
 40
4.0
 40
4.0
 10
34.84796537001154
 20
26.6744546073461
 10
34.84796537001154
 20
26.6744546073461
 10
34.70101097061802
 20
26.6744546073461
 10
34.70101097061802
 20
26.6744546073461
 10
34.70101097061802
 20
26.6744546073461
 10
34.70101097061802
 20
27.26227220492212
 10
34.70101097061802
 20
27.26227220492212
 10
34.70101097061802
 20
27.26227220492212
 10
34.84796537001154
 20
27.26227220492212
 10
34.84796537001154
 20
27.26227220492212
 10
34.84796537001154
 20
27.26227220492212
 10
34.84796537001154
 20
26.6744546073461
 10
34.84796537001154
 20
26.6744546073461
 97
        0
 72
     1
 10
34.84796537001154
 20
26.6744546073461
 11
34.84796537001154
 21
26.6744546073461
 97
        0
 92
        1
 93
        2
 72
     4
 94
        3
 73
     0
 74
     0
 95
       17
 96
       13
 40
0.0
 40
0.0
 40
0.0
 40
0.0
 40
1.0
 40
1.0
 40
1.0
 40
2.0
 40
2.0
 40
2.0
 40
3.0
 40
3.0
 40
3.0
 40
4.0
 40
4.0
 40
4.0
 40
4.0
 10
34.84796537001154
 20
27.85008980249782
 10
34.84796537001154
 20
27.85008980249782
 10
34.70101097061802
 20
27.85008980249782
 10
34.70101097061802
 20
27.85008980249782
 10
34.70101097061802
 20
27.85008980249782
 10
34.70101097061802
 20
28.43790740007543
 10
34.70101097061802
 20
28.43790740007543
 10
34.70101097061802
 20
28.43790740007543
 10
34.84796537001154
 20
28.43790740007543
 10
34.84796537001154
 20
28.43790740007543
 10
34.84796537001154
 20
28.43790740007543
 10
34.84796537001154
 20
27.85008980249782
 10
34.84796537001154
 20
27.85008980249782
 97
        0
 72
     1
 10
34.84796537001154
 20
27.85008980249782
 11
34.84796537001154
 21
27.85008980249782
 97
        0
 92
        1
 93
        2
 72
     4
 94
        3
 73
     0
 74
     0
 95
       17
 96
       13
 40
0.0
 40
0.0
 40
0.0
 40
0.0
 40
1.0
 40
1.0
 40
1.0
 40
2.0
 40
2.0
 40
2.0
 40
3.0
 40
3.0
 40
3.0
 40
4.0
 40
4.0
 40
4.0
 40
4.0
 10
34.84796537001154
 20
29.02572499765145
 10
34.84796537001154
 20
29.02572499765145
 10
34.70101097061802
 20
29.02572499765145
 10
34.70101097061802
 20
29.02572499765145
 10
34.70101097061802
 20
29.02572499765145
 10
34.70101097061802
 20
29.61354259522908
 10
34.70101097061802
 20
29.61354259522908
 10
34.70101097061802
 20
29.61354259522908
 10
34.84796537001154
 20
29.61354259522908
 10
34.84796537001154
 20
29.61354259522908
 10
34.84796537001154
 20
29.61354259522908
 10
34.84796537001154
 20
29.02572499765145
 10
34.84796537001154
 20
29.02572499765145
 97
        0
 72
     1
 10
34.84796537001154
 20
29.02572499765145
 11
34.84796537001154
 21
29.02572499765145
 97
        0
 92
        1
 93
        2
 72
     4
 94
        3
 73
     0
 74
     0
 95
       17
 96
       13
 40
0.0
 40
0.0
 40
0.0
 40
0.0
 40
1.0
 40
1.0
 40
1.0
 40
2.0
 40
2.0
 40
2.0
 40
3.0
 40
3.0
 40
3.0
 40
4.0
 40
4.0
 40
4.0
 40
4.0
 10
34.84796537001154
 20
30.20136019280477
 10
34.84796537001154
 20
30.20136019280477
 10
34.70101097061802
 20
30.20136019280477
 10
34.70101097061802
 20
30.20136019280477
 10
34.70101097061802
 20
30.20136019280477
 10
34.70101097061802
 20
30.78917779038079
 10
34.70101097061802
 20
30.78917779038079
 10
34.70101097061802
 20
30.78917779038079
 10
34.84796537001154
 20
30.78917779038079
 10
34.84796537001154
 20
30.78917779038079
 10
34.84796537001154
 20
30.78917779038079
 10
34.84796537001154
 20
30.20136019280477
 10
34.84796537001154
 20
30.20136019280477
 97
        0
 72
     1
 10
34.84796537001154
 20
30.20136019280477
 11
34.84796537001154
 21
30.20136019280477
 97
        0
 92
        1
 93
        2
 72
     4
 94
        3
 73
     0
 74
     0
 95
       17
 96
       13
 40
0.0
 40
0.0
 40
0.0
 40
0.0
 40
1.0
 40
1.0
 40
1.0
 40
2.0
 40
2.0
 40
2.0
 40
3.0
 40
3.0
 40
3.0
 40
4.0
 40
4.0
 40
4.0
 40
4.0
 10
34.84796537001154
 20
31.37699538795648
 10
34.84796537001154
 20
31.37699538795648
 10
34.70101097061802
 20
31.37699538795648
 10
34.70101097061802
 20
31.37699538795648
 10
34.70101097061802
 20
31.37699538795648
 10
34.70101097061802
 20
31.96481298553442
 10
34.70101097061802
 20
31.96481298553442
 10
34.70101097061802
 20
31.96481298553442
 10
34.84796537001154
 20
31.96481298553442
 10
34.84796537001154
 20
31.96481298553442
 10
34.84796537001154
 20
31.96481298553442
 10
34.84796537001154
 20
31.37699538795648
 10
34.84796537001154
 20
31.37699538795648
 97
        0
 72
     1
 10
34.84796537001154
 20
31.37699538795648
 11
34.84796537001154
 21
31.37699538795648
 97
        0
 92
        1
 93
        2
 72
     4
 94
        3
 73
     0
 74
     0
 95
       17
 96
       13
 40
0.0
 40
0.0
 40
0.0
 40
0.0
 40
1.0
 40
1.0
 40
1.0
 40
2.0
 40
2.0
 40
2.0
 40
3.0
 40
3.0
 40
3.0
 40
4.0
 40
4.0
 40
4.0
 40
4.0
 10
34.84796537001154
 20
32.55263058311012
 10
34.84796537001154
 20
32.55263058311012
 10
34.70101097061802
 20
32.55263058311012
 10
34.70101097061802
 20
32.55263058311012
 10
34.70101097061802
 20
32.55263058311012
 10
34.70101097061802
 20
33.14044818068613
 10
34.70101097061802
 20
33.14044818068613
 10
34.70101097061802
 20
33.14044818068613
 10
34.84796537001154
 20
33.14044818068613
 10
34.84796537001154
 20
33.14044818068613
 10
34.84796537001154
 20
33.14044818068613
 10
34.84796537001154
 20
32.55263058311012
 10
34.84796537001154
 20
32.55263058311012
 97
        0
 72
     1
 10
34.84796537001154
 20
32.55263058311012
 11
34.84796537001154
 21
32.55263058311012
 97
        0
 92
        1
 93
        2
 72
     4
 94
        3
 73
     0
 74
     0
 95
       17
 96
       13
 40
0.0
 40
0.0
 40
0.0
 40
0.0
 40
1.0
 40
1.0
 40
1.0
 40
2.0
 40
2.0
 40
2.0
 40
3.0
 40
3.0
 40
3.0
 40
4.0
 40
4.0
 40
4.0
 40
4.0
 10
34.84796537001154
 20
33.72826577826375
 10
34.84796537001154
 20
33.72826577826375
 10
34.70101097061802
 20
33.72826577826375
 10
34.70101097061802
 20
33.72826577826375
 10
34.70101097061802
 20
33.72826577826375
 10
34.70101097061802
 20
34.31608337583945
 10
34.70101097061802
 20
34.31608337583945
 10
34.70101097061802
 20
34.31608337583945
 10
34.84796537001154
 20
34.31608337583945
 10
34.84796537001154
 20
34.31608337583945
 10
34.84796537001154
 20
34.31608337583945
 10
34.84796537001154
 20
33.72826577826375
 10
34.84796537001154
 20
33.72826577826375
 97
        0
 72
     1
 10
34.84796537001154
 20
33.72826577826375
 11
34.84796537001154
 21
33.72826577826375
 97
        0
 92
        1
 93
        2
 72
     4
 94
        3
 73
     0
 74
     0
 95
       17
 96
       13
 40
0.0
 40
0.0
 40
0.0
 40
0.0
 40
1.0
 40
1.0
 40
1.0
 40
2.0
 40
2.0
 40
2.0
 40
3.0
 40
3.0
 40
3.0
 40
4.0
 40
4.0
 40
4.0
 40
4.0
 10
34.84796537001154
 20
34.90390097341546
 10
34.84796537001154
 20
34.90390097341546
 10
34.70101097061802
 20
34.90390097341546
 10
34.70101097061802
 20
34.90390097341546
 10
34.70101097061802
 20
34.90390097341546
 10
34.70101097061802
 20
35.49171857099309
 10
34.70101097061802
 20
35.49171857099309
 10
34.70101097061802
 20
35.49171857099309
 10
34.84796537001154
 20
35.49171857099309
 10
34.84796537001154
 20
35.49171857099309
 10
34.84796537001154
 20
35.49171857099309
 10
34.84796537001154
 20
34.90390097341546
 10
34.84796537001154
 20
34.90390097341546
 97
        0
 72
     1
 10
34.84796537001154
 20
34.90390097341546
 11
34.84796537001154
 21
34.90390097341546
 97
        0
 92
        1
 93
        2
 72
     4
 94
        3
 73
     0
 74
     0
 95
       17
 96
       13
 40
0.0
 40
0.0
 40
0.0
 40
0.0
 40
1.0
 40
1.0
 40
1.0
 40
2.0
 40
2.0
 40
2.0
 40
3.0
 40
3.0
 40
3.0
 40
4.0
 40
4.0
 40
4.0
 40
4.0
 10
34.84796537001154
 20
36.07953616856878
 10
34.84796537001154
 20
36.07953616856878
 10
34.70101097061802
 20
36.07953616856878
 10
34.70101097061802
 20
36.07953616856878
 10
34.70101097061802
 20
36.07953616856878
 10
34.70101097061802
 20
36.66735376614479
 10
34.70101097061802
 20
36.66735376614479
 10
34.70101097061802
 20
36.66735376614479
 10
34.84796537001154
 20
36.66735376614479
 10
34.84796537001154
 20
36.66735376614479
 10
34.84796537001154
 20
36.66735376614479
 10
34.84796537001154
 20
36.07953616856878
 10
34.84796537001154
 20
36.07953616856878
 97
        0
 72
     1
 10
34.84796537001154
 20
36.07953616856878
 11
34.84796537001154
 21
36.07953616856878
 97
        0
 92
        1
 93
        2
 72
     4
 94
        3
 73
     0
 74
     0
 95
       17
 96
       13
 40
0.0
 40
0.0
 40
0.0
 40
0.0
 40
1.0
 40
1.0
 40
1.0
 40
2.0
 40
2.0
 40
2.0
 40
3.0
 40
3.0
 40
3.0
 40
4.0
 40
4.0
 40
4.0
 40
4.0
 10
34.84796537001154
 20
37.25517136372049
 10
34.84796537001154
 20
37.25517136372049
 10
34.70101097061802
 20
37.25517136372049
 10
34.70101097061802
 20
37.25517136372049
 10
34.70101097061802
 20
37.25517136372049
 10
34.70101097061802
 20
37.84298896129811
 10
34.70101097061802
 20
37.84298896129811
 10
34.70101097061802
 20
37.84298896129811
 10
34.84796537001154
 20
37.84298896129811
 10
34.84796537001154
 20
37.84298896129811
 10
34.84796537001154
 20
37.84298896129811
 10
34.84796537001154
 20
37.25517136372049
 10
34.84796537001154
 20
37.25517136372049
 97
        0
 72
     1
 10
34.84796537001154
 20
37.25517136372049
 11
34.84796537001154
 21
37.25517136372049
 97
        0
 92
        1
 93
        2
 72
     4
 94
        3
 73
     0
 74
     0
 95
       17
 96
       13
 40
0.0
 40
0.0
 40
0.0
 40
0.0
 40
1.0
 40
1.0
 40
1.0
 40
2.0
 40
2.0
 40
2.0
 40
3.0
 40
3.0
 40
3.0
 40
4.0
 40
4.0
 40
4.0
 40
4.0
 10
34.84796537001154
 20
38.43080655887412
 10
34.84796537001154
 20
38.43080655887412
 10
34.70101097061802
 20
38.43080655887412
 10
34.70101097061802
 20
38.43080655887412
 10
34.70101097061802
 20
38.43080655887412
 10
34.70101097061802
 20
39.01862415644982
 10
34.70101097061802
 20
39.01862415644982
 10
34.70101097061802
 20
39.01862415644982
 10
34.84796537001154
 20
39.01862415644982
 10
34.84796537001154
 20
39.01862415644982
 10
34.84796537001154
 20
39.01862415644982
 10
34.84796537001154
 20
38.43080655887412
 10
34.84796537001154
 20
38.43080655887412
 97
        0
 72
     1
 10
34.84796537001154
 20
38.43080655887412
 11
34.84796537001154
 21
38.43080655887412
 97
        0
 92
        1
 93
        2
 72
     4
 94
        3
 73
     0
 74
     0
 95
       17
 96
       13
 40
0.0
 40
0.0
 40
0.0
 40
0.0
 40
1.0
 40
1.0
 40
1.0
 40
2.0
 40
2.0
 40
2.0
 40
3.0
 40
3.0
 40
3.0
 40
4.0
 40
4.0
 40
4.0
 40
4.0
 10
34.84796537001154
 20
39.60644175402745
 10
34.84796537001154
 20
39.60644175402745
 10
34.70101097061802
 20
39.60644175402745
 10
34.70101097061802
 20
39.60644175402745
 10
34.70101097061802
 20
39.60644175402745
 10
34.70101097061802
 20
40.19425935160345
 10
34.70101097061802
 20
40.19425935160345
 10
34.70101097061802
 20
40.19425935160345
 10
34.84796537001154
 20
40.19425935160345
 10
34.84796537001154
 20
40.19425935160345
 10
34.84796537001154
 20
40.19425935160345
 10
34.84796537001154
 20
39.60644175402745
 10
34.84796537001154
 20
39.60644175402745
 97
        0
 72
     1
 10
34.84796537001154
 20
39.60644175402745
 11
34.84796537001154
 21
39.60644175402745
 97
        0
 92
        1
 93
        2
 72
     4
 94
        3
 73
     0
 74
     0
 95
       17
 96
       13
 40
0.0
 40
0.0
 40
0.0
 40
0.0
 40
1.0
 40
1.0
 40
1.0
 40
2.0
 40
2.0
 40
2.0
 40
3.0
 40
3.0
 40
3.0
 40
4.0
 40
4.0
 40
4.0
 40
4.0
 10
34.84796537001154
 20
40.78207694917915
 10
34.84796537001154
 20
40.78207694917915
 10
34.70101097061802
 20
40.78207694917915
 10
34.70101097061802
 20
40.78207694917915
 10
34.70101097061802
 20
40.78207694917915
 10
34.70101097061802
 20
41.36989454675709
 10
34.70101097061802
 20
41.36989454675709
 10
34.70101097061802
 20
41.36989454675709
 10
34.84796537001154
 20
41.36989454675709
 10
34.84796537001154
 20
41.36989454675709
 10
34.84796537001154
 20
41.36989454675709
 10
34.84796537001154
 20
40.78207694917915
 10
34.84796537001154
 20
40.78207694917915
 97
        0
 72
     1
 10
34.84796537001154
 20
40.78207694917915
 11
34.84796537001154
 21
40.78207694917915
 97
        0
 92
        1
 93
        2
 72
     4
 94
        3
 73
     0
 74
     0
 95
       17
 96
       13
 40
0.0
 40
0.0
 40
0.0
 40
0.0
 40
1.0
 40
1.0
 40
1.0
 40
2.0
 40
2.0
 40
2.0
 40
3.0
 40
3.0
 40
3.0
 40
4.0
 40
4.0
 40
4.0
 40
4.0
 10
34.84796537001154
 20
41.95771214433278
 10
34.84796537001154
 20
41.95771214433278
 10
34.70101097061802
 20
41.95771214433278
 10
34.70101097061802
 20
41.95771214433278
 10
34.70101097061802
 20
41.95771214433278
 10
34.70101097061802
 20
42.5455297419088
 10
34.70101097061802
 20
42.5455297419088
 10
34.70101097061802
 20
42.5455297419088
 10
34.84796537001154
 20
42.5455297419088
 10
34.84796537001154
 20
42.5455297419088
 10
34.84796537001154
 20
42.5455297419088
 10
34.84796537001154
 20
41.95771214433278
 10
34.84796537001154
 20
41.95771214433278
 97
        0
 72
     1
 10
34.84796537001154
 20
41.95771214433278
 11
34.84796537001154
 21
41.95771214433278
 97
        0
 92
        1
 93
        2
 72
     4
 94
        3
 73
     0
 74
     0
 95
       17
 96
       13
 40
0.0
 40
0.0
 40
0.0
 40
0.0
 40
1.0
 40
1.0
 40
1.0
 40
2.0
 40
2.0
 40
2.0
 40
3.0
 40
3.0
 40
3.0
 40
4.0
 40
4.0
 40
4.0
 40
4.0
 10
34.84796537001154
 20
43.13334733948642
 10
34.84796537001154
 20
43.13334733948642
 10
34.70101097061802
 20
43.13334733948642
 10
34.70101097061802
 20
43.13334733948642
 10
34.70101097061802
 20
43.13334733948642
 10
34.70101097061802
 20
43.55698931898775
 10
34.70101097061802
 20
43.55698931898775
 10
34.70101097061802
 20
43.55698931898775
 10
34.84796537001154
 20
43.55698931898775
 10
34.84796537001154
 20
43.55698931898775
 10
34.84796537001154
 20
43.55698931898775
 10
34.84796537001154
 20
43.13334733948642
 10
34.84796537001154
 20
43.13334733948642
 97
        0
 72
     1
 10
34.84796537001154
 20
43.13334733948642
 11
34.84796537001154
 21
43.13334733948642
 97
        0
 75
     2
 76
     1
 98
        1
 10
0.0
 20
0.0
450
        0
451
        0
460
0.0
461
0.0
452
        0
462
0.0
453
        0
470

  0
LWPOLYLINE
  5
20B
330
70
100
AcDbEntity
  8
guideline
 62
    18
420
        0
370
     0
100
AcDbPolyline
 90
        4
 70
     1
 43
0.0
 10
55.67042789509709
 20
43.13334733948546
 10
55.52347349570293
 20
43.13334733948546
 10
55.52347349570293
 20
43.59774620319547
 10
55.67042789509709
 20
43.59774620319547
  0
LWPOLYLINE
  5
20C
330
70
100
AcDbEntity
  8
guideline
 62
    18
420
        0
370
     0
100
AcDbPolyline
 90
        4
 70
     1
 43
0.0
 10
55.67042789509709
 20
41.95771214433278
 10
55.52347349570293
 20
41.95771214433278
 10
55.52347349570293
 20
42.5455297419088
 10
55.67042789509709
 20
42.5455297419088
  0
LWPOLYLINE
  5
20D
330
70
100
AcDbEntity
  8
guideline
 62
    18
420
        0
370
     0
100
AcDbPolyline
 90
        4
 70
     1
 43
0.0
 10
55.67042789509709
 20
40.78207694918011
 10
55.52347349570293
 20
40.78207694918011
 10
55.52347349570293
 20
41.36989454675613
 10
55.67042789509709
 20
41.36989454675613
  0
LWPOLYLINE
  5
20E
330
70
100
AcDbEntity
  8
guideline
 62
    18
420
        0
370
     0
100
AcDbPolyline
 90
        4
 70
     1
 43
0.0
 10
55.67042789509709
 20
39.6064417540268
 10
55.52347349570293
 20
39.6064417540268
 10
55.52347349570293
 20
40.19425935160345
 10
55.67042789509709
 20
40.19425935160345
  0
LWPOLYLINE
  5
20F
330
70
100
AcDbEntity
  8
guideline
 62
    18
420
        0
370
     0
100
AcDbPolyline
 90
        4
 70
     1
 43
0.0
 10
55.67042789509709
 20
38.43080655887412
 10
55.52347349570293
 20
38.43080655887412
 10
55.52347349570293
 20
39.01862415645079
 10
55.67042789509709
 20
39.01862415645079
  0
LWPOLYLINE
  5
210
330
70
100
AcDbEntity
  8
guideline
 62
    18
420
        0
370
     0
100
AcDbPolyline
 90
        4
 70
     1
 43
0.0
 10
55.67042789509709
 20
37.25517136372145
 10
55.52347349570293
 20
37.25517136372145
 10
55.52347349570293
 20
37.84298896129811
 10
55.67042789509709
 20
37.84298896129811
  0
LWPOLYLINE
  5
211
330
70
100
AcDbEntity
  8
guideline
 62
    18
420
        0
370
     0
100
AcDbPolyline
 90
        4
 70
     1
 43
0.0
 10
55.67042789509709
 20
36.07953616856878
 10
55.52347349570293
 20
36.07953616856878
 10
55.52347349570293
 20
36.66735376614479
 10
55.67042789509709
 20
36.66735376614479
  0
LWPOLYLINE
  5
212
330
70
100
AcDbEntity
  8
guideline
 62
    18
420
        0
370
     0
100
AcDbPolyline
 90
        4
 70
     1
 43
0.0
 10
55.67042789509709
 20
34.90390097341611
 10
55.52347349570293
 20
34.90390097341611
 10
55.52347349570293
 20
35.49171857099276
 10
55.67042789509709
 20
35.49171857099276
  0
LWPOLYLINE
  5
213
330
70
100
AcDbEntity
  8
guideline
 62
    18
420
        0
370
     0
100
AcDbPolyline
 90
        4
 70
     1
 43
0.0
 10
55.67042789509709
 20
33.72826577826279
 10
55.52347349570293
 20
33.72826577826279
 10
55.52347349570293
 20
34.31608337583945
 10
55.67042789509709
 20
34.31608337583945
  0
LWPOLYLINE
  5
214
330
70
100
AcDbEntity
  8
guideline
 62
    18
420
        0
370
     0
100
AcDbPolyline
 90
        4
 70
     1
 43
0.0
 10
55.67042789509709
 20
32.55263058311076
 10
55.52347349570293
 20
32.55263058311076
 10
55.52347349570293
 20
33.14044818068678
 10
55.67042789509709
 20
33.14044818068678
  0
LWPOLYLINE
  5
215
330
70
100
AcDbEntity
  8
guideline
 62
    18
420
        0
370
     0
100
AcDbPolyline
 90
        4
 70
     1
 43
0.0
 10
55.67042789509709
 20
31.37699538795744
 10
55.52347349570293
 20
31.37699538795744
 10
55.52347349570293
 20
31.9648129855341
 10
55.67042789509709
 20
31.9648129855341
  0
LWPOLYLINE
  5
216
330
70
100
AcDbEntity
  8
guideline
 62
    18
420
        0
370
     0
100
AcDbPolyline
 90
        4
 70
     1
 43
0.0
 10
55.67042789509709
 20
30.20136019280477
 10
55.52347349570293
 20
30.20136019280477
 10
55.52347349570293
 20
30.78917779038079
 10
55.67042789509709
 20
30.78917779038079
  0
LWPOLYLINE
  5
217
330
70
100
AcDbEntity
  8
guideline
 62
    18
420
        0
370
     0
100
AcDbPolyline
 90
        4
 70
     1
 43
0.0
 10
55.67042789509709
 20
29.0257249976521
 10
55.52347349570293
 20
29.0257249976521
 10
55.52347349570293
 20
29.61354259522875
 10
55.67042789509709
 20
29.61354259522875
  0
LWPOLYLINE
  5
218
330
70
100
AcDbEntity
  8
guideline
 62
    18
420
        0
370
     0
100
AcDbPolyline
 90
        4
 70
     1
 43
0.0
 10
55.67042789509709
 20
27.85008980249878
 10
55.52347349570293
 20
27.85008980249878
 10
55.52347349570293
 20
28.43790740007543
 10
55.67042789509709
 20
28.43790740007543
  0
LWPOLYLINE
  5
219
330
70
100
AcDbEntity
  8
guideline
 62
    18
420
        0
370
     0
100
AcDbPolyline
 90
        4
 70
     1
 43
0.0
 10
55.67042789509709
 20
26.67445460734675
 10
55.52347349570293
 20
26.67445460734675
 10
55.52347349570293
 20
27.26227220492277
 10
55.67042789509709
 20
27.26227220492277
  0
LWPOLYLINE
  5
21A
330
70
100
AcDbEntity
  8
guideline
 62
    18
420
        0
370
     0
100
AcDbPolyline
 90
        4
 70
     1
 43
0.0
 10
55.67042789509709
 20
25.49881941219343
 10
55.52347349570293
 20
25.49881941219343
 10
55.52347349570293
 20
26.08663700977009
 10
55.67042789509709
 20
26.08663700977009
  0
LWPOLYLINE
  5
21B
330
70
100
AcDbEntity
  8
guideline
 62
    18
420
        0
370
     0
100
AcDbPolyline
 90
        4
 70
     1
 43
0.0
 10
55.67042789509709
 20
24.32318421704076
 10
55.52347349570293
 20
24.32318421704076
 10
55.52347349570293
 20
24.91100181461677
 10
55.67042789509709
 20
24.91100181461677
  0
LWPOLYLINE
  5
21C
330
70
100
AcDbEntity
  8
guideline
 62
    18
420
        0
370
     0
100
AcDbPolyline
 90
        4
 70
     1
 43
0.0
 10
55.67042789509709
 20
23.14754902188808
 10
55.52347349570293
 20
23.14754902188808
 10
55.52347349570293
 20
23.73536661946474
 10
55.67042789509709
 20
23.73536661946474
  0
LWPOLYLINE
  5
21D
330
70
100
AcDbEntity
  8
guideline
 62
    18
420
        0
370
     0
100
AcDbPolyline
 90
        4
 70
     1
 43
0.0
 10
55.67042789509709
 20
21.97191382673541
 10
55.52347349570293
 20
21.97191382673541
 10
55.52347349570293
 20
22.55973142431143
 10
55.67042789509709
 20
22.55973142431143
  0
LWPOLYLINE
  5
21E
330
70
100
AcDbEntity
  8
guideline
 62
    18
420
        0
370
     0
100
AcDbPolyline
 90
        4
 70
     1
 43
0.0
 10
55.67042789509709
 20
20.79627863158274
 10
55.52347349570293
 20
20.79627863158274
 10
55.52347349570293
 20
21.38409622915875
 10
55.67042789509709
 20
21.38409622915875
  0
LWPOLYLINE
  5
21F
330
70
100
AcDbEntity
  8
guideline
 62
    18
420
        0
370
     0
100
AcDbPolyline
 90
        4
 70
     1
 43
0.0
 10
55.67042789509709
 20
19.62064343642942
 10
55.52347349570293
 20
19.62064343642942
 10
55.52347349570293
 20
20.20846103400608
 10
55.67042789509709
 20
20.20846103400608
  0
LWPOLYLINE
  5
220
330
70
100
AcDbEntity
  8
guideline
 62
    18
420
        0
370
     0
100
AcDbPolyline
 90
        4
 70
     1
 43
0.0
 10
55.67042789509709
 20
18.44500824127674
 10
55.52347349570293
 20
18.44500824127674
 10
55.52347349570293
 20
19.0328258388534
 10
55.67042789509709
 20
19.0328258388534
  0
LWPOLYLINE
  5
221
330
70
100
AcDbEntity
  8
guideline
 62
    18
420
        0
370
     0
100
AcDbPolyline
 90
        4
 70
     1
 43
0.0
 10
55.67042789509709
 20
17.26937304612407
 10
55.52347349570293
 20
17.26937304612407
 10
55.52347349570293
 20
17.85719064370073
 10
55.67042789509709
 20
17.85719064370073
  0
LWPOLYLINE
  5
222
330
70
100
AcDbEntity
  8
guideline
 62
    18
420
        0
370
     0
100
AcDbPolyline
 90
        4
 70
     1
 43
0.0
 10
55.67042789509709
 20
16.0937378509714
 10
55.52347349570293
 20
16.0937378509714
 10
55.52347349570293
 20
16.68155544854742
 10
55.67042789509709
 20
16.68155544854742
  0
LWPOLYLINE
  5
223
330
70
100
AcDbEntity
  8
guideline
 62
    18
420
        0
370
     0
100
AcDbPolyline
 90
        4
 70
     1
 43
0.0
 10
55.67042789509709
 20
14.91810265581873
 10
55.52347349570293
 20
14.91810265581873
 10
55.52347349570293
 20
15.50592025339538
 10
55.67042789509709
 20
15.50592025339538
  0
LWPOLYLINE
  5
224
330
70
100
AcDbEntity
  8
guideline
 62
    18
420
        0
370
     0
100
AcDbPolyline
 90
        4
 70
     1
 43
0.0
 10
55.67042789509709
 20
13.74246746066541
 10
55.52347349570293
 20
13.74246746066541
 10
55.52347349570293
 20
14.33028505824207
 10
55.67042789509709
 20
14.33028505824207
  0
LWPOLYLINE
  5
225
330
70
100
AcDbEntity
  8
guideline
 62
    18
420
        0
370
     0
100
AcDbPolyline
 90
        4
 70
     1
 43
0.0
 10
55.67042789509709
 20
12.56683226551338
 10
55.52347349570293
 20
12.56683226551338
 10
55.52347349570293
 20
13.15464986308939
 10
55.67042789509709
 20
13.15464986308939
  0
LWPOLYLINE
  5
226
330
70
100
AcDbEntity
  8
guideline
 62
    18
420
        0
370
     0
100
AcDbPolyline
 90
        4
 70
     1
 43
0.0
 10
55.67042789509709
 20
11.39119707036006
 10
55.52347349570293
 20
11.39119707036006
 10
55.52347349570293
 20
11.97901466793672
 10
55.67042789509709
 20
11.97901466793672
  0
LWPOLYLINE
  5
227
330
70
100
AcDbEntity
  8
guideline
 62
    18
420
        0
370
     0
100
AcDbPolyline
 90
        4
 70
     1
 43
0.0
 10
55.67042789509709
 20
10.21556187520739
 10
55.52347349570293
 20
10.21556187520739
 10
55.52347349570293
 20
10.8033794727834
 10
55.67042789509709
 20
10.8033794727834
  0
LWPOLYLINE
  5
228
330
70
100
AcDbEntity
  8
guideline
 62
    18
420
        0
370
     0
100
AcDbPolyline
 90
        4
 70
     1
 43
0.0
 10
55.67042789509709
 20
9.039926680054716
 10
55.52347349570293
 20
9.039926680054716
 10
55.52347349570293
 20
9.627744277631373
 10
55.67042789509709
 20
9.627744277631373
  0
LWPOLYLINE
  5
229
330
70
100
AcDbEntity
  8
guideline
 62
    18
420
        0
370
     0
100
AcDbPolyline
 90
        4
 70
     1
 43
0.0
 10
55.67042789509709
 20
7.8642914849014
 10
55.52347349570293
 20
7.8642914849014
 10
55.52347349570293
 20
8.452109082478058
 10
55.67042789509709
 20
8.452109082478058
  0
LWPOLYLINE
  5
22A
330
70
100
AcDbEntity
  8
guideline
 62
    18
420
        0
370
     0
100
AcDbPolyline
 90
        4
 70
     1
 43
0.0
 10
55.67042789509709
 20
6.688656289748726
 10
55.52347349570293
 20
6.688656289748726
 10
55.52347349570293
 20
7.276473887325384
 10
55.67042789509709
 20
7.276473887325384
  0
SPLINE
  5
22B
330
70
100
AcDbEntity
  8
guideline
100
AcDbSpline
210
0.0
220
0.0
230
1.0
 70
    11
 71
     3
 72
    17
 73
    13
 74
     0
 42
0.0000000001
 43
0.0000000001
 40
0.0
 40
0.0
 40
0.0
 40
0.0
 40
1.0
 40
1.0
 40
1.0
 40
2.0
 40
2.0
 40
2.0
 40
3.0
 40
3.0
 40
3.0
 40
4.0
 40
4.0
 40
4.0
 40
4.0
 10
55.67042789509773
 20
6.688656289749368
 30
0.0
 10
55.67042789509773
 20
6.688656289749368
 30
0.0
 10
55.52347349570293
 20
6.688656289749368
 30
0.0
 10
55.52347349570293
 20
6.688656289749368
 30
0.0
 10
55.52347349570293
 20
6.688656289749368
 30
0.0
 10
55.52347349570293
 20
7.276473887324742
 30
0.0
 10
55.52347349570293
 20
7.276473887324742
 30
0.0
 10
55.52347349570293
 20
7.276473887324742
 30
0.0
 10
55.67042789509773
 20
7.276473887324742
 30
0.0
 10
55.67042789509773
 20
7.276473887324742
 30
0.0
 10
55.67042789509773
 20
7.276473887324742
 30
0.0
 10
55.67042789509773
 20
6.688656289749368
 30
0.0
 10
55.67042789509773
 20
6.688656289749368
 30
0.0
  0
SPLINE
  5
22C
330
70
100
AcDbEntity
  8
guideline
100
AcDbSpline
210
0.0
220
0.0
230
1.0
 70
    11
 71
     3
 72
    17
 73
    13
 74
     0
 42
0.0000000001
 43
0.0000000001
 40
0.0
 40
0.0
 40
0.0
 40
0.0
 40
1.0
 40
1.0
 40
1.0
 40
2.0
 40
2.0
 40
2.0
 40
3.0
 40
3.0
 40
3.0
 40
4.0
 40
4.0
 40
4.0
 40
4.0
 10
55.67042789509773
 20
7.864291484900758
 30
0.0
 10
55.67042789509773
 20
7.864291484900758
 30
0.0
 10
55.52347349570293
 20
7.864291484900758
 30
0.0
 10
55.52347349570293
 20
7.864291484900758
 30
0.0
 10
55.52347349570293
 20
7.864291484900758
 30
0.0
 10
55.52347349570293
 20
8.452109082478699
 30
0.0
 10
55.52347349570293
 20
8.452109082478699
 30
0.0
 10
55.52347349570293
 20
8.452109082478699
 30
0.0
 10
55.67042789509773
 20
8.452109082478699
 30
0.0
 10
55.67042789509773
 20
8.452109082478699
 30
0.0
 10
55.67042789509773
 20
8.452109082478699
 30
0.0
 10
55.67042789509773
 20
7.864291484900758
 30
0.0
 10
55.67042789509773
 20
7.864291484900758
 30
0.0
  0
SPLINE
  5
22D
330
70
100
AcDbEntity
  8
guideline
100
AcDbSpline
210
0.0
220
0.0
230
1.0
 70
    11
 71
     3
 72
    17
 73
    13
 74
     0
 42
0.0000000001
 43
0.0000000001
 40
0.0
 40
0.0
 40
0.0
 40
0.0
 40
1.0
 40
1.0
 40
1.0
 40
2.0
 40
2.0
 40
2.0
 40
3.0
 40
3.0
 40
3.0
 40
4.0
 40
4.0
 40
4.0
 40
4.0
 10
55.67042789509773
 20
9.039926680054074
 30
0.0
 10
55.67042789509773
 20
9.039926680054074
 30
0.0
 10
55.52347349570293
 20
9.039926680054074
 30
0.0
 10
55.52347349570293
 20
9.039926680054074
 30
0.0
 10
55.52347349570293
 20
9.039926680054074
 30
0.0
 10
55.52347349570293
 20
9.627744277632015
 30
0.0
 10
55.52347349570293
 20
9.627744277632015
 30
0.0
 10
55.52347349570293
 20
9.627744277632015
 30
0.0
 10
55.67042789509773
 20
9.627744277632015
 30
0.0
 10
55.67042789509773
 20
9.627744277632015
 30
0.0
 10
55.67042789509773
 20
9.627744277632015
 30
0.0
 10
55.67042789509773
 20
9.039926680054074
 30
0.0
 10
55.67042789509773
 20
9.039926680054074
 30
0.0
  0
SPLINE
  5
22E
330
70
100
AcDbEntity
  8
guideline
100
AcDbSpline
210
0.0
220
0.0
230
1.0
 70
    11
 71
     3
 72
    17
 73
    13
 74
     0
 42
0.0000000001
 43
0.0000000001
 40
0.0
 40
0.0
 40
0.0
 40
0.0
 40
1.0
 40
1.0
 40
1.0
 40
2.0
 40
2.0
 40
2.0
 40
3.0
 40
3.0
 40
3.0
 40
4.0
 40
4.0
 40
4.0
 40
4.0
 10
55.67042789509773
 20
10.21556187520803
 30
0.0
 10
55.67042789509773
 20
10.21556187520803
 30
0.0
 10
55.52347349570293
 20
10.21556187520803
 30
0.0
 10
55.52347349570293
 20
10.21556187520803
 30
0.0
 10
55.52347349570293
 20
10.21556187520803
 30
0.0
 10
55.52347349570293
 20
10.8033794727834
 30
0.0
 10
55.52347349570293
 20
10.8033794727834
 30
0.0
 10
55.52347349570293
 20
10.8033794727834
 30
0.0
 10
55.67042789509773
 20
10.8033794727834
 30
0.0
 10
55.67042789509773
 20
10.8033794727834
 30
0.0
 10
55.67042789509773
 20
10.8033794727834
 30
0.0
 10
55.67042789509773
 20
10.21556187520803
 30
0.0
 10
55.67042789509773
 20
10.21556187520803
 30
0.0
  0
SPLINE
  5
22F
330
70
100
AcDbEntity
  8
guideline
100
AcDbSpline
210
0.0
220
0.0
230
1.0
 70
    11
 71
     3
 72
    17
 73
    13
 74
     0
 42
0.0000000001
 43
0.0000000001
 40
0.0
 40
0.0
 40
0.0
 40
0.0
 40
1.0
 40
1.0
 40
1.0
 40
2.0
 40
2.0
 40
2.0
 40
3.0
 40
3.0
 40
3.0
 40
4.0
 40
4.0
 40
4.0
 40
4.0
 10
55.67042789509773
 20
11.39119707035942
 30
0.0
 10
55.67042789509773
 20
11.39119707035942
 30
0.0
 10
55.52347349570293
 20
11.39119707035942
 30
0.0
 10
55.52347349570293
 20
11.39119707035942
 30
0.0
 10
55.52347349570293
 20
11.39119707035942
 30
0.0
 10
55.52347349570293
 20
11.97901466793736
 30
0.0
 10
55.52347349570293
 20
11.97901466793736
 30
0.0
 10
55.52347349570293
 20
11.97901466793736
 30
0.0
 10
55.67042789509773
 20
11.97901466793736
 30
0.0
 10
55.67042789509773
 20
11.97901466793736
 30
0.0
 10
55.67042789509773
 20
11.97901466793736
 30
0.0
 10
55.67042789509773
 20
11.39119707035942
 30
0.0
 10
55.67042789509773
 20
11.39119707035942
 30
0.0
  0
SPLINE
  5
230
330
70
100
AcDbEntity
  8
guideline
100
AcDbSpline
210
0.0
220
0.0
230
1.0
 70
    11
 71
     3
 72
    17
 73
    13
 74
     0
 42
0.0000000001
 43
0.0000000001
 40
0.0
 40
0.0
 40
0.0
 40
0.0
 40
1.0
 40
1.0
 40
1.0
 40
2.0
 40
2.0
 40
2.0
 40
3.0
 40
3.0
 40
3.0
 40
4.0
 40
4.0
 40
4.0
 40
4.0
 10
55.67042789509773
 20
12.56683226551273
 30
0.0
 10
55.67042789509773
 20
12.56683226551273
 30
0.0
 10
55.52347349570293
 20
12.56683226551273
 30
0.0
 10
55.52347349570293
 20
12.56683226551273
 30
0.0
 10
55.52347349570293
 20
12.56683226551273
 30
0.0
 10
55.52347349570293
 20
13.15464986308875
 30
0.0
 10
55.52347349570293
 20
13.15464986308875
 30
0.0
 10
55.52347349570293
 20
13.15464986308875
 30
0.0
 10
55.67042789509773
 20
13.15464986308875
 30
0.0
 10
55.67042789509773
 20
13.15464986308875
 30
0.0
 10
55.67042789509773
 20
13.15464986308875
 30
0.0
 10
55.67042789509773
 20
12.56683226551273
 30
0.0
 10
55.67042789509773
 20
12.56683226551273
 30
0.0
  0
SPLINE
  5
231
330
70
100
AcDbEntity
  8
guideline
100
AcDbSpline
210
0.0
220
0.0
230
1.0
 70
    11
 71
     3
 72
    17
 73
    13
 74
     0
 42
0.0000000001
 43
0.0000000001
 40
0.0
 40
0.0
 40
0.0
 40
0.0
 40
1.0
 40
1.0
 40
1.0
 40
2.0
 40
2.0
 40
2.0
 40
3.0
 40
3.0
 40
3.0
 40
4.0
 40
4.0
 40
4.0
 40
4.0
 10
55.67042789509773
 20
13.74246746066477
 30
0.0
 10
55.67042789509773
 20
13.74246746066477
 30
0.0
 10
55.52347349570293
 20
13.74246746066477
 30
0.0
 10
55.52347349570293
 20
13.74246746066477
 30
0.0
 10
55.52347349570293
 20
13.74246746066477
 30
0.0
 10
55.52347349570293
 20
14.33028505824271
 30
0.0
 10
55.52347349570293
 20
14.33028505824271
 30
0.0
 10
55.52347349570293
 20
14.33028505824271
 30
0.0
 10
55.67042789509773
 20
14.33028505824271
 30
0.0
 10
55.67042789509773
 20
14.33028505824271
 30
0.0
 10
55.67042789509773
 20
14.33028505824271
 30
0.0
 10
55.67042789509773
 20
13.74246746066477
 30
0.0
 10
55.67042789509773
 20
13.74246746066477
 30
0.0
  0
SPLINE
  5
232
330
70
100
AcDbEntity
  8
guideline
100
AcDbSpline
210
0.0
220
0.0
230
1.0
 70
    11
 71
     3
 72
    17
 73
    13
 74
     0
 42
0.0000000001
 43
0.0000000001
 40
0.0
 40
0.0
 40
0.0
 40
0.0
 40
1.0
 40
1.0
 40
1.0
 40
2.0
 40
2.0
 40
2.0
 40
3.0
 40
3.0
 40
3.0
 40
4.0
 40
4.0
 40
4.0
 40
4.0
 10
55.67042789509773
 20
14.91810265581808
 30
0.0
 10
55.67042789509773
 20
14.91810265581808
 30
0.0
 10
55.52347349570293
 20
14.91810265581808
 30
0.0
 10
55.52347349570293
 20
14.91810265581808
 30
0.0
 10
55.52347349570293
 20
14.91810265581808
 30
0.0
 10
55.52347349570293
 20
15.50592025339602
 30
0.0
 10
55.52347349570293
 20
15.50592025339602
 30
0.0
 10
55.52347349570293
 20
15.50592025339602
 30
0.0
 10
55.67042789509773
 20
15.50592025339602
 30
0.0
 10
55.67042789509773
 20
15.50592025339602
 30
0.0
 10
55.67042789509773
 20
15.50592025339602
 30
0.0
 10
55.67042789509773
 20
14.91810265581808
 30
0.0
 10
55.67042789509773
 20
14.91810265581808
 30
0.0
  0
SPLINE
  5
233
330
70
100
AcDbEntity
  8
guideline
100
AcDbSpline
210
0.0
220
0.0
230
1.0
 70
    11
 71
     3
 72
    17
 73
    13
 74
     0
 42
0.0000000001
 43
0.0000000001
 40
0.0
 40
0.0
 40
0.0
 40
0.0
 40
1.0
 40
1.0
 40
1.0
 40
2.0
 40
2.0
 40
2.0
 40
3.0
 40
3.0
 40
3.0
 40
4.0
 40
4.0
 40
4.0
 40
4.0
 10
55.67042789509773
 20
16.09373785097204
 30
0.0
 10
55.67042789509773
 20
16.09373785097204
 30
0.0
 10
55.52347349570293
 20
16.09373785097204
 30
0.0
 10
55.52347349570293
 20
16.09373785097204
 30
0.0
 10
55.52347349570293
 20
16.09373785097204
 30
0.0
 10
55.52347349570293
 20
16.68155544854742
 30
0.0
 10
55.52347349570293
 20
16.68155544854742
 30
0.0
 10
55.52347349570293
 20
16.68155544854742
 30
0.0
 10
55.67042789509773
 20
16.68155544854742
 30
0.0
 10
55.67042789509773
 20
16.68155544854742
 30
0.0
 10
55.67042789509773
 20
16.68155544854742
 30
0.0
 10
55.67042789509773
 20
16.09373785097204
 30
0.0
 10
55.67042789509773
 20
16.09373785097204
 30
0.0
  0
SPLINE
  5
234
330
70
100
AcDbEntity
  8
guideline
100
AcDbSpline
210
0.0
220
0.0
230
1.0
 70
    11
 71
     3
 72
    17
 73
    13
 74
     0
 42
0.0000000001
 43
0.0000000001
 40
0.0
 40
0.0
 40
0.0
 40
0.0
 40
1.0
 40
1.0
 40
1.0
 40
2.0
 40
2.0
 40
2.0
 40
3.0
 40
3.0
 40
3.0
 40
4.0
 40
4.0
 40
4.0
 40
4.0
 10
55.67042789509773
 20
17.26937304612343
 30
0.0
 10
55.67042789509773
 20
17.26937304612343
 30
0.0
 10
55.52347349570293
 20
17.26937304612343
 30
0.0
 10
55.52347349570293
 20
17.26937304612343
 30
0.0
 10
55.52347349570293
 20
17.26937304612343
 30
0.0
 10
55.52347349570293
 20
17.85719064370137
 30
0.0
 10
55.52347349570293
 20
17.85719064370137
 30
0.0
 10
55.52347349570293
 20
17.85719064370137
 30
0.0
 10
55.67042789509773
 20
17.85719064370137
 30
0.0
 10
55.67042789509773
 20
17.85719064370137
 30
0.0
 10
55.67042789509773
 20
17.85719064370137
 30
0.0
 10
55.67042789509773
 20
17.26937304612343
 30
0.0
 10
55.67042789509773
 20
17.26937304612343
 30
0.0
  0
SPLINE
  5
235
330
70
100
AcDbEntity
  8
guideline
100
AcDbSpline
210
0.0
220
0.0
230
1.0
 70
    11
 71
     3
 72
    17
 73
    13
 74
     0
 42
0.0000000001
 43
0.0000000001
 40
0.0
 40
0.0
 40
0.0
 40
0.0
 40
1.0
 40
1.0
 40
1.0
 40
2.0
 40
2.0
 40
2.0
 40
3.0
 40
3.0
 40
3.0
 40
4.0
 40
4.0
 40
4.0
 40
4.0
 10
55.67042789509773
 20
18.44500824127674
 30
0.0
 10
55.67042789509773
 20
18.44500824127674
 30
0.0
 10
55.52347349570293
 20
18.44500824127674
 30
0.0
 10
55.52347349570293
 20
18.44500824127674
 30
0.0
 10
55.52347349570293
 20
18.44500824127674
 30
0.0
 10
55.52347349570293
 20
19.03282583885276
 30
0.0
 10
55.52347349570293
 20
19.03282583885276
 30
0.0
 10
55.52347349570293
 20
19.03282583885276
 30
0.0
 10
55.67042789509773
 20
19.03282583885276
 30
0.0
 10
55.67042789509773
 20
19.03282583885276
 30
0.0
 10
55.67042789509773
 20
19.03282583885276
 30
0.0
 10
55.67042789509773
 20
18.44500824127674
 30
0.0
 10
55.67042789509773
 20
18.44500824127674
 30
0.0
  0
SPLINE
  5
236
330
70
100
AcDbEntity
  8
guideline
100
AcDbSpline
210
0.0
220
0.0
230
1.0
 70
    11
 71
     3
 72
    17
 73
    13
 74
     0
 42
0.0000000001
 43
0.0000000001
 40
0.0
 40
0.0
 40
0.0
 40
0.0
 40
1.0
 40
1.0
 40
1.0
 40
2.0
 40
2.0
 40
2.0
 40
3.0
 40
3.0
 40
3.0
 40
4.0
 40
4.0
 40
4.0
 40
4.0
 10
55.67042789509773
 20
19.62064343642878
 30
0.0
 10
55.67042789509773
 20
19.62064343642878
 30
0.0
 10
55.52347349570293
 20
19.62064343642878
 30
0.0
 10
55.52347349570293
 20
19.62064343642878
 30
0.0
 10
55.52347349570293
 20
19.62064343642878
 30
0.0
 10
55.52347349570293
 20
20.20846103400608
 30
0.0
 10
55.52347349570293
 20
20.20846103400608
 30
0.0
 10
55.52347349570293
 20
20.20846103400608
 30
0.0
 10
55.67042789509773
 20
20.20846103400608
 30
0.0
 10
55.67042789509773
 20
20.20846103400608
 30
0.0
 10
55.67042789509773
 20
20.20846103400608
 30
0.0
 10
55.67042789509773
 20
19.62064343642878
 30
0.0
 10
55.67042789509773
 20
19.62064343642878
 30
0.0
  0
SPLINE
  5
237
330
70
100
AcDbEntity
  8
guideline
100
AcDbSpline
210
0.0
220
0.0
230
1.0
 70
    11
 71
     3
 72
    17
 73
    13
 74
     0
 42
0.0000000001
 43
0.0000000001
 40
0.0
 40
0.0
 40
0.0
 40
0.0
 40
1.0
 40
1.0
 40
1.0
 40
2.0
 40
2.0
 40
2.0
 40
3.0
 40
3.0
 40
3.0
 40
4.0
 40
4.0
 40
4.0
 40
4.0
 10
55.67042789509773
 20
20.7962786315821
 30
0.0
 10
55.67042789509773
 20
20.7962786315821
 30
0.0
 10
55.52347349570293
 20
20.7962786315821
 30
0.0
 10
55.52347349570293
 20
20.7962786315821
 30
0.0
 10
55.52347349570293
 20
20.7962786315821
 30
0.0
 10
55.52347349570293
 20
21.38409622915811
 30
0.0
 10
55.52347349570293
 20
21.38409622915811
 30
0.0
 10
55.52347349570293
 20
21.38409622915811
 30
0.0
 10
55.67042789509773
 20
21.38409622915811
 30
0.0
 10
55.67042789509773
 20
21.38409622915811
 30
0.0
 10
55.67042789509773
 20
21.38409622915811
 30
0.0
 10
55.67042789509773
 20
20.7962786315821
 30
0.0
 10
55.67042789509773
 20
20.7962786315821
 30
0.0
  0
SPLINE
  5
238
330
70
100
AcDbEntity
  8
guideline
100
AcDbSpline
210
0.0
220
0.0
230
1.0
 70
    11
 71
     3
 72
    17
 73
    13
 74
     0
 42
0.0000000001
 43
0.0000000001
 40
0.0
 40
0.0
 40
0.0
 40
0.0
 40
1.0
 40
1.0
 40
1.0
 40
2.0
 40
2.0
 40
2.0
 40
3.0
 40
3.0
 40
3.0
 40
4.0
 40
4.0
 40
4.0
 40
4.0
 10
55.67042789509773
 20
21.97191382673541
 30
0.0
 10
55.67042789509773
 20
21.97191382673541
 30
0.0
 10
55.52347349570293
 20
21.97191382673541
 30
0.0
 10
55.52347349570293
 20
21.97191382673541
 30
0.0
 10
55.52347349570293
 20
21.97191382673541
 30
0.0
 10
55.52347349570293
 20
22.55973142431143
 30
0.0
 10
55.52347349570293
 20
22.55973142431143
 30
0.0
 10
55.52347349570293
 20
22.55973142431143
 30
0.0
 10
55.67042789509773
 20
22.55973142431143
 30
0.0
 10
55.67042789509773
 20
22.55973142431143
 30
0.0
 10
55.67042789509773
 20
22.55973142431143
 30
0.0
 10
55.67042789509773
 20
21.97191382673541
 30
0.0
 10
55.67042789509773
 20
21.97191382673541
 30
0.0
  0
SPLINE
  5
239
330
70
100
AcDbEntity
  8
guideline
100
AcDbSpline
210
0.0
220
0.0
230
1.0
 70
    11
 71
     3
 72
    17
 73
    13
 74
     0
 42
0.0000000001
 43
0.0000000001
 40
0.0
 40
0.0
 40
0.0
 40
0.0
 40
1.0
 40
1.0
 40
1.0
 40
2.0
 40
2.0
 40
2.0
 40
3.0
 40
3.0
 40
3.0
 40
4.0
 40
4.0
 40
4.0
 40
4.0
 10
55.67042789509773
 20
23.14754902188744
 30
0.0
 10
55.67042789509773
 20
23.14754902188744
 30
0.0
 10
55.52347349570293
 20
23.14754902188744
 30
0.0
 10
55.52347349570293
 20
23.14754902188744
 30
0.0
 10
55.52347349570293
 20
23.14754902188744
 30
0.0
 10
55.52347349570293
 20
23.73536661946539
 30
0.0
 10
55.52347349570293
 20
23.73536661946539
 30
0.0
 10
55.52347349570293
 20
23.73536661946539
 30
0.0
 10
55.67042789509773
 20
23.73536661946539
 30
0.0
 10
55.67042789509773
 20
23.73536661946539
 30
0.0
 10
55.67042789509773
 20
23.73536661946539
 30
0.0
 10
55.67042789509773
 20
23.14754902188744
 30
0.0
 10
55.67042789509773
 20
23.14754902188744
 30
0.0
  0
SPLINE
  5
23A
330
70
100
AcDbEntity
  8
guideline
100
AcDbSpline
210
0.0
220
0.0
230
1.0
 70
    11
 71
     3
 72
    17
 73
    13
 74
     0
 42
0.0000000001
 43
0.0000000001
 40
0.0
 40
0.0
 40
0.0
 40
0.0
 40
1.0
 40
1.0
 40
1.0
 40
2.0
 40
2.0
 40
2.0
 40
3.0
 40
3.0
 40
3.0
 40
4.0
 40
4.0
 40
4.0
 40
4.0
 10
55.67042789509773
 20
24.32318421704076
 30
0.0
 10
55.67042789509773
 20
24.32318421704076
 30
0.0
 10
55.52347349570293
 20
24.32318421704076
 30
0.0
 10
55.52347349570293
 20
24.32318421704076
 30
0.0
 10
55.52347349570293
 20
24.32318421704076
 30
0.0
 10
55.52347349570293
 20
24.91100181461677
 30
0.0
 10
55.52347349570293
 20
24.91100181461677
 30
0.0
 10
55.52347349570293
 20
24.91100181461677
 30
0.0
 10
55.67042789509773
 20
24.91100181461677
 30
0.0
 10
55.67042789509773
 20
24.91100181461677
 30
0.0
 10
55.67042789509773
 20
24.91100181461677
 30
0.0
 10
55.67042789509773
 20
24.32318421704076
 30
0.0
 10
55.67042789509773
 20
24.32318421704076
 30
0.0
  0
SPLINE
  5
23B
330
70
100
AcDbEntity
  8
guideline
100
AcDbSpline
210
0.0
220
0.0
230
1.0
 70
    11
 71
     3
 72
    17
 73
    13
 74
     0
 42
0.0000000001
 43
0.0000000001
 40
0.0
 40
0.0
 40
0.0
 40
0.0
 40
1.0
 40
1.0
 40
1.0
 40
2.0
 40
2.0
 40
2.0
 40
3.0
 40
3.0
 40
3.0
 40
4.0
 40
4.0
 40
4.0
 40
4.0
 10
55.67042789509773
 20
25.49881941219279
 30
0.0
 10
55.67042789509773
 20
25.49881941219279
 30
0.0
 10
55.52347349570293
 20
25.49881941219279
 30
0.0
 10
55.52347349570293
 20
25.49881941219279
 30
0.0
 10
55.52347349570293
 20
25.49881941219279
 30
0.0
 10
55.52347349570293
 20
26.08663700977041
 30
0.0
 10
55.52347349570293
 20
26.08663700977041
 30
0.0
 10
55.52347349570293
 20
26.08663700977041
 30
0.0
 10
55.67042789509773
 20
26.08663700977041
 30
0.0
 10
55.67042789509773
 20
26.08663700977041
 30
0.0
 10
55.67042789509773
 20
26.08663700977041
 30
0.0
 10
55.67042789509773
 20
25.49881941219279
 30
0.0
 10
55.67042789509773
 20
25.49881941219279
 30
0.0
  0
SPLINE
  5
23C
330
70
100
AcDbEntity
  8
guideline
100
AcDbSpline
210
0.0
220
0.0
230
1.0
 70
    11
 71
     3
 72
    17
 73
    13
 74
     0
 42
0.0000000001
 43
0.0000000001
 40
0.0
 40
0.0
 40
0.0
 40
0.0
 40
1.0
 40
1.0
 40
1.0
 40
2.0
 40
2.0
 40
2.0
 40
3.0
 40
3.0
 40
3.0
 40
4.0
 40
4.0
 40
4.0
 40
4.0
 10
55.67042789509773
 20
26.6744546073461
 30
0.0
 10
55.67042789509773
 20
26.6744546073461
 30
0.0
 10
55.52347349570293
 20
26.6744546073461
 30
0.0
 10
55.52347349570293
 20
26.6744546073461
 30
0.0
 10
55.52347349570293
 20
26.6744546073461
 30
0.0
 10
55.52347349570293
 20
27.26227220492212
 30
0.0
 10
55.52347349570293
 20
27.26227220492212
 30
0.0
 10
55.52347349570293
 20
27.26227220492212
 30
0.0
 10
55.67042789509773
 20
27.26227220492212
 30
0.0
 10
55.67042789509773
 20
27.26227220492212
 30
0.0
 10
55.67042789509773
 20
27.26227220492212
 30
0.0
 10
55.67042789509773
 20
26.6744546073461
 30
0.0
 10
55.67042789509773
 20
26.6744546073461
 30
0.0
  0
SPLINE
  5
23D
330
70
100
AcDbEntity
  8
guideline
100
AcDbSpline
210
0.0
220
0.0
230
1.0
 70
    11
 71
     3
 72
    17
 73
    13
 74
     0
 42
0.0000000001
 43
0.0000000001
 40
0.0
 40
0.0
 40
0.0
 40
0.0
 40
1.0
 40
1.0
 40
1.0
 40
2.0
 40
2.0
 40
2.0
 40
3.0
 40
3.0
 40
3.0
 40
4.0
 40
4.0
 40
4.0
 40
4.0
 10
55.67042789509773
 20
27.85008980249782
 30
0.0
 10
55.67042789509773
 20
27.85008980249782
 30
0.0
 10
55.52347349570293
 20
27.85008980249782
 30
0.0
 10
55.52347349570293
 20
27.85008980249782
 30
0.0
 10
55.52347349570293
 20
27.85008980249782
 30
0.0
 10
55.52347349570293
 20
28.43790740007543
 30
0.0
 10
55.52347349570293
 20
28.43790740007543
 30
0.0
 10
55.52347349570293
 20
28.43790740007543
 30
0.0
 10
55.67042789509773
 20
28.43790740007543
 30
0.0
 10
55.67042789509773
 20
28.43790740007543
 30
0.0
 10
55.67042789509773
 20
28.43790740007543
 30
0.0
 10
55.67042789509773
 20
27.85008980249782
 30
0.0
 10
55.67042789509773
 20
27.85008980249782
 30
0.0
  0
SPLINE
  5
23E
330
70
100
AcDbEntity
  8
guideline
100
AcDbSpline
210
0.0
220
0.0
230
1.0
 70
    11
 71
     3
 72
    17
 73
    13
 74
     0
 42
0.0000000001
 43
0.0000000001
 40
0.0
 40
0.0
 40
0.0
 40
0.0
 40
1.0
 40
1.0
 40
1.0
 40
2.0
 40
2.0
 40
2.0
 40
3.0
 40
3.0
 40
3.0
 40
4.0
 40
4.0
 40
4.0
 40
4.0
 10
55.67042789509773
 20
29.02572499765145
 30
0.0
 10
55.67042789509773
 20
29.02572499765145
 30
0.0
 10
55.52347349570293
 20
29.02572499765145
 30
0.0
 10
55.52347349570293
 20
29.02572499765145
 30
0.0
 10
55.52347349570293
 20
29.02572499765145
 30
0.0
 10
55.52347349570293
 20
29.61354259522908
 30
0.0
 10
55.52347349570293
 20
29.61354259522908
 30
0.0
 10
55.52347349570293
 20
29.61354259522908
 30
0.0
 10
55.67042789509773
 20
29.61354259522908
 30
0.0
 10
55.67042789509773
 20
29.61354259522908
 30
0.0
 10
55.67042789509773
 20
29.61354259522908
 30
0.0
 10
55.67042789509773
 20
29.02572499765145
 30
0.0
 10
55.67042789509773
 20
29.02572499765145
 30
0.0
  0
SPLINE
  5
23F
330
70
100
AcDbEntity
  8
guideline
100
AcDbSpline
210
0.0
220
0.0
230
1.0
 70
    11
 71
     3
 72
    17
 73
    13
 74
     0
 42
0.0000000001
 43
0.0000000001
 40
0.0
 40
0.0
 40
0.0
 40
0.0
 40
1.0
 40
1.0
 40
1.0
 40
2.0
 40
2.0
 40
2.0
 40
3.0
 40
3.0
 40
3.0
 40
4.0
 40
4.0
 40
4.0
 40
4.0
 10
55.67042789509773
 20
30.20136019280477
 30
0.0
 10
55.67042789509773
 20
30.20136019280477
 30
0.0
 10
55.52347349570293
 20
30.20136019280477
 30
0.0
 10
55.52347349570293
 20
30.20136019280477
 30
0.0
 10
55.52347349570293
 20
30.20136019280477
 30
0.0
 10
55.52347349570293
 20
30.78917779038079
 30
0.0
 10
55.52347349570293
 20
30.78917779038079
 30
0.0
 10
55.52347349570293
 20
30.78917779038079
 30
0.0
 10
55.67042789509773
 20
30.78917779038079
 30
0.0
 10
55.67042789509773
 20
30.78917779038079
 30
0.0
 10
55.67042789509773
 20
30.78917779038079
 30
0.0
 10
55.67042789509773
 20
30.20136019280477
 30
0.0
 10
55.67042789509773
 20
30.20136019280477
 30
0.0
  0
SPLINE
  5
240
330
70
100
AcDbEntity
  8
guideline
100
AcDbSpline
210
0.0
220
0.0
230
1.0
 70
    11
 71
     3
 72
    17
 73
    13
 74
     0
 42
0.0000000001
 43
0.0000000001
 40
0.0
 40
0.0
 40
0.0
 40
0.0
 40
1.0
 40
1.0
 40
1.0
 40
2.0
 40
2.0
 40
2.0
 40
3.0
 40
3.0
 40
3.0
 40
4.0
 40
4.0
 40
4.0
 40
4.0
 10
55.67042789509773
 20
31.37699538795648
 30
0.0
 10
55.67042789509773
 20
31.37699538795648
 30
0.0
 10
55.52347349570293
 20
31.37699538795648
 30
0.0
 10
55.52347349570293
 20
31.37699538795648
 30
0.0
 10
55.52347349570293
 20
31.37699538795648
 30
0.0
 10
55.52347349570293
 20
31.96481298553442
 30
0.0
 10
55.52347349570293
 20
31.96481298553442
 30
0.0
 10
55.52347349570293
 20
31.96481298553442
 30
0.0
 10
55.67042789509773
 20
31.96481298553442
 30
0.0
 10
55.67042789509773
 20
31.96481298553442
 30
0.0
 10
55.67042789509773
 20
31.96481298553442
 30
0.0
 10
55.67042789509773
 20
31.37699538795648
 30
0.0
 10
55.67042789509773
 20
31.37699538795648
 30
0.0
  0
SPLINE
  5
241
330
70
100
AcDbEntity
  8
guideline
100
AcDbSpline
210
0.0
220
0.0
230
1.0
 70
    11
 71
     3
 72
    17
 73
    13
 74
     0
 42
0.0000000001
 43
0.0000000001
 40
0.0
 40
0.0
 40
0.0
 40
0.0
 40
1.0
 40
1.0
 40
1.0
 40
2.0
 40
2.0
 40
2.0
 40
3.0
 40
3.0
 40
3.0
 40
4.0
 40
4.0
 40
4.0
 40
4.0
 10
55.67042789509773
 20
32.55263058311012
 30
0.0
 10
55.67042789509773
 20
32.55263058311012
 30
0.0
 10
55.52347349570293
 20
32.55263058311012
 30
0.0
 10
55.52347349570293
 20
32.55263058311012
 30
0.0
 10
55.52347349570293
 20
32.55263058311012
 30
0.0
 10
55.52347349570293
 20
33.14044818068613
 30
0.0
 10
55.52347349570293
 20
33.14044818068613
 30
0.0
 10
55.52347349570293
 20
33.14044818068613
 30
0.0
 10
55.67042789509773
 20
33.14044818068613
 30
0.0
 10
55.67042789509773
 20
33.14044818068613
 30
0.0
 10
55.67042789509773
 20
33.14044818068613
 30
0.0
 10
55.67042789509773
 20
32.55263058311012
 30
0.0
 10
55.67042789509773
 20
32.55263058311012
 30
0.0
  0
SPLINE
  5
242
330
70
100
AcDbEntity
  8
guideline
100
AcDbSpline
210
0.0
220
0.0
230
1.0
 70
    11
 71
     3
 72
    17
 73
    13
 74
     0
 42
0.0000000001
 43
0.0000000001
 40
0.0
 40
0.0
 40
0.0
 40
0.0
 40
1.0
 40
1.0
 40
1.0
 40
2.0
 40
2.0
 40
2.0
 40
3.0
 40
3.0
 40
3.0
 40
4.0
 40
4.0
 40
4.0
 40
4.0
 10
55.67042789509773
 20
33.72826577826375
 30
0.0
 10
55.67042789509773
 20
33.72826577826375
 30
0.0
 10
55.52347349570293
 20
33.72826577826375
 30
0.0
 10
55.52347349570293
 20
33.72826577826375
 30
0.0
 10
55.52347349570293
 20
33.72826577826375
 30
0.0
 10
55.52347349570293
 20
34.31608337583945
 30
0.0
 10
55.52347349570293
 20
34.31608337583945
 30
0.0
 10
55.52347349570293
 20
34.31608337583945
 30
0.0
 10
55.67042789509773
 20
34.31608337583945
 30
0.0
 10
55.67042789509773
 20
34.31608337583945
 30
0.0
 10
55.67042789509773
 20
34.31608337583945
 30
0.0
 10
55.67042789509773
 20
33.72826577826375
 30
0.0
 10
55.67042789509773
 20
33.72826577826375
 30
0.0
  0
SPLINE
  5
243
330
70
100
AcDbEntity
  8
guideline
100
AcDbSpline
210
0.0
220
0.0
230
1.0
 70
    11
 71
     3
 72
    17
 73
    13
 74
     0
 42
0.0000000001
 43
0.0000000001
 40
0.0
 40
0.0
 40
0.0
 40
0.0
 40
1.0
 40
1.0
 40
1.0
 40
2.0
 40
2.0
 40
2.0
 40
3.0
 40
3.0
 40
3.0
 40
4.0
 40
4.0
 40
4.0
 40
4.0
 10
55.67042789509773
 20
34.90390097341546
 30
0.0
 10
55.67042789509773
 20
34.90390097341546
 30
0.0
 10
55.52347349570293
 20
34.90390097341546
 30
0.0
 10
55.52347349570293
 20
34.90390097341546
 30
0.0
 10
55.52347349570293
 20
34.90390097341546
 30
0.0
 10
55.52347349570293
 20
35.49171857099309
 30
0.0
 10
55.52347349570293
 20
35.49171857099309
 30
0.0
 10
55.52347349570293
 20
35.49171857099309
 30
0.0
 10
55.67042789509773
 20
35.49171857099309
 30
0.0
 10
55.67042789509773
 20
35.49171857099309
 30
0.0
 10
55.67042789509773
 20
35.49171857099309
 30
0.0
 10
55.67042789509773
 20
34.90390097341546
 30
0.0
 10
55.67042789509773
 20
34.90390097341546
 30
0.0
  0
SPLINE
  5
244
330
70
100
AcDbEntity
  8
guideline
100
AcDbSpline
210
0.0
220
0.0
230
1.0
 70
    11
 71
     3
 72
    17
 73
    13
 74
     0
 42
0.0000000001
 43
0.0000000001
 40
0.0
 40
0.0
 40
0.0
 40
0.0
 40
1.0
 40
1.0
 40
1.0
 40
2.0
 40
2.0
 40
2.0
 40
3.0
 40
3.0
 40
3.0
 40
4.0
 40
4.0
 40
4.0
 40
4.0
 10
55.67042789509773
 20
36.07953616856878
 30
0.0
 10
55.67042789509773
 20
36.07953616856878
 30
0.0
 10
55.52347349570293
 20
36.07953616856878
 30
0.0
 10
55.52347349570293
 20
36.07953616856878
 30
0.0
 10
55.52347349570293
 20
36.07953616856878
 30
0.0
 10
55.52347349570293
 20
36.66735376614479
 30
0.0
 10
55.52347349570293
 20
36.66735376614479
 30
0.0
 10
55.52347349570293
 20
36.66735376614479
 30
0.0
 10
55.67042789509773
 20
36.66735376614479
 30
0.0
 10
55.67042789509773
 20
36.66735376614479
 30
0.0
 10
55.67042789509773
 20
36.66735376614479
 30
0.0
 10
55.67042789509773
 20
36.07953616856878
 30
0.0
 10
55.67042789509773
 20
36.07953616856878
 30
0.0
  0
SPLINE
  5
245
330
70
100
AcDbEntity
  8
guideline
100
AcDbSpline
210
0.0
220
0.0
230
1.0
 70
    11
 71
     3
 72
    17
 73
    13
 74
     0
 42
0.0000000001
 43
0.0000000001
 40
0.0
 40
0.0
 40
0.0
 40
0.0
 40
1.0
 40
1.0
 40
1.0
 40
2.0
 40
2.0
 40
2.0
 40
3.0
 40
3.0
 40
3.0
 40
4.0
 40
4.0
 40
4.0
 40
4.0
 10
55.67042789509773
 20
37.25517136372049
 30
0.0
 10
55.67042789509773
 20
37.25517136372049
 30
0.0
 10
55.52347349570293
 20
37.25517136372049
 30
0.0
 10
55.52347349570293
 20
37.25517136372049
 30
0.0
 10
55.52347349570293
 20
37.25517136372049
 30
0.0
 10
55.52347349570293
 20
37.84298896129811
 30
0.0
 10
55.52347349570293
 20
37.84298896129811
 30
0.0
 10
55.52347349570293
 20
37.84298896129811
 30
0.0
 10
55.67042789509773
 20
37.84298896129811
 30
0.0
 10
55.67042789509773
 20
37.84298896129811
 30
0.0
 10
55.67042789509773
 20
37.84298896129811
 30
0.0
 10
55.67042789509773
 20
37.25517136372049
 30
0.0
 10
55.67042789509773
 20
37.25517136372049
 30
0.0
  0
SPLINE
  5
246
330
70
100
AcDbEntity
  8
guideline
100
AcDbSpline
210
0.0
220
0.0
230
1.0
 70
    11
 71
     3
 72
    17
 73
    13
 74
     0
 42
0.0000000001
 43
0.0000000001
 40
0.0
 40
0.0
 40
0.0
 40
0.0
 40
1.0
 40
1.0
 40
1.0
 40
2.0
 40
2.0
 40
2.0
 40
3.0
 40
3.0
 40
3.0
 40
4.0
 40
4.0
 40
4.0
 40
4.0
 10
55.67042789509773
 20
38.43080655887412
 30
0.0
 10
55.67042789509773
 20
38.43080655887412
 30
0.0
 10
55.52347349570293
 20
38.43080655887412
 30
0.0
 10
55.52347349570293
 20
38.43080655887412
 30
0.0
 10
55.52347349570293
 20
38.43080655887412
 30
0.0
 10
55.52347349570293
 20
39.01862415644982
 30
0.0
 10
55.52347349570293
 20
39.01862415644982
 30
0.0
 10
55.52347349570293
 20
39.01862415644982
 30
0.0
 10
55.67042789509773
 20
39.01862415644982
 30
0.0
 10
55.67042789509773
 20
39.01862415644982
 30
0.0
 10
55.67042789509773
 20
39.01862415644982
 30
0.0
 10
55.67042789509773
 20
38.43080655887412
 30
0.0
 10
55.67042789509773
 20
38.43080655887412
 30
0.0
  0
SPLINE
  5
247
330
70
100
AcDbEntity
  8
guideline
100
AcDbSpline
210
0.0
220
0.0
230
1.0
 70
    11
 71
     3
 72
    17
 73
    13
 74
     0
 42
0.0000000001
 43
0.0000000001
 40
0.0
 40
0.0
 40
0.0
 40
0.0
 40
1.0
 40
1.0
 40
1.0
 40
2.0
 40
2.0
 40
2.0
 40
3.0
 40
3.0
 40
3.0
 40
4.0
 40
4.0
 40
4.0
 40
4.0
 10
55.67042789509773
 20
39.60644175402745
 30
0.0
 10
55.67042789509773
 20
39.60644175402745
 30
0.0
 10
55.52347349570293
 20
39.60644175402745
 30
0.0
 10
55.52347349570293
 20
39.60644175402745
 30
0.0
 10
55.52347349570293
 20
39.60644175402745
 30
0.0
 10
55.52347349570293
 20
40.19425935160345
 30
0.0
 10
55.52347349570293
 20
40.19425935160345
 30
0.0
 10
55.52347349570293
 20
40.19425935160345
 30
0.0
 10
55.67042789509773
 20
40.19425935160345
 30
0.0
 10
55.67042789509773
 20
40.19425935160345
 30
0.0
 10
55.67042789509773
 20
40.19425935160345
 30
0.0
 10
55.67042789509773
 20
39.60644175402745
 30
0.0
 10
55.67042789509773
 20
39.60644175402745
 30
0.0
  0
SPLINE
  5
248
330
70
100
AcDbEntity
  8
guideline
100
AcDbSpline
210
0.0
220
0.0
230
1.0
 70
    11
 71
     3
 72
    17
 73
    13
 74
     0
 42
0.0000000001
 43
0.0000000001
 40
0.0
 40
0.0
 40
0.0
 40
0.0
 40
1.0
 40
1.0
 40
1.0
 40
2.0
 40
2.0
 40
2.0
 40
3.0
 40
3.0
 40
3.0
 40
4.0
 40
4.0
 40
4.0
 40
4.0
 10
55.67042789509773
 20
40.78207694917915
 30
0.0
 10
55.67042789509773
 20
40.78207694917915
 30
0.0
 10
55.52347349570293
 20
40.78207694917915
 30
0.0
 10
55.52347349570293
 20
40.78207694917915
 30
0.0
 10
55.52347349570293
 20
40.78207694917915
 30
0.0
 10
55.52347349570293
 20
41.36989454675709
 30
0.0
 10
55.52347349570293
 20
41.36989454675709
 30
0.0
 10
55.52347349570293
 20
41.36989454675709
 30
0.0
 10
55.67042789509773
 20
41.36989454675709
 30
0.0
 10
55.67042789509773
 20
41.36989454675709
 30
0.0
 10
55.67042789509773
 20
41.36989454675709
 30
0.0
 10
55.67042789509773
 20
40.78207694917915
 30
0.0
 10
55.67042789509773
 20
40.78207694917915
 30
0.0
  0
SPLINE
  5
249
330
70
100
AcDbEntity
  8
guideline
100
AcDbSpline
210
0.0
220
0.0
230
1.0
 70
    11
 71
     3
 72
    17
 73
    13
 74
     0
 42
0.0000000001
 43
0.0000000001
 40
0.0
 40
0.0
 40
0.0
 40
0.0
 40
1.0
 40
1.0
 40
1.0
 40
2.0
 40
2.0
 40
2.0
 40
3.0
 40
3.0
 40
3.0
 40
4.0
 40
4.0
 40
4.0
 40
4.0
 10
55.67042789509773
 20
41.95771214433278
 30
0.0
 10
55.67042789509773
 20
41.95771214433278
 30
0.0
 10
55.52347349570293
 20
41.95771214433278
 30
0.0
 10
55.52347349570293
 20
41.95771214433278
 30
0.0
 10
55.52347349570293
 20
41.95771214433278
 30
0.0
 10
55.52347349570293
 20
42.5455297419088
 30
0.0
 10
55.52347349570293
 20
42.5455297419088
 30
0.0
 10
55.52347349570293
 20
42.5455297419088
 30
0.0
 10
55.67042789509773
 20
42.5455297419088
 30
0.0
 10
55.67042789509773
 20
42.5455297419088
 30
0.0
 10
55.67042789509773
 20
42.5455297419088
 30
0.0
 10
55.67042789509773
 20
41.95771214433278
 30
0.0
 10
55.67042789509773
 20
41.95771214433278
 30
0.0
  0
SPLINE
  5
24A
330
70
100
AcDbEntity
  8
guideline
100
AcDbSpline
210
0.0
220
0.0
230
1.0
 70
    11
 71
     3
 72
    17
 73
    13
 74
     0
 42
0.0000000001
 43
0.0000000001
 40
0.0
 40
0.0
 40
0.0
 40
0.0
 40
1.0
 40
1.0
 40
1.0
 40
2.0
 40
2.0
 40
2.0
 40
3.0
 40
3.0
 40
3.0
 40
4.0
 40
4.0
 40
4.0
 40
4.0
 10
55.67042789509773
 20
43.13334733948642
 30
0.0
 10
55.67042789509773
 20
43.13334733948642
 30
0.0
 10
55.52347349570293
 20
43.13334733948642
 30
0.0
 10
55.52347349570293
 20
43.13334733948642
 30
0.0
 10
55.52347349570293
 20
43.13334733948642
 30
0.0
 10
55.52347349570293
 20
43.59774620319547
 30
0.0
 10
55.52347349570293
 20
43.59774620319547
 30
0.0
 10
55.52347349570293
 20
43.59774620319547
 30
0.0
 10
55.67042789509773
 20
43.59774620319547
 30
0.0
 10
55.67042789509773
 20
43.59774620319547
 30
0.0
 10
55.67042789509773
 20
43.59774620319547
 30
0.0
 10
55.67042789509773
 20
43.13334733948642
 30
0.0
 10
55.67042789509773
 20
43.13334733948642
 30
0.0
  0
HATCH
  5
24B
330
70
100
AcDbEntity
  8
guideline
 62
   241
420
 16028843
440
 33554687
100
AcDbHatch
 10
0.0
 20
0.0
 30
0.0
210
0.0
220
0.0
230
1.0
  2
SOLID
 70
     1
 71
     1
 91
       32
 92
        1
 93
        1
 72
     4
 94
        3
 73
     0
 74
     0
 95
       17
 96
       13
 40
0.0
 40
0.0
 40
0.0
 40
0.0
 40
1.0
 40
1.0
 40
1.0
 40
2.0
 40
2.0
 40
2.0
 40
3.0
 40
3.0
 40
3.0
 40
4.0
 40
4.0
 40
4.0
 40
4.0
 10
55.67042789509773
 20
6.688656289749368
 10
55.67042789509773
 20
6.688656289749368
 10
55.52347349570293
 20
6.688656289749368
 10
55.52347349570293
 20
6.688656289749368
 10
55.52347349570293
 20
6.688656289749368
 10
55.52347349570293
 20
7.276473887324742
 10
55.52347349570293
 20
7.276473887324742
 10
55.52347349570293
 20
7.276473887324742
 10
55.67042789509773
 20
7.276473887324742
 10
55.67042789509773
 20
7.276473887324742
 10
55.67042789509773
 20
7.276473887324742
 10
55.67042789509773
 20
6.688656289749368
 10
55.67042789509773
 20
6.688656289749368
 97
        0
 97
        1
330
22B
 92
        1
 93
        2
 72
     4
 94
        3
 73
     0
 74
     0
 95
       17
 96
       13
 40
0.0
 40
0.0
 40
0.0
 40
0.0
 40
1.0
 40
1.0
 40
1.0
 40
2.0
 40
2.0
 40
2.0
 40
3.0
 40
3.0
 40
3.0
 40
4.0
 40
4.0
 40
4.0
 40
4.0
 10
55.67042789509773
 20
7.864291484900758
 10
55.67042789509773
 20
7.864291484900758
 10
55.52347349570293
 20
7.864291484900758
 10
55.52347349570293
 20
7.864291484900758
 10
55.52347349570293
 20
7.864291484900758
 10
55.52347349570293
 20
8.452109082478699
 10
55.52347349570293
 20
8.452109082478699
 10
55.52347349570293
 20
8.452109082478699
 10
55.67042789509773
 20
8.452109082478699
 10
55.67042789509773
 20
8.452109082478699
 10
55.67042789509773
 20
8.452109082478699
 10
55.67042789509773
 20
7.864291484900758
 10
55.67042789509773
 20
7.864291484900758
 97
        0
 72
     1
 10
55.67042789509773
 20
7.864291484900758
 11
55.67042789509773
 21
7.864291484900758
 97
        0
 92
        1
 93
        2
 72
     4
 94
        3
 73
     0
 74
     0
 95
       17
 96
       13
 40
0.0
 40
0.0
 40
0.0
 40
0.0
 40
1.0
 40
1.0
 40
1.0
 40
2.0
 40
2.0
 40
2.0
 40
3.0
 40
3.0
 40
3.0
 40
4.0
 40
4.0
 40
4.0
 40
4.0
 10
55.67042789509773
 20
9.039926680054074
 10
55.67042789509773
 20
9.039926680054074
 10
55.52347349570293
 20
9.039926680054074
 10
55.52347349570293
 20
9.039926680054074
 10
55.52347349570293
 20
9.039926680054074
 10
55.52347349570293
 20
9.627744277632015
 10
55.52347349570293
 20
9.627744277632015
 10
55.52347349570293
 20
9.627744277632015
 10
55.67042789509773
 20
9.627744277632015
 10
55.67042789509773
 20
9.627744277632015
 10
55.67042789509773
 20
9.627744277632015
 10
55.67042789509773
 20
9.039926680054074
 10
55.67042789509773
 20
9.039926680054074
 97
        0
 72
     1
 10
55.67042789509773
 20
9.039926680054074
 11
55.67042789509773
 21
9.039926680054074
 97
        0
 92
        1
 93
        2
 72
     4
 94
        3
 73
     0
 74
     0
 95
       17
 96
       13
 40
0.0
 40
0.0
 40
0.0
 40
0.0
 40
1.0
 40
1.0
 40
1.0
 40
2.0
 40
2.0
 40
2.0
 40
3.0
 40
3.0
 40
3.0
 40
4.0
 40
4.0
 40
4.0
 40
4.0
 10
55.67042789509773
 20
10.21556187520803
 10
55.67042789509773
 20
10.21556187520803
 10
55.52347349570293
 20
10.21556187520803
 10
55.52347349570293
 20
10.21556187520803
 10
55.52347349570293
 20
10.21556187520803
 10
55.52347349570293
 20
10.8033794727834
 10
55.52347349570293
 20
10.8033794727834
 10
55.52347349570293
 20
10.8033794727834
 10
55.67042789509773
 20
10.8033794727834
 10
55.67042789509773
 20
10.8033794727834
 10
55.67042789509773
 20
10.8033794727834
 10
55.67042789509773
 20
10.21556187520803
 10
55.67042789509773
 20
10.21556187520803
 97
        0
 72
     1
 10
55.67042789509773
 20
10.21556187520803
 11
55.67042789509773
 21
10.21556187520803
 97
        0
 92
        1
 93
        2
 72
     4
 94
        3
 73
     0
 74
     0
 95
       17
 96
       13
 40
0.0
 40
0.0
 40
0.0
 40
0.0
 40
1.0
 40
1.0
 40
1.0
 40
2.0
 40
2.0
 40
2.0
 40
3.0
 40
3.0
 40
3.0
 40
4.0
 40
4.0
 40
4.0
 40
4.0
 10
55.67042789509773
 20
11.39119707035942
 10
55.67042789509773
 20
11.39119707035942
 10
55.52347349570293
 20
11.39119707035942
 10
55.52347349570293
 20
11.39119707035942
 10
55.52347349570293
 20
11.39119707035942
 10
55.52347349570293
 20
11.97901466793736
 10
55.52347349570293
 20
11.97901466793736
 10
55.52347349570293
 20
11.97901466793736
 10
55.67042789509773
 20
11.97901466793736
 10
55.67042789509773
 20
11.97901466793736
 10
55.67042789509773
 20
11.97901466793736
 10
55.67042789509773
 20
11.39119707035942
 10
55.67042789509773
 20
11.39119707035942
 97
        0
 72
     1
 10
55.67042789509773
 20
11.39119707035942
 11
55.67042789509773
 21
11.39119707035942
 97
        0
 92
        1
 93
        2
 72
     4
 94
        3
 73
     0
 74
     0
 95
       17
 96
       13
 40
0.0
 40
0.0
 40
0.0
 40
0.0
 40
1.0
 40
1.0
 40
1.0
 40
2.0
 40
2.0
 40
2.0
 40
3.0
 40
3.0
 40
3.0
 40
4.0
 40
4.0
 40
4.0
 40
4.0
 10
55.67042789509773
 20
12.56683226551273
 10
55.67042789509773
 20
12.56683226551273
 10
55.52347349570293
 20
12.56683226551273
 10
55.52347349570293
 20
12.56683226551273
 10
55.52347349570293
 20
12.56683226551273
 10
55.52347349570293
 20
13.15464986308875
 10
55.52347349570293
 20
13.15464986308875
 10
55.52347349570293
 20
13.15464986308875
 10
55.67042789509773
 20
13.15464986308875
 10
55.67042789509773
 20
13.15464986308875
 10
55.67042789509773
 20
13.15464986308875
 10
55.67042789509773
 20
12.56683226551273
 10
55.67042789509773
 20
12.56683226551273
 97
        0
 72
     1
 10
55.67042789509773
 20
12.56683226551273
 11
55.67042789509773
 21
12.56683226551273
 97
        0
 92
        1
 93
        2
 72
     4
 94
        3
 73
     0
 74
     0
 95
       17
 96
       13
 40
0.0
 40
0.0
 40
0.0
 40
0.0
 40
1.0
 40
1.0
 40
1.0
 40
2.0
 40
2.0
 40
2.0
 40
3.0
 40
3.0
 40
3.0
 40
4.0
 40
4.0
 40
4.0
 40
4.0
 10
55.67042789509773
 20
13.74246746066477
 10
55.67042789509773
 20
13.74246746066477
 10
55.52347349570293
 20
13.74246746066477
 10
55.52347349570293
 20
13.74246746066477
 10
55.52347349570293
 20
13.74246746066477
 10
55.52347349570293
 20
14.33028505824271
 10
55.52347349570293
 20
14.33028505824271
 10
55.52347349570293
 20
14.33028505824271
 10
55.67042789509773
 20
14.33028505824271
 10
55.67042789509773
 20
14.33028505824271
 10
55.67042789509773
 20
14.33028505824271
 10
55.67042789509773
 20
13.74246746066477
 10
55.67042789509773
 20
13.74246746066477
 97
        0
 72
     1
 10
55.67042789509773
 20
13.74246746066477
 11
55.67042789509773
 21
13.74246746066477
 97
        0
 92
        1
 93
        2
 72
     4
 94
        3
 73
     0
 74
     0
 95
       17
 96
       13
 40
0.0
 40
0.0
 40
0.0
 40
0.0
 40
1.0
 40
1.0
 40
1.0
 40
2.0
 40
2.0
 40
2.0
 40
3.0
 40
3.0
 40
3.0
 40
4.0
 40
4.0
 40
4.0
 40
4.0
 10
55.67042789509773
 20
14.91810265581808
 10
55.67042789509773
 20
14.91810265581808
 10
55.52347349570293
 20
14.91810265581808
 10
55.52347349570293
 20
14.91810265581808
 10
55.52347349570293
 20
14.91810265581808
 10
55.52347349570293
 20
15.50592025339602
 10
55.52347349570293
 20
15.50592025339602
 10
55.52347349570293
 20
15.50592025339602
 10
55.67042789509773
 20
15.50592025339602
 10
55.67042789509773
 20
15.50592025339602
 10
55.67042789509773
 20
15.50592025339602
 10
55.67042789509773
 20
14.91810265581808
 10
55.67042789509773
 20
14.91810265581808
 97
        0
 72
     1
 10
55.67042789509773
 20
14.91810265581808
 11
55.67042789509773
 21
14.91810265581808
 97
        0
 92
        1
 93
        2
 72
     4
 94
        3
 73
     0
 74
     0
 95
       17
 96
       13
 40
0.0
 40
0.0
 40
0.0
 40
0.0
 40
1.0
 40
1.0
 40
1.0
 40
2.0
 40
2.0
 40
2.0
 40
3.0
 40
3.0
 40
3.0
 40
4.0
 40
4.0
 40
4.0
 40
4.0
 10
55.67042789509773
 20
16.09373785097204
 10
55.67042789509773
 20
16.09373785097204
 10
55.52347349570293
 20
16.09373785097204
 10
55.52347349570293
 20
16.09373785097204
 10
55.52347349570293
 20
16.09373785097204
 10
55.52347349570293
 20
16.68155544854742
 10
55.52347349570293
 20
16.68155544854742
 10
55.52347349570293
 20
16.68155544854742
 10
55.67042789509773
 20
16.68155544854742
 10
55.67042789509773
 20
16.68155544854742
 10
55.67042789509773
 20
16.68155544854742
 10
55.67042789509773
 20
16.09373785097204
 10
55.67042789509773
 20
16.09373785097204
 97
        0
 72
     1
 10
55.67042789509773
 20
16.09373785097204
 11
55.67042789509773
 21
16.09373785097204
 97
        0
 92
        1
 93
        2
 72
     4
 94
        3
 73
     0
 74
     0
 95
       17
 96
       13
 40
0.0
 40
0.0
 40
0.0
 40
0.0
 40
1.0
 40
1.0
 40
1.0
 40
2.0
 40
2.0
 40
2.0
 40
3.0
 40
3.0
 40
3.0
 40
4.0
 40
4.0
 40
4.0
 40
4.0
 10
55.67042789509773
 20
17.26937304612343
 10
55.67042789509773
 20
17.26937304612343
 10
55.52347349570293
 20
17.26937304612343
 10
55.52347349570293
 20
17.26937304612343
 10
55.52347349570293
 20
17.26937304612343
 10
55.52347349570293
 20
17.85719064370137
 10
55.52347349570293
 20
17.85719064370137
 10
55.52347349570293
 20
17.85719064370137
 10
55.67042789509773
 20
17.85719064370137
 10
55.67042789509773
 20
17.85719064370137
 10
55.67042789509773
 20
17.85719064370137
 10
55.67042789509773
 20
17.26937304612343
 10
55.67042789509773
 20
17.26937304612343
 97
        0
 72
     1
 10
55.67042789509773
 20
17.26937304612343
 11
55.67042789509773
 21
17.26937304612343
 97
        0
 92
        1
 93
        2
 72
     4
 94
        3
 73
     0
 74
     0
 95
       17
 96
       13
 40
0.0
 40
0.0
 40
0.0
 40
0.0
 40
1.0
 40
1.0
 40
1.0
 40
2.0
 40
2.0
 40
2.0
 40
3.0
 40
3.0
 40
3.0
 40
4.0
 40
4.0
 40
4.0
 40
4.0
 10
55.67042789509773
 20
18.44500824127674
 10
55.67042789509773
 20
18.44500824127674
 10
55.52347349570293
 20
18.44500824127674
 10
55.52347349570293
 20
18.44500824127674
 10
55.52347349570293
 20
18.44500824127674
 10
55.52347349570293
 20
19.03282583885276
 10
55.52347349570293
 20
19.03282583885276
 10
55.52347349570293
 20
19.03282583885276
 10
55.67042789509773
 20
19.03282583885276
 10
55.67042789509773
 20
19.03282583885276
 10
55.67042789509773
 20
19.03282583885276
 10
55.67042789509773
 20
18.44500824127674
 10
55.67042789509773
 20
18.44500824127674
 97
        0
 72
     1
 10
55.67042789509773
 20
18.44500824127674
 11
55.67042789509773
 21
18.44500824127674
 97
        0
 92
        1
 93
        2
 72
     4
 94
        3
 73
     0
 74
     0
 95
       17
 96
       13
 40
0.0
 40
0.0
 40
0.0
 40
0.0
 40
1.0
 40
1.0
 40
1.0
 40
2.0
 40
2.0
 40
2.0
 40
3.0
 40
3.0
 40
3.0
 40
4.0
 40
4.0
 40
4.0
 40
4.0
 10
55.67042789509773
 20
19.62064343642878
 10
55.67042789509773
 20
19.62064343642878
 10
55.52347349570293
 20
19.62064343642878
 10
55.52347349570293
 20
19.62064343642878
 10
55.52347349570293
 20
19.62064343642878
 10
55.52347349570293
 20
20.20846103400608
 10
55.52347349570293
 20
20.20846103400608
 10
55.52347349570293
 20
20.20846103400608
 10
55.67042789509773
 20
20.20846103400608
 10
55.67042789509773
 20
20.20846103400608
 10
55.67042789509773
 20
20.20846103400608
 10
55.67042789509773
 20
19.62064343642878
 10
55.67042789509773
 20
19.62064343642878
 97
        0
 72
     1
 10
55.67042789509773
 20
19.62064343642878
 11
55.67042789509773
 21
19.62064343642878
 97
        0
 92
        1
 93
        2
 72
     4
 94
        3
 73
     0
 74
     0
 95
       17
 96
       13
 40
0.0
 40
0.0
 40
0.0
 40
0.0
 40
1.0
 40
1.0
 40
1.0
 40
2.0
 40
2.0
 40
2.0
 40
3.0
 40
3.0
 40
3.0
 40
4.0
 40
4.0
 40
4.0
 40
4.0
 10
55.67042789509773
 20
20.7962786315821
 10
55.67042789509773
 20
20.7962786315821
 10
55.52347349570293
 20
20.7962786315821
 10
55.52347349570293
 20
20.7962786315821
 10
55.52347349570293
 20
20.7962786315821
 10
55.52347349570293
 20
21.38409622915811
 10
55.52347349570293
 20
21.38409622915811
 10
55.52347349570293
 20
21.38409622915811
 10
55.67042789509773
 20
21.38409622915811
 10
55.67042789509773
 20
21.38409622915811
 10
55.67042789509773
 20
21.38409622915811
 10
55.67042789509773
 20
20.7962786315821
 10
55.67042789509773
 20
20.7962786315821
 97
        0
 72
     1
 10
55.67042789509773
 20
20.7962786315821
 11
55.67042789509773
 21
20.7962786315821
 97
        0
 92
        1
 93
        2
 72
     4
 94
        3
 73
     0
 74
     0
 95
       17
 96
       13
 40
0.0
 40
0.0
 40
0.0
 40
0.0
 40
1.0
 40
1.0
 40
1.0
 40
2.0
 40
2.0
 40
2.0
 40
3.0
 40
3.0
 40
3.0
 40
4.0
 40
4.0
 40
4.0
 40
4.0
 10
55.67042789509773
 20
21.97191382673541
 10
55.67042789509773
 20
21.97191382673541
 10
55.52347349570293
 20
21.97191382673541
 10
55.52347349570293
 20
21.97191382673541
 10
55.52347349570293
 20
21.97191382673541
 10
55.52347349570293
 20
22.55973142431143
 10
55.52347349570293
 20
22.55973142431143
 10
55.52347349570293
 20
22.55973142431143
 10
55.67042789509773
 20
22.55973142431143
 10
55.67042789509773
 20
22.55973142431143
 10
55.67042789509773
 20
22.55973142431143
 10
55.67042789509773
 20
21.97191382673541
 10
55.67042789509773
 20
21.97191382673541
 97
        0
 72
     1
 10
55.67042789509773
 20
21.97191382673541
 11
55.67042789509773
 21
21.97191382673541
 97
        0
 92
        1
 93
        2
 72
     4
 94
        3
 73
     0
 74
     0
 95
       17
 96
       13
 40
0.0
 40
0.0
 40
0.0
 40
0.0
 40
1.0
 40
1.0
 40
1.0
 40
2.0
 40
2.0
 40
2.0
 40
3.0
 40
3.0
 40
3.0
 40
4.0
 40
4.0
 40
4.0
 40
4.0
 10
55.67042789509773
 20
23.14754902188744
 10
55.67042789509773
 20
23.14754902188744
 10
55.52347349570293
 20
23.14754902188744
 10
55.52347349570293
 20
23.14754902188744
 10
55.52347349570293
 20
23.14754902188744
 10
55.52347349570293
 20
23.73536661946539
 10
55.52347349570293
 20
23.73536661946539
 10
55.52347349570293
 20
23.73536661946539
 10
55.67042789509773
 20
23.73536661946539
 10
55.67042789509773
 20
23.73536661946539
 10
55.67042789509773
 20
23.73536661946539
 10
55.67042789509773
 20
23.14754902188744
 10
55.67042789509773
 20
23.14754902188744
 97
        0
 72
     1
 10
55.67042789509773
 20
23.14754902188744
 11
55.67042789509773
 21
23.14754902188744
 97
        0
 92
        1
 93
        2
 72
     4
 94
        3
 73
     0
 74
     0
 95
       17
 96
       13
 40
0.0
 40
0.0
 40
0.0
 40
0.0
 40
1.0
 40
1.0
 40
1.0
 40
2.0
 40
2.0
 40
2.0
 40
3.0
 40
3.0
 40
3.0
 40
4.0
 40
4.0
 40
4.0
 40
4.0
 10
55.67042789509773
 20
24.32318421704076
 10
55.67042789509773
 20
24.32318421704076
 10
55.52347349570293
 20
24.32318421704076
 10
55.52347349570293
 20
24.32318421704076
 10
55.52347349570293
 20
24.32318421704076
 10
55.52347349570293
 20
24.91100181461677
 10
55.52347349570293
 20
24.91100181461677
 10
55.52347349570293
 20
24.91100181461677
 10
55.67042789509773
 20
24.91100181461677
 10
55.67042789509773
 20
24.91100181461677
 10
55.67042789509773
 20
24.91100181461677
 10
55.67042789509773
 20
24.32318421704076
 10
55.67042789509773
 20
24.32318421704076
 97
        0
 72
     1
 10
55.67042789509773
 20
24.32318421704076
 11
55.67042789509773
 21
24.32318421704076
 97
        0
 92
        1
 93
        2
 72
     4
 94
        3
 73
     0
 74
     0
 95
       17
 96
       13
 40
0.0
 40
0.0
 40
0.0
 40
0.0
 40
1.0
 40
1.0
 40
1.0
 40
2.0
 40
2.0
 40
2.0
 40
3.0
 40
3.0
 40
3.0
 40
4.0
 40
4.0
 40
4.0
 40
4.0
 10
55.67042789509773
 20
25.49881941219279
 10
55.67042789509773
 20
25.49881941219279
 10
55.52347349570293
 20
25.49881941219279
 10
55.52347349570293
 20
25.49881941219279
 10
55.52347349570293
 20
25.49881941219279
 10
55.52347349570293
 20
26.08663700977041
 10
55.52347349570293
 20
26.08663700977041
 10
55.52347349570293
 20
26.08663700977041
 10
55.67042789509773
 20
26.08663700977041
 10
55.67042789509773
 20
26.08663700977041
 10
55.67042789509773
 20
26.08663700977041
 10
55.67042789509773
 20
25.49881941219279
 10
55.67042789509773
 20
25.49881941219279
 97
        0
 72
     1
 10
55.67042789509773
 20
25.49881941219279
 11
55.67042789509773
 21
25.49881941219279
 97
        0
 92
        1
 93
        2
 72
     4
 94
        3
 73
     0
 74
     0
 95
       17
 96
       13
 40
0.0
 40
0.0
 40
0.0
 40
0.0
 40
1.0
 40
1.0
 40
1.0
 40
2.0
 40
2.0
 40
2.0
 40
3.0
 40
3.0
 40
3.0
 40
4.0
 40
4.0
 40
4.0
 40
4.0
 10
55.67042789509773
 20
26.6744546073461
 10
55.67042789509773
 20
26.6744546073461
 10
55.52347349570293
 20
26.6744546073461
 10
55.52347349570293
 20
26.6744546073461
 10
55.52347349570293
 20
26.6744546073461
 10
55.52347349570293
 20
27.26227220492212
 10
55.52347349570293
 20
27.26227220492212
 10
55.52347349570293
 20
27.26227220492212
 10
55.67042789509773
 20
27.26227220492212
 10
55.67042789509773
 20
27.26227220492212
 10
55.67042789509773
 20
27.26227220492212
 10
55.67042789509773
 20
26.6744546073461
 10
55.67042789509773
 20
26.6744546073461
 97
        0
 72
     1
 10
55.67042789509773
 20
26.6744546073461
 11
55.67042789509773
 21
26.6744546073461
 97
        0
 92
        1
 93
        2
 72
     4
 94
        3
 73
     0
 74
     0
 95
       17
 96
       13
 40
0.0
 40
0.0
 40
0.0
 40
0.0
 40
1.0
 40
1.0
 40
1.0
 40
2.0
 40
2.0
 40
2.0
 40
3.0
 40
3.0
 40
3.0
 40
4.0
 40
4.0
 40
4.0
 40
4.0
 10
55.67042789509773
 20
27.85008980249782
 10
55.67042789509773
 20
27.85008980249782
 10
55.52347349570293
 20
27.85008980249782
 10
55.52347349570293
 20
27.85008980249782
 10
55.52347349570293
 20
27.85008980249782
 10
55.52347349570293
 20
28.43790740007543
 10
55.52347349570293
 20
28.43790740007543
 10
55.52347349570293
 20
28.43790740007543
 10
55.67042789509773
 20
28.43790740007543
 10
55.67042789509773
 20
28.43790740007543
 10
55.67042789509773
 20
28.43790740007543
 10
55.67042789509773
 20
27.85008980249782
 10
55.67042789509773
 20
27.85008980249782
 97
        0
 72
     1
 10
55.67042789509773
 20
27.85008980249782
 11
55.67042789509773
 21
27.85008980249782
 97
        0
 92
        1
 93
        2
 72
     4
 94
        3
 73
     0
 74
     0
 95
       17
 96
       13
 40
0.0
 40
0.0
 40
0.0
 40
0.0
 40
1.0
 40
1.0
 40
1.0
 40
2.0
 40
2.0
 40
2.0
 40
3.0
 40
3.0
 40
3.0
 40
4.0
 40
4.0
 40
4.0
 40
4.0
 10
55.67042789509773
 20
29.02572499765145
 10
55.67042789509773
 20
29.02572499765145
 10
55.52347349570293
 20
29.02572499765145
 10
55.52347349570293
 20
29.02572499765145
 10
55.52347349570293
 20
29.02572499765145
 10
55.52347349570293
 20
29.61354259522908
 10
55.52347349570293
 20
29.61354259522908
 10
55.52347349570293
 20
29.61354259522908
 10
55.67042789509773
 20
29.61354259522908
 10
55.67042789509773
 20
29.61354259522908
 10
55.67042789509773
 20
29.61354259522908
 10
55.67042789509773
 20
29.02572499765145
 10
55.67042789509773
 20
29.02572499765145
 97
        0
 72
     1
 10
55.67042789509773
 20
29.02572499765145
 11
55.67042789509773
 21
29.02572499765145
 97
        0
 92
        1
 93
        2
 72
     4
 94
        3
 73
     0
 74
     0
 95
       17
 96
       13
 40
0.0
 40
0.0
 40
0.0
 40
0.0
 40
1.0
 40
1.0
 40
1.0
 40
2.0
 40
2.0
 40
2.0
 40
3.0
 40
3.0
 40
3.0
 40
4.0
 40
4.0
 40
4.0
 40
4.0
 10
55.67042789509773
 20
30.20136019280477
 10
55.67042789509773
 20
30.20136019280477
 10
55.52347349570293
 20
30.20136019280477
 10
55.52347349570293
 20
30.20136019280477
 10
55.52347349570293
 20
30.20136019280477
 10
55.52347349570293
 20
30.78917779038079
 10
55.52347349570293
 20
30.78917779038079
 10
55.52347349570293
 20
30.78917779038079
 10
55.67042789509773
 20
30.78917779038079
 10
55.67042789509773
 20
30.78917779038079
 10
55.67042789509773
 20
30.78917779038079
 10
55.67042789509773
 20
30.20136019280477
 10
55.67042789509773
 20
30.20136019280477
 97
        0
 72
     1
 10
55.67042789509773
 20
30.20136019280477
 11
55.67042789509773
 21
30.20136019280477
 97
        0
 92
        1
 93
        2
 72
     4
 94
        3
 73
     0
 74
     0
 95
       17
 96
       13
 40
0.0
 40
0.0
 40
0.0
 40
0.0
 40
1.0
 40
1.0
 40
1.0
 40
2.0
 40
2.0
 40
2.0
 40
3.0
 40
3.0
 40
3.0
 40
4.0
 40
4.0
 40
4.0
 40
4.0
 10
55.67042789509773
 20
31.37699538795648
 10
55.67042789509773
 20
31.37699538795648
 10
55.52347349570293
 20
31.37699538795648
 10
55.52347349570293
 20
31.37699538795648
 10
55.52347349570293
 20
31.37699538795648
 10
55.52347349570293
 20
31.96481298553442
 10
55.52347349570293
 20
31.96481298553442
 10
55.52347349570293
 20
31.96481298553442
 10
55.67042789509773
 20
31.96481298553442
 10
55.67042789509773
 20
31.96481298553442
 10
55.67042789509773
 20
31.96481298553442
 10
55.67042789509773
 20
31.37699538795648
 10
55.67042789509773
 20
31.37699538795648
 97
        0
 72
     1
 10
55.67042789509773
 20
31.37699538795648
 11
55.67042789509773
 21
31.37699538795648
 97
        0
 92
        1
 93
        2
 72
     4
 94
        3
 73
     0
 74
     0
 95
       17
 96
       13
 40
0.0
 40
0.0
 40
0.0
 40
0.0
 40
1.0
 40
1.0
 40
1.0
 40
2.0
 40
2.0
 40
2.0
 40
3.0
 40
3.0
 40
3.0
 40
4.0
 40
4.0
 40
4.0
 40
4.0
 10
55.67042789509773
 20
32.55263058311012
 10
55.67042789509773
 20
32.55263058311012
 10
55.52347349570293
 20
32.55263058311012
 10
55.52347349570293
 20
32.55263058311012
 10
55.52347349570293
 20
32.55263058311012
 10
55.52347349570293
 20
33.14044818068613
 10
55.52347349570293
 20
33.14044818068613
 10
55.52347349570293
 20
33.14044818068613
 10
55.67042789509773
 20
33.14044818068613
 10
55.67042789509773
 20
33.14044818068613
 10
55.67042789509773
 20
33.14044818068613
 10
55.67042789509773
 20
32.55263058311012
 10
55.67042789509773
 20
32.55263058311012
 97
        0
 72
     1
 10
55.67042789509773
 20
32.55263058311012
 11
55.67042789509773
 21
32.55263058311012
 97
        0
 92
        1
 93
        2
 72
     4
 94
        3
 73
     0
 74
     0
 95
       17
 96
       13
 40
0.0
 40
0.0
 40
0.0
 40
0.0
 40
1.0
 40
1.0
 40
1.0
 40
2.0
 40
2.0
 40
2.0
 40
3.0
 40
3.0
 40
3.0
 40
4.0
 40
4.0
 40
4.0
 40
4.0
 10
55.67042789509773
 20
33.72826577826375
 10
55.67042789509773
 20
33.72826577826375
 10
55.52347349570293
 20
33.72826577826375
 10
55.52347349570293
 20
33.72826577826375
 10
55.52347349570293
 20
33.72826577826375
 10
55.52347349570293
 20
34.31608337583945
 10
55.52347349570293
 20
34.31608337583945
 10
55.52347349570293
 20
34.31608337583945
 10
55.67042789509773
 20
34.31608337583945
 10
55.67042789509773
 20
34.31608337583945
 10
55.67042789509773
 20
34.31608337583945
 10
55.67042789509773
 20
33.72826577826375
 10
55.67042789509773
 20
33.72826577826375
 97
        0
 72
     1
 10
55.67042789509773
 20
33.72826577826375
 11
55.67042789509773
 21
33.72826577826375
 97
        0
 92
        1
 93
        2
 72
     4
 94
        3
 73
     0
 74
     0
 95
       17
 96
       13
 40
0.0
 40
0.0
 40
0.0
 40
0.0
 40
1.0
 40
1.0
 40
1.0
 40
2.0
 40
2.0
 40
2.0
 40
3.0
 40
3.0
 40
3.0
 40
4.0
 40
4.0
 40
4.0
 40
4.0
 10
55.67042789509773
 20
34.90390097341546
 10
55.67042789509773
 20
34.90390097341546
 10
55.52347349570293
 20
34.90390097341546
 10
55.52347349570293
 20
34.90390097341546
 10
55.52347349570293
 20
34.90390097341546
 10
55.52347349570293
 20
35.49171857099309
 10
55.52347349570293
 20
35.49171857099309
 10
55.52347349570293
 20
35.49171857099309
 10
55.67042789509773
 20
35.49171857099309
 10
55.67042789509773
 20
35.49171857099309
 10
55.67042789509773
 20
35.49171857099309
 10
55.67042789509773
 20
34.90390097341546
 10
55.67042789509773
 20
34.90390097341546
 97
        0
 72
     1
 10
55.67042789509773
 20
34.90390097341546
 11
55.67042789509773
 21
34.90390097341546
 97
        0
 92
        1
 93
        2
 72
     4
 94
        3
 73
     0
 74
     0
 95
       17
 96
       13
 40
0.0
 40
0.0
 40
0.0
 40
0.0
 40
1.0
 40
1.0
 40
1.0
 40
2.0
 40
2.0
 40
2.0
 40
3.0
 40
3.0
 40
3.0
 40
4.0
 40
4.0
 40
4.0
 40
4.0
 10
55.67042789509773
 20
36.07953616856878
 10
55.67042789509773
 20
36.07953616856878
 10
55.52347349570293
 20
36.07953616856878
 10
55.52347349570293
 20
36.07953616856878
 10
55.52347349570293
 20
36.07953616856878
 10
55.52347349570293
 20
36.66735376614479
 10
55.52347349570293
 20
36.66735376614479
 10
55.52347349570293
 20
36.66735376614479
 10
55.67042789509773
 20
36.66735376614479
 10
55.67042789509773
 20
36.66735376614479
 10
55.67042789509773
 20
36.66735376614479
 10
55.67042789509773
 20
36.07953616856878
 10
55.67042789509773
 20
36.07953616856878
 97
        0
 72
     1
 10
55.67042789509773
 20
36.07953616856878
 11
55.67042789509773
 21
36.07953616856878
 97
        0
 92
        1
 93
        2
 72
     4
 94
        3
 73
     0
 74
     0
 95
       17
 96
       13
 40
0.0
 40
0.0
 40
0.0
 40
0.0
 40
1.0
 40
1.0
 40
1.0
 40
2.0
 40
2.0
 40
2.0
 40
3.0
 40
3.0
 40
3.0
 40
4.0
 40
4.0
 40
4.0
 40
4.0
 10
55.67042789509773
 20
37.25517136372049
 10
55.67042789509773
 20
37.25517136372049
 10
55.52347349570293
 20
37.25517136372049
 10
55.52347349570293
 20
37.25517136372049
 10
55.52347349570293
 20
37.25517136372049
 10
55.52347349570293
 20
37.84298896129811
 10
55.52347349570293
 20
37.84298896129811
 10
55.52347349570293
 20
37.84298896129811
 10
55.67042789509773
 20
37.84298896129811
 10
55.67042789509773
 20
37.84298896129811
 10
55.67042789509773
 20
37.84298896129811
 10
55.67042789509773
 20
37.25517136372049
 10
55.67042789509773
 20
37.25517136372049
 97
        0
 72
     1
 10
55.67042789509773
 20
37.25517136372049
 11
55.67042789509773
 21
37.25517136372049
 97
        0
 92
        1
 93
        2
 72
     4
 94
        3
 73
     0
 74
     0
 95
       17
 96
       13
 40
0.0
 40
0.0
 40
0.0
 40
0.0
 40
1.0
 40
1.0
 40
1.0
 40
2.0
 40
2.0
 40
2.0
 40
3.0
 40
3.0
 40
3.0
 40
4.0
 40
4.0
 40
4.0
 40
4.0
 10
55.67042789509773
 20
38.43080655887412
 10
55.67042789509773
 20
38.43080655887412
 10
55.52347349570293
 20
38.43080655887412
 10
55.52347349570293
 20
38.43080655887412
 10
55.52347349570293
 20
38.43080655887412
 10
55.52347349570293
 20
39.01862415644982
 10
55.52347349570293
 20
39.01862415644982
 10
55.52347349570293
 20
39.01862415644982
 10
55.67042789509773
 20
39.01862415644982
 10
55.67042789509773
 20
39.01862415644982
 10
55.67042789509773
 20
39.01862415644982
 10
55.67042789509773
 20
38.43080655887412
 10
55.67042789509773
 20
38.43080655887412
 97
        0
 72
     1
 10
55.67042789509773
 20
38.43080655887412
 11
55.67042789509773
 21
38.43080655887412
 97
        0
 92
        1
 93
        2
 72
     4
 94
        3
 73
     0
 74
     0
 95
       17
 96
       13
 40
0.0
 40
0.0
 40
0.0
 40
0.0
 40
1.0
 40
1.0
 40
1.0
 40
2.0
 40
2.0
 40
2.0
 40
3.0
 40
3.0
 40
3.0
 40
4.0
 40
4.0
 40
4.0
 40
4.0
 10
55.67042789509773
 20
39.60644175402745
 10
55.67042789509773
 20
39.60644175402745
 10
55.52347349570293
 20
39.60644175402745
 10
55.52347349570293
 20
39.60644175402745
 10
55.52347349570293
 20
39.60644175402745
 10
55.52347349570293
 20
40.19425935160345
 10
55.52347349570293
 20
40.19425935160345
 10
55.52347349570293
 20
40.19425935160345
 10
55.67042789509773
 20
40.19425935160345
 10
55.67042789509773
 20
40.19425935160345
 10
55.67042789509773
 20
40.19425935160345
 10
55.67042789509773
 20
39.60644175402745
 10
55.67042789509773
 20
39.60644175402745
 97
        0
 72
     1
 10
55.67042789509773
 20
39.60644175402745
 11
55.67042789509773
 21
39.60644175402745
 97
        0
 92
        1
 93
        2
 72
     4
 94
        3
 73
     0
 74
     0
 95
       17
 96
       13
 40
0.0
 40
0.0
 40
0.0
 40
0.0
 40
1.0
 40
1.0
 40
1.0
 40
2.0
 40
2.0
 40
2.0
 40
3.0
 40
3.0
 40
3.0
 40
4.0
 40
4.0
 40
4.0
 40
4.0
 10
55.67042789509773
 20
40.78207694917915
 10
55.67042789509773
 20
40.78207694917915
 10
55.52347349570293
 20
40.78207694917915
 10
55.52347349570293
 20
40.78207694917915
 10
55.52347349570293
 20
40.78207694917915
 10
55.52347349570293
 20
41.36989454675709
 10
55.52347349570293
 20
41.36989454675709
 10
55.52347349570293
 20
41.36989454675709
 10
55.67042789509773
 20
41.36989454675709
 10
55.67042789509773
 20
41.36989454675709
 10
55.67042789509773
 20
41.36989454675709
 10
55.67042789509773
 20
40.78207694917915
 10
55.67042789509773
 20
40.78207694917915
 97
        0
 72
     1
 10
55.67042789509773
 20
40.78207694917915
 11
55.67042789509773
 21
40.78207694917915
 97
        0
 92
        1
 93
        2
 72
     4
 94
        3
 73
     0
 74
     0
 95
       17
 96
       13
 40
0.0
 40
0.0
 40
0.0
 40
0.0
 40
1.0
 40
1.0
 40
1.0
 40
2.0
 40
2.0
 40
2.0
 40
3.0
 40
3.0
 40
3.0
 40
4.0
 40
4.0
 40
4.0
 40
4.0
 10
55.67042789509773
 20
41.95771214433278
 10
55.67042789509773
 20
41.95771214433278
 10
55.52347349570293
 20
41.95771214433278
 10
55.52347349570293
 20
41.95771214433278
 10
55.52347349570293
 20
41.95771214433278
 10
55.52347349570293
 20
42.5455297419088
 10
55.52347349570293
 20
42.5455297419088
 10
55.52347349570293
 20
42.5455297419088
 10
55.67042789509773
 20
42.5455297419088
 10
55.67042789509773
 20
42.5455297419088
 10
55.67042789509773
 20
42.5455297419088
 10
55.67042789509773
 20
41.95771214433278
 10
55.67042789509773
 20
41.95771214433278
 97
        0
 72
     1
 10
55.67042789509773
 20
41.95771214433278
 11
55.67042789509773
 21
41.95771214433278
 97
        0
 92
        1
 93
        2
 72
     4
 94
        3
 73
     0
 74
     0
 95
       17
 96
       13
 40
0.0
 40
0.0
 40
0.0
 40
0.0
 40
1.0
 40
1.0
 40
1.0
 40
2.0
 40
2.0
 40
2.0
 40
3.0
 40
3.0
 40
3.0
 40
4.0
 40
4.0
 40
4.0
 40
4.0
 10
55.67042789509773
 20
43.13334733948642
 10
55.67042789509773
 20
43.13334733948642
 10
55.52347349570293
 20
43.13334733948642
 10
55.52347349570293
 20
43.13334733948642
 10
55.52347349570293
 20
43.13334733948642
 10
55.52347349570293
 20
43.59774620319547
 10
55.52347349570293
 20
43.59774620319547
 10
55.52347349570293
 20
43.59774620319547
 10
55.67042789509773
 20
43.59774620319547
 10
55.67042789509773
 20
43.59774620319547
 10
55.67042789509773
 20
43.59774620319547
 10
55.67042789509773
 20
43.13334733948642
 10
55.67042789509773
 20
43.13334733948642
 97
        0
 72
     1
 10
55.67042789509773
 20
43.13334733948642
 11
55.67042789509773
 21
43.13334733948642
 97
        0
 75
     2
 76
     1
 98
        1
 10
0.0
 20
0.0
450
        0
451
        0
460
0.0
461
0.0
452
        0
462
0.0
453
        0
470

  0
LWPOLYLINE
  5
24C
330
70
100
AcDbEntity
  8
guideline
 62
    18
420
        0
370
     0
100
AcDbPolyline
 90
        4
 70
     1
 43
0.0
 10
26.72500353944063
 20
43.08857217092001
 10
26.57804914004647
 20
43.08857217092001
 10
26.57804914004647
 20
43.59573706101627
 10
26.72500353944063
 20
43.59573706101627
  0
LWPOLYLINE
  5
24D
330
70
100
AcDbEntity
  8
guideline
 62
    18
420
        0
370
     0
100
AcDbPolyline
 90
        4
 70
     1
 43
0.0
 10
26.72500353944063
 20
41.91293697576734
 10
26.57804914004647
 20
41.91293697576734
 10
26.57804914004647
 20
42.50075457334335
 10
26.72500353944063
 20
42.50075457334335
  0
LWPOLYLINE
  5
24E
330
70
100
AcDbEntity
  8
guideline
 62
    18
420
        0
370
     0
100
AcDbPolyline
 90
        4
 70
     1
 43
0.0
 10
26.72500353944063
 20
40.73730178061467
 10
26.57804914004647
 20
40.73730178061467
 10
26.57804914004647
 20
41.32511937819132
 10
26.72500353944063
 20
41.32511937819132
  0
LWPOLYLINE
  5
24F
330
70
100
AcDbEntity
  8
guideline
 62
    18
420
        0
370
     0
100
AcDbPolyline
 90
        4
 70
     1
 43
0.0
 10
26.72500353944063
 20
39.56166658546136
 10
26.57804914004647
 20
39.56166658546136
 10
26.57804914004647
 20
40.14948418303801
 10
26.72500353944063
 20
40.14948418303801
  0
LWPOLYLINE
  5
250
330
70
100
AcDbEntity
  8
guideline
 62
    18
420
        0
370
     0
100
AcDbPolyline
 90
        4
 70
     1
 43
0.0
 10
26.72500353944063
 20
38.38603139030932
 10
26.57804914004647
 20
38.38603139030932
 10
26.57804914004647
 20
38.97384898788534
 10
26.72500353944063
 20
38.97384898788534
  0
LWPOLYLINE
  5
251
330
70
100
AcDbEntity
  8
guideline
 62
    18
420
        0
370
     0
100
AcDbPolyline
 90
        4
 70
     1
 43
0.0
 10
26.72500353944063
 20
37.21039619515601
 10
26.57804914004647
 20
37.21039619515601
 10
26.57804914004647
 20
37.79821379273267
 10
26.72500353944063
 20
37.79821379273267
  0
LWPOLYLINE
  5
252
330
70
100
AcDbEntity
  8
guideline
 62
    18
420
        0
370
     0
100
AcDbPolyline
 90
        4
 70
     1
 43
0.0
 10
26.72500353944063
 20
36.03476100000334
 10
26.57804914004647
 20
36.03476100000334
 10
26.57804914004647
 20
36.62257859757935
 10
26.72500353944063
 20
36.62257859757935
  0
LWPOLYLINE
  5
253
330
70
100
AcDbEntity
  8
guideline
 62
    18
420
        0
370
     0
100
AcDbPolyline
 90
        4
 70
     1
 43
0.0
 10
26.72500353944063
 20
34.85912580485067
 10
26.57804914004647
 20
34.85912580485067
 10
26.57804914004647
 20
35.44694340242732
 10
26.72500353944063
 20
35.44694340242732
  0
LWPOLYLINE
  5
254
330
70
100
AcDbEntity
  8
guideline
 62
    18
420
        0
370
     0
100
AcDbPolyline
 90
        4
 70
     1
 43
0.0
 10
26.72500353944063
 20
33.68349060969734
 10
26.57804914004647
 20
33.68349060969734
 10
26.57804914004647
 20
34.27130820727401
 10
26.72500353944063
 20
34.27130820727401
  0
LWPOLYLINE
  5
255
330
70
100
AcDbEntity
  8
guideline
 62
    18
420
        0
370
     0
100
AcDbPolyline
 90
        4
 70
     1
 43
0.0
 10
26.72500353944063
 20
32.50785541454531
 10
26.57804914004647
 20
32.50785541454531
 10
26.57804914004647
 20
33.09567301212133
 10
26.72500353944063
 20
33.09567301212133
  0
LWPOLYLINE
  5
256
330
70
100
AcDbEntity
  8
guideline
 62
    18
420
        0
370
     0
100
AcDbPolyline
 90
        4
 70
     1
 43
0.0
 10
26.72500353944063
 20
31.332220219392
 10
26.57804914004647
 20
31.332220219392
 10
26.57804914004647
 20
31.92003781696866
 10
26.72500353944063
 20
31.92003781696866
  0
LWPOLYLINE
  5
257
330
70
100
AcDbEntity
  8
guideline
 62
    18
420
        0
370
     0
100
AcDbPolyline
 90
        4
 70
     1
 43
0.0
 10
26.72500353944063
 20
30.15658502423932
 10
26.57804914004647
 20
30.15658502423932
 10
26.57804914004647
 20
30.74440262181534
 10
26.72500353944063
 20
30.74440262181534
  0
LWPOLYLINE
  5
258
330
70
100
AcDbEntity
  8
guideline
 62
    18
420
        0
370
     0
100
AcDbPolyline
 90
        4
 70
     1
 43
0.0
 10
26.72500353944063
 20
28.98094982908665
 10
26.57804914004647
 20
28.98094982908665
 10
26.57804914004647
 20
29.56876742666331
 10
26.72500353944063
 20
29.56876742666331
  0
LWPOLYLINE
  5
259
330
70
100
AcDbEntity
  8
guideline
 62
    18
420
        0
370
     0
100
AcDbPolyline
 90
        4
 70
     1
 43
0.0
 10
26.72500353944063
 20
27.80531463393334
 10
26.57804914004647
 20
27.80531463393334
 10
26.57804914004647
 20
28.39313223150999
 10
26.72500353944063
 20
28.39313223150999
  0
LWPOLYLINE
  5
25A
330
70
100
AcDbEntity
  8
guideline
 62
    18
420
        0
370
     0
100
AcDbPolyline
 90
        4
 70
     1
 43
0.0
 10
26.72500353944063
 20
26.6296794387813
 10
26.57804914004647
 20
26.6296794387813
 10
26.57804914004647
 20
27.21749703635732
 10
26.72500353944063
 20
27.21749703635732
  0
LWPOLYLINE
  5
25B
330
70
100
AcDbEntity
  8
guideline
 62
    18
420
        0
370
     0
100
AcDbPolyline
 90
        4
 70
     1
 43
0.0
 10
26.72500353944063
 20
25.45404424362799
 10
26.57804914004647
 20
25.45404424362799
 10
26.57804914004647
 20
26.04186184120464
 10
26.72500353944063
 20
26.04186184120464
  0
LWPOLYLINE
  5
25C
330
70
100
AcDbEntity
  8
guideline
 62
    18
420
        0
370
     0
100
AcDbPolyline
 90
        4
 70
     1
 43
0.0
 10
26.72500353944063
 20
24.27840904847532
 10
26.57804914004647
 20
24.27840904847532
 10
26.57804914004647
 20
24.86622664605197
 10
26.72500353944063
 20
24.86622664605197
  0
LWPOLYLINE
  5
25D
330
70
100
AcDbEntity
  8
guideline
 62
    18
420
        0
370
     0
100
AcDbPolyline
 90
        4
 70
     1
 43
0.0
 10
26.72500353944063
 20
23.10277385332264
 10
26.57804914004647
 20
23.10277385332264
 10
26.57804914004647
 20
23.6905914508993
 10
26.72500353944063
 20
23.6905914508993
  0
LWPOLYLINE
  5
25E
330
70
100
AcDbEntity
  8
guideline
 62
    18
420
        0
370
     0
100
AcDbPolyline
 90
        4
 70
     1
 43
0.0
 10
26.72500353944063
 20
21.92713865816997
 10
26.57804914004647
 20
21.92713865816997
 10
26.57804914004647
 20
22.51495625574598
 10
26.72500353944063
 20
22.51495625574598
  0
LWPOLYLINE
  5
25F
330
70
100
AcDbEntity
  8
guideline
 62
    18
420
        0
370
     0
100
AcDbPolyline
 90
        4
 70
     1
 43
0.0
 10
26.72500353944063
 20
20.75150346301729
 10
26.57804914004647
 20
20.75150346301729
 10
26.57804914004647
 20
21.33932106059331
 10
26.72500353944063
 20
21.33932106059331
  0
LWPOLYLINE
  5
260
330
70
100
AcDbEntity
  8
guideline
 62
    18
420
        0
370
     0
100
AcDbPolyline
 90
        4
 70
     1
 43
0.0
 10
26.72500353944063
 20
19.57586826786398
 10
26.57804914004647
 20
19.57586826786398
 10
26.57804914004647
 20
20.16368586544063
 10
26.72500353944063
 20
20.16368586544063
  0
LWPOLYLINE
  5
261
330
70
100
AcDbEntity
  8
guideline
 62
    18
420
        0
370
     0
100
AcDbPolyline
 90
        4
 70
     1
 43
0.0
 10
26.72500353944063
 20
18.40023307271194
 10
26.57804914004647
 20
18.40023307271194
 10
26.57804914004647
 20
18.98805067028796
 10
26.72500353944063
 20
18.98805067028796
  0
LWPOLYLINE
  5
262
330
70
100
AcDbEntity
  8
guideline
 62
    18
420
        0
370
     0
100
AcDbPolyline
 90
        4
 70
     1
 43
0.0
 10
26.72500353944063
 20
17.22459787755863
 10
26.57804914004647
 20
17.22459787755863
 10
26.57804914004647
 20
17.81241547513528
 10
26.72500353944063
 20
17.81241547513528
  0
LWPOLYLINE
  5
263
330
70
100
AcDbEntity
  8
guideline
 62
    18
420
        0
370
     0
100
AcDbPolyline
 90
        4
 70
     1
 43
0.0
 10
26.72500353944063
 20
16.04896268240595
 10
26.57804914004647
 20
16.04896268240595
 10
26.57804914004647
 20
16.63678027998197
 10
26.72500353944063
 20
16.63678027998197
  0
LWPOLYLINE
  5
264
330
70
100
AcDbEntity
  8
guideline
 62
    18
420
        0
370
     0
100
AcDbPolyline
 90
        4
 70
     1
 43
0.0
 10
26.72500353944063
 20
14.87332748725328
 10
26.57804914004647
 20
14.87332748725328
 10
26.57804914004647
 20
15.46114508482994
 10
26.72500353944063
 20
15.46114508482994
  0
LWPOLYLINE
  5
265
330
70
100
AcDbEntity
  8
guideline
 62
    18
420
        0
370
     0
100
AcDbPolyline
 90
        4
 70
     1
 43
0.0
 10
26.72500353944063
 20
13.69769229209996
 10
26.57804914004647
 20
13.69769229209996
 10
26.57804914004647
 20
14.28550988967662
 10
26.72500353944063
 20
14.28550988967662
  0
LWPOLYLINE
  5
266
330
70
100
AcDbEntity
  8
guideline
 62
    18
420
        0
370
     0
100
AcDbPolyline
 90
        4
 70
     1
 43
0.0
 10
26.72500353944063
 20
12.52205709694793
 10
26.57804914004647
 20
12.52205709694793
 10
26.57804914004647
 20
13.10987469452395
 10
26.72500353944063
 20
13.10987469452395
  0
LWPOLYLINE
  5
267
330
70
100
AcDbEntity
  8
guideline
 62
    18
420
        0
370
     0
100
AcDbPolyline
 90
        4
 70
     1
 43
0.0
 10
26.72500353944063
 20
11.34642190179462
 10
26.57804914004647
 20
11.34642190179462
 10
26.57804914004647
 20
11.93423949937127
 10
26.72500353944063
 20
11.93423949937127
  0
LWPOLYLINE
  5
268
330
70
100
AcDbEntity
  8
guideline
 62
    18
420
        0
370
     0
100
AcDbPolyline
 90
        4
 70
     1
 43
0.0
 10
26.72500353944063
 20
10.17078670664194
 10
26.57804914004647
 20
10.17078670664194
 10
26.57804914004647
 20
10.75860430421796
 10
26.72500353944063
 20
10.75860430421796
  0
LWPOLYLINE
  5
269
330
70
100
AcDbEntity
  8
guideline
 62
    18
420
        0
370
     0
100
AcDbPolyline
 90
        4
 70
     1
 43
0.0
 10
26.72500353944063
 20
8.99515151148927
 10
26.57804914004647
 20
8.99515151148927
 10
26.57804914004647
 20
9.582969109065928
 10
26.72500353944063
 20
9.582969109065928
  0
LWPOLYLINE
  5
26A
330
70
100
AcDbEntity
  8
guideline
 62
    18
420
        0
370
     0
100
AcDbPolyline
 90
        4
 70
     1
 43
0.0
 10
26.72500353944063
 20
7.819516316335955
 10
26.57804914004647
 20
7.819516316335955
 10
26.57804914004647
 20
8.407333913912612
 10
26.72500353944063
 20
8.407333913912612
  0
LWPOLYLINE
  5
26B
330
70
100
AcDbEntity
  8
guideline
 62
    18
420
        0
370
     0
100
AcDbPolyline
 90
        4
 70
     1
 43
0.0
 10
26.72500353944063
 20
6.643881121183923
 10
26.57804914004647
 20
6.643881121183923
 10
26.57804914004647
 20
7.23169871875994
 10
26.72500353944063
 20
7.23169871875994
  0
SPLINE
  5
26C
330
70
100
AcDbEntity
  8
guideline
100
AcDbSpline
210
0.0
220
0.0
230
1.0
 70
    11
 71
     3
 72
    17
 73
    13
 74
     0
 42
0.0000000001
 43
0.0000000001
 40
0.0
 40
0.0
 40
0.0
 40
0.0
 40
1.0
 40
1.0
 40
1.0
 40
2.0
 40
2.0
 40
2.0
 40
3.0
 40
3.0
 40
3.0
 40
4.0
 40
4.0
 40
4.0
 40
4.0
 10
26.72500353944095
 20
6.643881121184565
 30
0.0
 10
26.72500353944095
 20
6.643881121184565
 30
0.0
 10
26.57804914004647
 20
6.643881121184565
 30
0.0
 10
26.57804914004647
 20
6.643881121184565
 30
0.0
 10
26.57804914004647
 20
6.643881121184565
 30
0.0
 10
26.57804914004647
 20
7.231698718760581
 30
0.0
 10
26.57804914004647
 20
7.231698718760581
 30
0.0
 10
26.57804914004647
 20
7.231698718760581
 30
0.0
 10
26.72500353944095
 20
7.231698718760581
 30
0.0
 10
26.72500353944095
 20
7.231698718760581
 30
0.0
 10
26.72500353944095
 20
7.231698718760581
 30
0.0
 10
26.72500353944095
 20
6.643881121184565
 30
0.0
 10
26.72500353944095
 20
6.643881121184565
 30
0.0
  0
SPLINE
  5
26D
330
70
100
AcDbEntity
  8
guideline
100
AcDbSpline
210
0.0
220
0.0
230
1.0
 70
    11
 71
     3
 72
    17
 73
    13
 74
     0
 42
0.0000000001
 43
0.0000000001
 40
0.0
 40
0.0
 40
0.0
 40
0.0
 40
1.0
 40
1.0
 40
1.0
 40
2.0
 40
2.0
 40
2.0
 40
3.0
 40
3.0
 40
3.0
 40
4.0
 40
4.0
 40
4.0
 40
4.0
 10
26.72500353944095
 20
7.819516316336597
 30
0.0
 10
26.72500353944095
 20
7.819516316336597
 30
0.0
 10
26.57804914004647
 20
7.819516316336597
 30
0.0
 10
26.57804914004647
 20
7.819516316336597
 30
0.0
 10
26.57804914004647
 20
7.819516316336597
 30
0.0
 10
26.57804914004647
 20
8.407333913912612
 30
0.0
 10
26.57804914004647
 20
8.407333913912612
 30
0.0
 10
26.57804914004647
 20
8.407333913912612
 30
0.0
 10
26.72500353944095
 20
8.407333913912612
 30
0.0
 10
26.72500353944095
 20
8.407333913912612
 30
0.0
 10
26.72500353944095
 20
8.407333913912612
 30
0.0
 10
26.72500353944095
 20
7.819516316336597
 30
0.0
 10
26.72500353944095
 20
7.819516316336597
 30
0.0
  0
SPLINE
  5
26E
330
70
100
AcDbEntity
  8
guideline
100
AcDbSpline
210
0.0
220
0.0
230
1.0
 70
    11
 71
     3
 72
    17
 73
    13
 74
     0
 42
0.0000000001
 43
0.0000000001
 40
0.0
 40
0.0
 40
0.0
 40
0.0
 40
1.0
 40
1.0
 40
1.0
 40
2.0
 40
2.0
 40
2.0
 40
3.0
 40
3.0
 40
3.0
 40
4.0
 40
4.0
 40
4.0
 40
4.0
 10
26.72500353944095
 20
8.995151511489913
 30
0.0
 10
26.72500353944095
 20
8.995151511489913
 30
0.0
 10
26.57804914004647
 20
8.995151511489913
 30
0.0
 10
26.57804914004647
 20
8.995151511489913
 30
0.0
 10
26.57804914004647
 20
8.995151511489913
 30
0.0
 10
26.57804914004647
 20
9.582969109065928
 30
0.0
 10
26.57804914004647
 20
9.582969109065928
 30
0.0
 10
26.57804914004647
 20
9.582969109065928
 30
0.0
 10
26.72500353944095
 20
9.582969109065928
 30
0.0
 10
26.72500353944095
 20
9.582969109065928
 30
0.0
 10
26.72500353944095
 20
9.582969109065928
 30
0.0
 10
26.72500353944095
 20
8.995151511489913
 30
0.0
 10
26.72500353944095
 20
8.995151511489913
 30
0.0
  0
SPLINE
  5
26F
330
70
100
AcDbEntity
  8
guideline
100
AcDbSpline
210
0.0
220
0.0
230
1.0
 70
    11
 71
     3
 72
    17
 73
    13
 74
     0
 42
0.0000000001
 43
0.0000000001
 40
0.0
 40
0.0
 40
0.0
 40
0.0
 40
1.0
 40
1.0
 40
1.0
 40
2.0
 40
2.0
 40
2.0
 40
3.0
 40
3.0
 40
3.0
 40
4.0
 40
4.0
 40
4.0
 40
4.0
 10
26.72500353944095
 20
10.17078670664194
 30
0.0
 10
26.72500353944095
 20
10.17078670664194
 30
0.0
 10
26.57804914004647
 20
10.17078670664194
 30
0.0
 10
26.57804914004647
 20
10.17078670664194
 30
0.0
 10
26.57804914004647
 20
10.17078670664194
 30
0.0
 10
26.57804914004647
 20
10.75860430421732
 30
0.0
 10
26.57804914004647
 20
10.75860430421732
 30
0.0
 10
26.57804914004647
 20
10.75860430421732
 30
0.0
 10
26.72500353944095
 20
10.75860430421732
 30
0.0
 10
26.72500353944095
 20
10.75860430421732
 30
0.0
 10
26.72500353944095
 20
10.75860430421732
 30
0.0
 10
26.72500353944095
 20
10.17078670664194
 30
0.0
 10
26.72500353944095
 20
10.17078670664194
 30
0.0
  0
SPLINE
  5
270
330
70
100
AcDbEntity
  8
guideline
100
AcDbSpline
210
0.0
220
0.0
230
1.0
 70
    11
 71
     3
 72
    17
 73
    13
 74
     0
 42
0.0000000001
 43
0.0000000001
 40
0.0
 40
0.0
 40
0.0
 40
0.0
 40
1.0
 40
1.0
 40
1.0
 40
2.0
 40
2.0
 40
2.0
 40
3.0
 40
3.0
 40
3.0
 40
4.0
 40
4.0
 40
4.0
 40
4.0
 10
26.72500353944095
 20
11.34642190179526
 30
0.0
 10
26.72500353944095
 20
11.34642190179526
 30
0.0
 10
26.57804914004647
 20
11.34642190179526
 30
0.0
 10
26.57804914004647
 20
11.34642190179526
 30
0.0
 10
26.57804914004647
 20
11.34642190179526
 30
0.0
 10
26.57804914004647
 20
11.93423949937127
 30
0.0
 10
26.57804914004647
 20
11.93423949937127
 30
0.0
 10
26.57804914004647
 20
11.93423949937127
 30
0.0
 10
26.72500353944095
 20
11.93423949937127
 30
0.0
 10
26.72500353944095
 20
11.93423949937127
 30
0.0
 10
26.72500353944095
 20
11.93423949937127
 30
0.0
 10
26.72500353944095
 20
11.34642190179526
 30
0.0
 10
26.72500353944095
 20
11.34642190179526
 30
0.0
  0
SPLINE
  5
271
330
70
100
AcDbEntity
  8
guideline
100
AcDbSpline
210
0.0
220
0.0
230
1.0
 70
    11
 71
     3
 72
    17
 73
    13
 74
     0
 42
0.0000000001
 43
0.0000000001
 40
0.0
 40
0.0
 40
0.0
 40
0.0
 40
1.0
 40
1.0
 40
1.0
 40
2.0
 40
2.0
 40
2.0
 40
3.0
 40
3.0
 40
3.0
 40
4.0
 40
4.0
 40
4.0
 40
4.0
 10
26.72500353944095
 20
12.52205709694857
 30
0.0
 10
26.72500353944095
 20
12.52205709694857
 30
0.0
 10
26.57804914004647
 20
12.52205709694857
 30
0.0
 10
26.57804914004647
 20
12.52205709694857
 30
0.0
 10
26.57804914004647
 20
12.52205709694857
 30
0.0
 10
26.57804914004647
 20
13.10987469452459
 30
0.0
 10
26.57804914004647
 20
13.10987469452459
 30
0.0
 10
26.57804914004647
 20
13.10987469452459
 30
0.0
 10
26.72500353944095
 20
13.10987469452459
 30
0.0
 10
26.72500353944095
 20
13.10987469452459
 30
0.0
 10
26.72500353944095
 20
13.10987469452459
 30
0.0
 10
26.72500353944095
 20
12.52205709694857
 30
0.0
 10
26.72500353944095
 20
12.52205709694857
 30
0.0
  0
SPLINE
  5
272
330
70
100
AcDbEntity
  8
guideline
100
AcDbSpline
210
0.0
220
0.0
230
1.0
 70
    11
 71
     3
 72
    17
 73
    13
 74
     0
 42
0.0000000001
 43
0.0000000001
 40
0.0
 40
0.0
 40
0.0
 40
0.0
 40
1.0
 40
1.0
 40
1.0
 40
2.0
 40
2.0
 40
2.0
 40
3.0
 40
3.0
 40
3.0
 40
4.0
 40
4.0
 40
4.0
 40
4.0
 10
26.72500353944095
 20
13.69769229210061
 30
0.0
 10
26.72500353944095
 20
13.69769229210061
 30
0.0
 10
26.57804914004647
 20
13.69769229210061
 30
0.0
 10
26.57804914004647
 20
13.69769229210061
 30
0.0
 10
26.57804914004647
 20
13.69769229210061
 30
0.0
 10
26.57804914004647
 20
14.28550988967662
 30
0.0
 10
26.57804914004647
 20
14.28550988967662
 30
0.0
 10
26.57804914004647
 20
14.28550988967662
 30
0.0
 10
26.72500353944095
 20
14.28550988967662
 30
0.0
 10
26.72500353944095
 20
14.28550988967662
 30
0.0
 10
26.72500353944095
 20
14.28550988967662
 30
0.0
 10
26.72500353944095
 20
13.69769229210061
 30
0.0
 10
26.72500353944095
 20
13.69769229210061
 30
0.0
  0
SPLINE
  5
273
330
70
100
AcDbEntity
  8
guideline
100
AcDbSpline
210
0.0
220
0.0
230
1.0
 70
    11
 71
     3
 72
    17
 73
    13
 74
     0
 42
0.0000000001
 43
0.0000000001
 40
0.0
 40
0.0
 40
0.0
 40
0.0
 40
1.0
 40
1.0
 40
1.0
 40
2.0
 40
2.0
 40
2.0
 40
3.0
 40
3.0
 40
3.0
 40
4.0
 40
4.0
 40
4.0
 40
4.0
 10
26.72500353944095
 20
14.87332748725392
 30
0.0
 10
26.72500353944095
 20
14.87332748725392
 30
0.0
 10
26.57804914004647
 20
14.87332748725392
 30
0.0
 10
26.57804914004647
 20
14.87332748725392
 30
0.0
 10
26.57804914004647
 20
14.87332748725392
 30
0.0
 10
26.57804914004647
 20
15.46114508482994
 30
0.0
 10
26.57804914004647
 20
15.46114508482994
 30
0.0
 10
26.57804914004647
 20
15.46114508482994
 30
0.0
 10
26.72500353944095
 20
15.46114508482994
 30
0.0
 10
26.72500353944095
 20
15.46114508482994
 30
0.0
 10
26.72500353944095
 20
15.46114508482994
 30
0.0
 10
26.72500353944095
 20
14.87332748725392
 30
0.0
 10
26.72500353944095
 20
14.87332748725392
 30
0.0
  0
SPLINE
  5
274
330
70
100
AcDbEntity
  8
guideline
100
AcDbSpline
210
0.0
220
0.0
230
1.0
 70
    11
 71
     3
 72
    17
 73
    13
 74
     0
 42
0.0000000001
 43
0.0000000001
 40
0.0
 40
0.0
 40
0.0
 40
0.0
 40
1.0
 40
1.0
 40
1.0
 40
2.0
 40
2.0
 40
2.0
 40
3.0
 40
3.0
 40
3.0
 40
4.0
 40
4.0
 40
4.0
 40
4.0
 10
26.72500353944095
 20
16.04896268240595
 30
0.0
 10
26.72500353944095
 20
16.04896268240595
 30
0.0
 10
26.57804914004647
 20
16.04896268240595
 30
0.0
 10
26.57804914004647
 20
16.04896268240595
 30
0.0
 10
26.57804914004647
 20
16.04896268240595
 30
0.0
 10
26.57804914004647
 20
16.63678027998133
 30
0.0
 10
26.57804914004647
 20
16.63678027998133
 30
0.0
 10
26.57804914004647
 20
16.63678027998133
 30
0.0
 10
26.72500353944095
 20
16.63678027998133
 30
0.0
 10
26.72500353944095
 20
16.63678027998133
 30
0.0
 10
26.72500353944095
 20
16.63678027998133
 30
0.0
 10
26.72500353944095
 20
16.04896268240595
 30
0.0
 10
26.72500353944095
 20
16.04896268240595
 30
0.0
  0
SPLINE
  5
275
330
70
100
AcDbEntity
  8
guideline
100
AcDbSpline
210
0.0
220
0.0
230
1.0
 70
    11
 71
     3
 72
    17
 73
    13
 74
     0
 42
0.0000000001
 43
0.0000000001
 40
0.0
 40
0.0
 40
0.0
 40
0.0
 40
1.0
 40
1.0
 40
1.0
 40
2.0
 40
2.0
 40
2.0
 40
3.0
 40
3.0
 40
3.0
 40
4.0
 40
4.0
 40
4.0
 40
4.0
 10
26.72500353944095
 20
17.22459787755927
 30
0.0
 10
26.72500353944095
 20
17.22459787755927
 30
0.0
 10
26.57804914004647
 20
17.22459787755927
 30
0.0
 10
26.57804914004647
 20
17.22459787755927
 30
0.0
 10
26.57804914004647
 20
17.22459787755927
 30
0.0
 10
26.57804914004647
 20
17.81241547513528
 30
0.0
 10
26.57804914004647
 20
17.81241547513528
 30
0.0
 10
26.57804914004647
 20
17.81241547513528
 30
0.0
 10
26.72500353944095
 20
17.81241547513528
 30
0.0
 10
26.72500353944095
 20
17.81241547513528
 30
0.0
 10
26.72500353944095
 20
17.81241547513528
 30
0.0
 10
26.72500353944095
 20
17.22459787755927
 30
0.0
 10
26.72500353944095
 20
17.22459787755927
 30
0.0
  0
SPLINE
  5
276
330
70
100
AcDbEntity
  8
guideline
100
AcDbSpline
210
0.0
220
0.0
230
1.0
 70
    11
 71
     3
 72
    17
 73
    13
 74
     0
 42
0.0000000001
 43
0.0000000001
 40
0.0
 40
0.0
 40
0.0
 40
0.0
 40
1.0
 40
1.0
 40
1.0
 40
2.0
 40
2.0
 40
2.0
 40
3.0
 40
3.0
 40
3.0
 40
4.0
 40
4.0
 40
4.0
 40
4.0
 10
26.72500353944095
 20
18.40023307271258
 30
0.0
 10
26.72500353944095
 20
18.40023307271258
 30
0.0
 10
26.57804914004647
 20
18.40023307271258
 30
0.0
 10
26.57804914004647
 20
18.40023307271258
 30
0.0
 10
26.57804914004647
 20
18.40023307271258
 30
0.0
 10
26.57804914004647
 20
18.9880506702886
 30
0.0
 10
26.57804914004647
 20
18.9880506702886
 30
0.0
 10
26.57804914004647
 20
18.9880506702886
 30
0.0
 10
26.72500353944095
 20
18.9880506702886
 30
0.0
 10
26.72500353944095
 20
18.9880506702886
 30
0.0
 10
26.72500353944095
 20
18.9880506702886
 30
0.0
 10
26.72500353944095
 20
18.40023307271258
 30
0.0
 10
26.72500353944095
 20
18.40023307271258
 30
0.0
  0
SPLINE
  5
277
330
70
100
AcDbEntity
  8
guideline
100
AcDbSpline
210
0.0
220
0.0
230
1.0
 70
    11
 71
     3
 72
    17
 73
    13
 74
     0
 42
0.0000000001
 43
0.0000000001
 40
0.0
 40
0.0
 40
0.0
 40
0.0
 40
1.0
 40
1.0
 40
1.0
 40
2.0
 40
2.0
 40
2.0
 40
3.0
 40
3.0
 40
3.0
 40
4.0
 40
4.0
 40
4.0
 40
4.0
 10
26.72500353944095
 20
19.57586826786462
 30
0.0
 10
26.72500353944095
 20
19.57586826786462
 30
0.0
 10
26.57804914004647
 20
19.57586826786462
 30
0.0
 10
26.57804914004647
 20
19.57586826786462
 30
0.0
 10
26.57804914004647
 20
19.57586826786462
 30
0.0
 10
26.57804914004647
 20
20.16368586543999
 30
0.0
 10
26.57804914004647
 20
20.16368586543999
 30
0.0
 10
26.57804914004647
 20
20.16368586543999
 30
0.0
 10
26.72500353944095
 20
20.16368586543999
 30
0.0
 10
26.72500353944095
 20
20.16368586543999
 30
0.0
 10
26.72500353944095
 20
20.16368586543999
 30
0.0
 10
26.72500353944095
 20
19.57586826786462
 30
0.0
 10
26.72500353944095
 20
19.57586826786462
 30
0.0
  0
SPLINE
  5
278
330
70
100
AcDbEntity
  8
guideline
100
AcDbSpline
210
0.0
220
0.0
230
1.0
 70
    11
 71
     3
 72
    17
 73
    13
 74
     0
 42
0.0000000001
 43
0.0000000001
 40
0.0
 40
0.0
 40
0.0
 40
0.0
 40
1.0
 40
1.0
 40
1.0
 40
2.0
 40
2.0
 40
2.0
 40
3.0
 40
3.0
 40
3.0
 40
4.0
 40
4.0
 40
4.0
 40
4.0
 10
26.72500353944095
 20
20.75150346301793
 30
0.0
 10
26.72500353944095
 20
20.75150346301793
 30
0.0
 10
26.57804914004647
 20
20.75150346301793
 30
0.0
 10
26.57804914004647
 20
20.75150346301793
 30
0.0
 10
26.57804914004647
 20
20.75150346301793
 30
0.0
 10
26.57804914004647
 20
21.33932106059395
 30
0.0
 10
26.57804914004647
 20
21.33932106059395
 30
0.0
 10
26.57804914004647
 20
21.33932106059395
 30
0.0
 10
26.72500353944095
 20
21.33932106059395
 30
0.0
 10
26.72500353944095
 20
21.33932106059395
 30
0.0
 10
26.72500353944095
 20
21.33932106059395
 30
0.0
 10
26.72500353944095
 20
20.75150346301793
 30
0.0
 10
26.72500353944095
 20
20.75150346301793
 30
0.0
  0
SPLINE
  5
279
330
70
100
AcDbEntity
  8
guideline
100
AcDbSpline
210
0.0
220
0.0
230
1.0
 70
    11
 71
     3
 72
    17
 73
    13
 74
     0
 42
0.0000000001
 43
0.0000000001
 40
0.0
 40
0.0
 40
0.0
 40
0.0
 40
1.0
 40
1.0
 40
1.0
 40
2.0
 40
2.0
 40
2.0
 40
3.0
 40
3.0
 40
3.0
 40
4.0
 40
4.0
 40
4.0
 40
4.0
 10
26.72500353944095
 20
21.92713865816997
 30
0.0
 10
26.72500353944095
 20
21.92713865816997
 30
0.0
 10
26.57804914004647
 20
21.92713865816997
 30
0.0
 10
26.57804914004647
 20
21.92713865816997
 30
0.0
 10
26.57804914004647
 20
21.92713865816997
 30
0.0
 10
26.57804914004647
 20
22.51495625574534
 30
0.0
 10
26.57804914004647
 20
22.51495625574534
 30
0.0
 10
26.57804914004647
 20
22.51495625574534
 30
0.0
 10
26.72500353944095
 20
22.51495625574534
 30
0.0
 10
26.72500353944095
 20
22.51495625574534
 30
0.0
 10
26.72500353944095
 20
22.51495625574534
 30
0.0
 10
26.72500353944095
 20
21.92713865816997
 30
0.0
 10
26.72500353944095
 20
21.92713865816997
 30
0.0
  0
SPLINE
  5
27A
330
70
100
AcDbEntity
  8
guideline
100
AcDbSpline
210
0.0
220
0.0
230
1.0
 70
    11
 71
     3
 72
    17
 73
    13
 74
     0
 42
0.0000000001
 43
0.0000000001
 40
0.0
 40
0.0
 40
0.0
 40
0.0
 40
1.0
 40
1.0
 40
1.0
 40
2.0
 40
2.0
 40
2.0
 40
3.0
 40
3.0
 40
3.0
 40
4.0
 40
4.0
 40
4.0
 40
4.0
 10
26.72500353944095
 20
23.10277385332328
 30
0.0
 10
26.72500353944095
 20
23.10277385332328
 30
0.0
 10
26.57804914004647
 20
23.10277385332328
 30
0.0
 10
26.57804914004647
 20
23.10277385332328
 30
0.0
 10
26.57804914004647
 20
23.10277385332328
 30
0.0
 10
26.57804914004647
 20
23.6905914508993
 30
0.0
 10
26.57804914004647
 20
23.6905914508993
 30
0.0
 10
26.57804914004647
 20
23.6905914508993
 30
0.0
 10
26.72500353944095
 20
23.6905914508993
 30
0.0
 10
26.72500353944095
 20
23.6905914508993
 30
0.0
 10
26.72500353944095
 20
23.6905914508993
 30
0.0
 10
26.72500353944095
 20
23.10277385332328
 30
0.0
 10
26.72500353944095
 20
23.10277385332328
 30
0.0
  0
SPLINE
  5
27B
330
70
100
AcDbEntity
  8
guideline
100
AcDbSpline
210
0.0
220
0.0
230
1.0
 70
    11
 71
     3
 72
    17
 73
    13
 74
     0
 42
0.0000000001
 43
0.0000000001
 40
0.0
 40
0.0
 40
0.0
 40
0.0
 40
1.0
 40
1.0
 40
1.0
 40
2.0
 40
2.0
 40
2.0
 40
3.0
 40
3.0
 40
3.0
 40
4.0
 40
4.0
 40
4.0
 40
4.0
 10
26.72500353944095
 20
24.27840904847467
 30
0.0
 10
26.72500353944095
 20
24.27840904847467
 30
0.0
 10
26.57804914004647
 20
24.27840904847467
 30
0.0
 10
26.57804914004647
 20
24.27840904847467
 30
0.0
 10
26.57804914004647
 20
24.27840904847467
 30
0.0
 10
26.57804914004647
 20
24.86622664605262
 30
0.0
 10
26.57804914004647
 20
24.86622664605262
 30
0.0
 10
26.57804914004647
 20
24.86622664605262
 30
0.0
 10
26.72500353944095
 20
24.86622664605262
 30
0.0
 10
26.72500353944095
 20
24.86622664605262
 30
0.0
 10
26.72500353944095
 20
24.86622664605262
 30
0.0
 10
26.72500353944095
 20
24.27840904847467
 30
0.0
 10
26.72500353944095
 20
24.27840904847467
 30
0.0
  0
SPLINE
  5
27C
330
70
100
AcDbEntity
  8
guideline
100
AcDbSpline
210
0.0
220
0.0
230
1.0
 70
    11
 71
     3
 72
    17
 73
    13
 74
     0
 42
0.0000000001
 43
0.0000000001
 40
0.0
 40
0.0
 40
0.0
 40
0.0
 40
1.0
 40
1.0
 40
1.0
 40
2.0
 40
2.0
 40
2.0
 40
3.0
 40
3.0
 40
3.0
 40
4.0
 40
4.0
 40
4.0
 40
4.0
 10
26.72500353944095
 20
25.45404424362831
 30
0.0
 10
26.72500353944095
 20
25.45404424362831
 30
0.0
 10
26.57804914004647
 20
25.45404424362831
 30
0.0
 10
26.57804914004647
 20
25.45404424362831
 30
0.0
 10
26.57804914004647
 20
25.45404424362831
 30
0.0
 10
26.57804914004647
 20
26.04186184120433
 30
0.0
 10
26.57804914004647
 20
26.04186184120433
 30
0.0
 10
26.57804914004647
 20
26.04186184120433
 30
0.0
 10
26.72500353944095
 20
26.04186184120433
 30
0.0
 10
26.72500353944095
 20
26.04186184120433
 30
0.0
 10
26.72500353944095
 20
26.04186184120433
 30
0.0
 10
26.72500353944095
 20
25.45404424362831
 30
0.0
 10
26.72500353944095
 20
25.45404424362831
 30
0.0
  0
SPLINE
  5
27D
330
70
100
AcDbEntity
  8
guideline
100
AcDbSpline
210
0.0
220
0.0
230
1.0
 70
    11
 71
     3
 72
    17
 73
    13
 74
     0
 42
0.0000000001
 43
0.0000000001
 40
0.0
 40
0.0
 40
0.0
 40
0.0
 40
1.0
 40
1.0
 40
1.0
 40
2.0
 40
2.0
 40
2.0
 40
3.0
 40
3.0
 40
3.0
 40
4.0
 40
4.0
 40
4.0
 40
4.0
 10
26.72500353944095
 20
26.62967943878195
 30
0.0
 10
26.72500353944095
 20
26.62967943878195
 30
0.0
 10
26.57804914004647
 20
26.62967943878195
 30
0.0
 10
26.57804914004647
 20
26.62967943878195
 30
0.0
 10
26.57804914004647
 20
26.62967943878195
 30
0.0
 10
26.57804914004647
 20
27.21749703635796
 30
0.0
 10
26.57804914004647
 20
27.21749703635796
 30
0.0
 10
26.57804914004647
 20
27.21749703635796
 30
0.0
 10
26.72500353944095
 20
27.21749703635796
 30
0.0
 10
26.72500353944095
 20
27.21749703635796
 30
0.0
 10
26.72500353944095
 20
27.21749703635796
 30
0.0
 10
26.72500353944095
 20
26.62967943878195
 30
0.0
 10
26.72500353944095
 20
26.62967943878195
 30
0.0
  0
SPLINE
  5
27E
330
70
100
AcDbEntity
  8
guideline
100
AcDbSpline
210
0.0
220
0.0
230
1.0
 70
    11
 71
     3
 72
    17
 73
    13
 74
     0
 42
0.0000000001
 43
0.0000000001
 40
0.0
 40
0.0
 40
0.0
 40
0.0
 40
1.0
 40
1.0
 40
1.0
 40
2.0
 40
2.0
 40
2.0
 40
3.0
 40
3.0
 40
3.0
 40
4.0
 40
4.0
 40
4.0
 40
4.0
 10
26.72500353944095
 20
27.80531463393366
 30
0.0
 10
26.72500353944095
 20
27.80531463393366
 30
0.0
 10
26.57804914004647
 20
27.80531463393366
 30
0.0
 10
26.57804914004647
 20
27.80531463393366
 30
0.0
 10
26.57804914004647
 20
27.80531463393366
 30
0.0
 10
26.57804914004647
 20
28.39313223150935
 30
0.0
 10
26.57804914004647
 20
28.39313223150935
 30
0.0
 10
26.57804914004647
 20
28.39313223150935
 30
0.0
 10
26.72500353944095
 20
28.39313223150935
 30
0.0
 10
26.72500353944095
 20
28.39313223150935
 30
0.0
 10
26.72500353944095
 20
28.39313223150935
 30
0.0
 10
26.72500353944095
 20
27.80531463393366
 30
0.0
 10
26.72500353944095
 20
27.80531463393366
 30
0.0
  0
SPLINE
  5
27F
330
70
100
AcDbEntity
  8
guideline
100
AcDbSpline
210
0.0
220
0.0
230
1.0
 70
    11
 71
     3
 72
    17
 73
    13
 74
     0
 42
0.0000000001
 43
0.0000000001
 40
0.0
 40
0.0
 40
0.0
 40
0.0
 40
1.0
 40
1.0
 40
1.0
 40
2.0
 40
2.0
 40
2.0
 40
3.0
 40
3.0
 40
3.0
 40
4.0
 40
4.0
 40
4.0
 40
4.0
 10
26.72500353944095
 20
28.98094982908729
 30
0.0
 10
26.72500353944095
 20
28.98094982908729
 30
0.0
 10
26.57804914004647
 20
28.98094982908729
 30
0.0
 10
26.57804914004647
 20
28.98094982908729
 30
0.0
 10
26.57804914004647
 20
28.98094982908729
 30
0.0
 10
26.57804914004647
 20
29.56876742666299
 30
0.0
 10
26.57804914004647
 20
29.56876742666299
 30
0.0
 10
26.57804914004647
 20
29.56876742666299
 30
0.0
 10
26.72500353944095
 20
29.56876742666299
 30
0.0
 10
26.72500353944095
 20
29.56876742666299
 30
0.0
 10
26.72500353944095
 20
29.56876742666299
 30
0.0
 10
26.72500353944095
 20
28.98094982908729
 30
0.0
 10
26.72500353944095
 20
28.98094982908729
 30
0.0
  0
SPLINE
  5
280
330
70
100
AcDbEntity
  8
guideline
100
AcDbSpline
210
0.0
220
0.0
230
1.0
 70
    11
 71
     3
 72
    17
 73
    13
 74
     0
 42
0.0000000001
 43
0.0000000001
 40
0.0
 40
0.0
 40
0.0
 40
0.0
 40
1.0
 40
1.0
 40
1.0
 40
2.0
 40
2.0
 40
2.0
 40
3.0
 40
3.0
 40
3.0
 40
4.0
 40
4.0
 40
4.0
 40
4.0
 10
26.72500353944095
 20
30.156585024239
 30
0.0
 10
26.72500353944095
 20
30.156585024239
 30
0.0
 10
26.57804914004647
 20
30.156585024239
 30
0.0
 10
26.57804914004647
 20
30.156585024239
 30
0.0
 10
26.57804914004647
 20
30.156585024239
 30
0.0
 10
26.57804914004647
 20
30.7444026218147
 30
0.0
 10
26.57804914004647
 20
30.7444026218147
 30
0.0
 10
26.57804914004647
 20
30.7444026218147
 30
0.0
 10
26.72500353944095
 20
30.7444026218147
 30
0.0
 10
26.72500353944095
 20
30.7444026218147
 30
0.0
 10
26.72500353944095
 20
30.7444026218147
 30
0.0
 10
26.72500353944095
 20
30.156585024239
 30
0.0
 10
26.72500353944095
 20
30.156585024239
 30
0.0
  0
SPLINE
  5
281
330
70
100
AcDbEntity
  8
guideline
100
AcDbSpline
210
0.0
220
0.0
230
1.0
 70
    11
 71
     3
 72
    17
 73
    13
 74
     0
 42
0.0000000001
 43
0.0000000001
 40
0.0
 40
0.0
 40
0.0
 40
0.0
 40
1.0
 40
1.0
 40
1.0
 40
2.0
 40
2.0
 40
2.0
 40
3.0
 40
3.0
 40
3.0
 40
4.0
 40
4.0
 40
4.0
 40
4.0
 10
26.72500353944095
 20
31.33222021939232
 30
0.0
 10
26.72500353944095
 20
31.33222021939232
 30
0.0
 10
26.57804914004647
 20
31.33222021939232
 30
0.0
 10
26.57804914004647
 20
31.33222021939232
 30
0.0
 10
26.57804914004647
 20
31.33222021939232
 30
0.0
 10
26.57804914004647
 20
31.92003781696834
 30
0.0
 10
26.57804914004647
 20
31.92003781696834
 30
0.0
 10
26.57804914004647
 20
31.92003781696834
 30
0.0
 10
26.72500353944095
 20
31.92003781696834
 30
0.0
 10
26.72500353944095
 20
31.92003781696834
 30
0.0
 10
26.72500353944095
 20
31.92003781696834
 30
0.0
 10
26.72500353944095
 20
31.33222021939232
 30
0.0
 10
26.72500353944095
 20
31.33222021939232
 30
0.0
  0
SPLINE
  5
282
330
70
100
AcDbEntity
  8
guideline
100
AcDbSpline
210
0.0
220
0.0
230
1.0
 70
    11
 71
     3
 72
    17
 73
    13
 74
     0
 42
0.0000000001
 43
0.0000000001
 40
0.0
 40
0.0
 40
0.0
 40
0.0
 40
1.0
 40
1.0
 40
1.0
 40
2.0
 40
2.0
 40
2.0
 40
3.0
 40
3.0
 40
3.0
 40
4.0
 40
4.0
 40
4.0
 40
4.0
 10
26.72500353944095
 20
32.50785541454595
 30
0.0
 10
26.72500353944095
 20
32.50785541454595
 30
0.0
 10
26.57804914004647
 20
32.50785541454595
 30
0.0
 10
26.57804914004647
 20
32.50785541454595
 30
0.0
 10
26.57804914004647
 20
32.50785541454595
 30
0.0
 10
26.57804914004647
 20
33.09567301212165
 30
0.0
 10
26.57804914004647
 20
33.09567301212165
 30
0.0
 10
26.57804914004647
 20
33.09567301212165
 30
0.0
 10
26.72500353944095
 20
33.09567301212165
 30
0.0
 10
26.72500353944095
 20
33.09567301212165
 30
0.0
 10
26.72500353944095
 20
33.09567301212165
 30
0.0
 10
26.72500353944095
 20
32.50785541454595
 30
0.0
 10
26.72500353944095
 20
32.50785541454595
 30
0.0
  0
SPLINE
  5
283
330
70
100
AcDbEntity
  8
guideline
100
AcDbSpline
210
0.0
220
0.0
230
1.0
 70
    11
 71
     3
 72
    17
 73
    13
 74
     0
 42
0.0000000001
 43
0.0000000001
 40
0.0
 40
0.0
 40
0.0
 40
0.0
 40
1.0
 40
1.0
 40
1.0
 40
2.0
 40
2.0
 40
2.0
 40
3.0
 40
3.0
 40
3.0
 40
4.0
 40
4.0
 40
4.0
 40
4.0
 10
26.72500353944095
 20
33.68349060969766
 30
0.0
 10
26.72500353944095
 20
33.68349060969766
 30
0.0
 10
26.57804914004647
 20
33.68349060969766
 30
0.0
 10
26.57804914004647
 20
33.68349060969766
 30
0.0
 10
26.57804914004647
 20
33.68349060969766
 30
0.0
 10
26.57804914004647
 20
34.27130820727336
 30
0.0
 10
26.57804914004647
 20
34.27130820727336
 30
0.0
 10
26.57804914004647
 20
34.27130820727336
 30
0.0
 10
26.72500353944095
 20
34.27130820727336
 30
0.0
 10
26.72500353944095
 20
34.27130820727336
 30
0.0
 10
26.72500353944095
 20
34.27130820727336
 30
0.0
 10
26.72500353944095
 20
33.68349060969766
 30
0.0
 10
26.72500353944095
 20
33.68349060969766
 30
0.0
  0
SPLINE
  5
284
330
70
100
AcDbEntity
  8
guideline
100
AcDbSpline
210
0.0
220
0.0
230
1.0
 70
    11
 71
     3
 72
    17
 73
    13
 74
     0
 42
0.0000000001
 43
0.0000000001
 40
0.0
 40
0.0
 40
0.0
 40
0.0
 40
1.0
 40
1.0
 40
1.0
 40
2.0
 40
2.0
 40
2.0
 40
3.0
 40
3.0
 40
3.0
 40
4.0
 40
4.0
 40
4.0
 40
4.0
 10
26.72500353944095
 20
34.85912580485098
 30
0.0
 10
26.72500353944095
 20
34.85912580485098
 30
0.0
 10
26.57804914004647
 20
34.85912580485098
 30
0.0
 10
26.57804914004647
 20
34.85912580485098
 30
0.0
 10
26.57804914004647
 20
34.85912580485098
 30
0.0
 10
26.57804914004647
 20
35.446943402427
 30
0.0
 10
26.57804914004647
 20
35.446943402427
 30
0.0
 10
26.57804914004647
 20
35.446943402427
 30
0.0
 10
26.72500353944095
 20
35.446943402427
 30
0.0
 10
26.72500353944095
 20
35.446943402427
 30
0.0
 10
26.72500353944095
 20
35.446943402427
 30
0.0
 10
26.72500353944095
 20
34.85912580485098
 30
0.0
 10
26.72500353944095
 20
34.85912580485098
 30
0.0
  0
SPLINE
  5
285
330
70
100
AcDbEntity
  8
guideline
100
AcDbSpline
210
0.0
220
0.0
230
1.0
 70
    11
 71
     3
 72
    17
 73
    13
 74
     0
 42
0.0000000001
 43
0.0000000001
 40
0.0
 40
0.0
 40
0.0
 40
0.0
 40
1.0
 40
1.0
 40
1.0
 40
2.0
 40
2.0
 40
2.0
 40
3.0
 40
3.0
 40
3.0
 40
4.0
 40
4.0
 40
4.0
 40
4.0
 10
26.72500353944095
 20
36.03476100000269
 30
0.0
 10
26.72500353944095
 20
36.03476100000269
 30
0.0
 10
26.57804914004647
 20
36.03476100000269
 30
0.0
 10
26.57804914004647
 20
36.03476100000269
 30
0.0
 10
26.57804914004647
 20
36.03476100000269
 30
0.0
 10
26.57804914004647
 20
36.62257859757871
 30
0.0
 10
26.57804914004647
 20
36.62257859757871
 30
0.0
 10
26.57804914004647
 20
36.62257859757871
 30
0.0
 10
26.72500353944095
 20
36.62257859757871
 30
0.0
 10
26.72500353944095
 20
36.62257859757871
 30
0.0
 10
26.72500353944095
 20
36.62257859757871
 30
0.0
 10
26.72500353944095
 20
36.03476100000269
 30
0.0
 10
26.72500353944095
 20
36.03476100000269
 30
0.0
  0
SPLINE
  5
286
330
70
100
AcDbEntity
  8
guideline
100
AcDbSpline
210
0.0
220
0.0
230
1.0
 70
    11
 71
     3
 72
    17
 73
    13
 74
     0
 42
0.0000000001
 43
0.0000000001
 40
0.0
 40
0.0
 40
0.0
 40
0.0
 40
1.0
 40
1.0
 40
1.0
 40
2.0
 40
2.0
 40
2.0
 40
3.0
 40
3.0
 40
3.0
 40
4.0
 40
4.0
 40
4.0
 40
4.0
 10
26.72500353944095
 20
37.21039619515633
 30
0.0
 10
26.72500353944095
 20
37.21039619515633
 30
0.0
 10
26.57804914004647
 20
37.21039619515633
 30
0.0
 10
26.57804914004647
 20
37.21039619515633
 30
0.0
 10
26.57804914004647
 20
37.21039619515633
 30
0.0
 10
26.57804914004647
 20
37.79821379273202
 30
0.0
 10
26.57804914004647
 20
37.79821379273202
 30
0.0
 10
26.57804914004647
 20
37.79821379273202
 30
0.0
 10
26.72500353944095
 20
37.79821379273202
 30
0.0
 10
26.72500353944095
 20
37.79821379273202
 30
0.0
 10
26.72500353944095
 20
37.79821379273202
 30
0.0
 10
26.72500353944095
 20
37.21039619515633
 30
0.0
 10
26.72500353944095
 20
37.21039619515633
 30
0.0
  0
SPLINE
  5
287
330
70
100
AcDbEntity
  8
guideline
100
AcDbSpline
210
0.0
220
0.0
230
1.0
 70
    11
 71
     3
 72
    17
 73
    13
 74
     0
 42
0.0000000001
 43
0.0000000001
 40
0.0
 40
0.0
 40
0.0
 40
0.0
 40
1.0
 40
1.0
 40
1.0
 40
2.0
 40
2.0
 40
2.0
 40
3.0
 40
3.0
 40
3.0
 40
4.0
 40
4.0
 40
4.0
 40
4.0
 10
26.72500353944095
 20
38.38603139030997
 30
0.0
 10
26.72500353944095
 20
38.38603139030997
 30
0.0
 10
26.57804914004647
 20
38.38603139030997
 30
0.0
 10
26.57804914004647
 20
38.38603139030997
 30
0.0
 10
26.57804914004647
 20
38.38603139030997
 30
0.0
 10
26.57804914004647
 20
38.97384898788566
 30
0.0
 10
26.57804914004647
 20
38.97384898788566
 30
0.0
 10
26.57804914004647
 20
38.97384898788566
 30
0.0
 10
26.72500353944095
 20
38.97384898788566
 30
0.0
 10
26.72500353944095
 20
38.97384898788566
 30
0.0
 10
26.72500353944095
 20
38.97384898788566
 30
0.0
 10
26.72500353944095
 20
38.38603139030997
 30
0.0
 10
26.72500353944095
 20
38.38603139030997
 30
0.0
  0
SPLINE
  5
288
330
70
100
AcDbEntity
  8
guideline
100
AcDbSpline
210
0.0
220
0.0
230
1.0
 70
    11
 71
     3
 72
    17
 73
    13
 74
     0
 42
0.0000000001
 43
0.0000000001
 40
0.0
 40
0.0
 40
0.0
 40
0.0
 40
1.0
 40
1.0
 40
1.0
 40
2.0
 40
2.0
 40
2.0
 40
3.0
 40
3.0
 40
3.0
 40
4.0
 40
4.0
 40
4.0
 40
4.0
 10
26.72500353944095
 20
39.56166658546167
 30
0.0
 10
26.72500353944095
 20
39.56166658546167
 30
0.0
 10
26.57804914004647
 20
39.56166658546167
 30
0.0
 10
26.57804914004647
 20
39.56166658546167
 30
0.0
 10
26.57804914004647
 20
39.56166658546167
 30
0.0
 10
26.57804914004647
 20
40.14948418303737
 30
0.0
 10
26.57804914004647
 20
40.14948418303737
 30
0.0
 10
26.57804914004647
 20
40.14948418303737
 30
0.0
 10
26.72500353944095
 20
40.14948418303737
 30
0.0
 10
26.72500353944095
 20
40.14948418303737
 30
0.0
 10
26.72500353944095
 20
40.14948418303737
 30
0.0
 10
26.72500353944095
 20
39.56166658546167
 30
0.0
 10
26.72500353944095
 20
39.56166658546167
 30
0.0
  0
SPLINE
  5
289
330
70
100
AcDbEntity
  8
guideline
100
AcDbSpline
210
0.0
220
0.0
230
1.0
 70
    11
 71
     3
 72
    17
 73
    13
 74
     0
 42
0.0000000001
 43
0.0000000001
 40
0.0
 40
0.0
 40
0.0
 40
0.0
 40
1.0
 40
1.0
 40
1.0
 40
2.0
 40
2.0
 40
2.0
 40
3.0
 40
3.0
 40
3.0
 40
4.0
 40
4.0
 40
4.0
 40
4.0
 10
26.72500353944095
 20
40.73730178061499
 30
0.0
 10
26.72500353944095
 20
40.73730178061499
 30
0.0
 10
26.57804914004647
 20
40.73730178061499
 30
0.0
 10
26.57804914004647
 20
40.73730178061499
 30
0.0
 10
26.57804914004647
 20
40.73730178061499
 30
0.0
 10
26.57804914004647
 20
41.325119378191
 30
0.0
 10
26.57804914004647
 20
41.325119378191
 30
0.0
 10
26.57804914004647
 20
41.325119378191
 30
0.0
 10
26.72500353944095
 20
41.325119378191
 30
0.0
 10
26.72500353944095
 20
41.325119378191
 30
0.0
 10
26.72500353944095
 20
41.325119378191
 30
0.0
 10
26.72500353944095
 20
40.73730178061499
 30
0.0
 10
26.72500353944095
 20
40.73730178061499
 30
0.0
  0
SPLINE
  5
28A
330
70
100
AcDbEntity
  8
guideline
100
AcDbSpline
210
0.0
220
0.0
230
1.0
 70
    11
 71
     3
 72
    17
 73
    13
 74
     0
 42
0.0000000001
 43
0.0000000001
 40
0.0
 40
0.0
 40
0.0
 40
0.0
 40
1.0
 40
1.0
 40
1.0
 40
2.0
 40
2.0
 40
2.0
 40
3.0
 40
3.0
 40
3.0
 40
4.0
 40
4.0
 40
4.0
 40
4.0
 10
26.72500353944095
 20
41.91293697576671
 30
0.0
 10
26.72500353944095
 20
41.91293697576671
 30
0.0
 10
26.57804914004647
 20
41.91293697576671
 30
0.0
 10
26.57804914004647
 20
41.91293697576671
 30
0.0
 10
26.57804914004647
 20
41.91293697576671
 30
0.0
 10
26.57804914004647
 20
42.50075457334271
 30
0.0
 10
26.57804914004647
 20
42.50075457334271
 30
0.0
 10
26.57804914004647
 20
42.50075457334271
 30
0.0
 10
26.72500353944095
 20
42.50075457334271
 30
0.0
 10
26.72500353944095
 20
42.50075457334271
 30
0.0
 10
26.72500353944095
 20
42.50075457334271
 30
0.0
 10
26.72500353944095
 20
41.91293697576671
 30
0.0
 10
26.72500353944095
 20
41.91293697576671
 30
0.0
  0
SPLINE
  5
28B
330
70
100
AcDbEntity
  8
guideline
100
AcDbSpline
210
0.0
220
0.0
230
1.0
 70
    11
 71
     3
 72
    17
 73
    13
 74
     0
 42
0.0000000001
 43
0.0000000001
 40
0.0
 40
0.0
 40
0.0
 40
0.0
 40
1.0
 40
1.0
 40
1.0
 40
2.0
 40
2.0
 40
2.0
 40
3.0
 40
3.0
 40
3.0
 40
4.0
 40
4.0
 40
4.0
 40
4.0
 10
26.72500353944095
 20
43.08857217092033
 30
0.0
 10
26.72500353944095
 20
43.08857217092033
 30
0.0
 10
26.57804914004647
 20
43.08857217092033
 30
0.0
 10
26.57804914004647
 20
43.08857217092033
 30
0.0
 10
26.57804914004647
 20
43.08857217092033
 30
0.0
 10
26.57804914004647
 20
43.59573706101596
 30
0.0
 10
26.57804914004647
 20
43.59573706101596
 30
0.0
 10
26.57804914004647
 20
43.59573706101596
 30
0.0
 10
26.72500353944095
 20
43.59573706101596
 30
0.0
 10
26.72500353944095
 20
43.59573706101596
 30
0.0
 10
26.72500353944095
 20
43.59573706101596
 30
0.0
 10
26.72500353944095
 20
43.08857217092033
 30
0.0
 10
26.72500353944095
 20
43.08857217092033
 30
0.0
  0
HATCH
  5
28C
330
70
100
AcDbEntity
  8
guideline
 62
   241
420
 16028843
440
 33554687
100
AcDbHatch
 10
0.0
 20
0.0
 30
0.0
210
0.0
220
0.0
230
1.0
  2
SOLID
 70
     1
 71
     1
 91
       32
 92
        1
 93
        1
 72
     4
 94
        3
 73
     0
 74
     0
 95
       17
 96
       13
 40
0.0
 40
0.0
 40
0.0
 40
0.0
 40
1.0
 40
1.0
 40
1.0
 40
2.0
 40
2.0
 40
2.0
 40
3.0
 40
3.0
 40
3.0
 40
4.0
 40
4.0
 40
4.0
 40
4.0
 10
26.72500353944095
 20
6.643881121184565
 10
26.72500353944095
 20
6.643881121184565
 10
26.57804914004647
 20
6.643881121184565
 10
26.57804914004647
 20
6.643881121184565
 10
26.57804914004647
 20
6.643881121184565
 10
26.57804914004647
 20
7.231698718760581
 10
26.57804914004647
 20
7.231698718760581
 10
26.57804914004647
 20
7.231698718760581
 10
26.72500353944095
 20
7.231698718760581
 10
26.72500353944095
 20
7.231698718760581
 10
26.72500353944095
 20
7.231698718760581
 10
26.72500353944095
 20
6.643881121184565
 10
26.72500353944095
 20
6.643881121184565
 97
        0
 97
        1
330
26C
 92
        1
 93
        2
 72
     4
 94
        3
 73
     0
 74
     0
 95
       17
 96
       13
 40
0.0
 40
0.0
 40
0.0
 40
0.0
 40
1.0
 40
1.0
 40
1.0
 40
2.0
 40
2.0
 40
2.0
 40
3.0
 40
3.0
 40
3.0
 40
4.0
 40
4.0
 40
4.0
 40
4.0
 10
26.72500353944095
 20
7.819516316336597
 10
26.72500353944095
 20
7.819516316336597
 10
26.57804914004647
 20
7.819516316336597
 10
26.57804914004647
 20
7.819516316336597
 10
26.57804914004647
 20
7.819516316336597
 10
26.57804914004647
 20
8.407333913912612
 10
26.57804914004647
 20
8.407333913912612
 10
26.57804914004647
 20
8.407333913912612
 10
26.72500353944095
 20
8.407333913912612
 10
26.72500353944095
 20
8.407333913912612
 10
26.72500353944095
 20
8.407333913912612
 10
26.72500353944095
 20
7.819516316336597
 10
26.72500353944095
 20
7.819516316336597
 97
        0
 72
     1
 10
26.72500353944095
 20
7.819516316336597
 11
26.72500353944095
 21
7.819516316336597
 97
        0
 92
        1
 93
        2
 72
     4
 94
        3
 73
     0
 74
     0
 95
       17
 96
       13
 40
0.0
 40
0.0
 40
0.0
 40
0.0
 40
1.0
 40
1.0
 40
1.0
 40
2.0
 40
2.0
 40
2.0
 40
3.0
 40
3.0
 40
3.0
 40
4.0
 40
4.0
 40
4.0
 40
4.0
 10
26.72500353944095
 20
8.995151511489913
 10
26.72500353944095
 20
8.995151511489913
 10
26.57804914004647
 20
8.995151511489913
 10
26.57804914004647
 20
8.995151511489913
 10
26.57804914004647
 20
8.995151511489913
 10
26.57804914004647
 20
9.582969109065928
 10
26.57804914004647
 20
9.582969109065928
 10
26.57804914004647
 20
9.582969109065928
 10
26.72500353944095
 20
9.582969109065928
 10
26.72500353944095
 20
9.582969109065928
 10
26.72500353944095
 20
9.582969109065928
 10
26.72500353944095
 20
8.995151511489913
 10
26.72500353944095
 20
8.995151511489913
 97
        0
 72
     1
 10
26.72500353944095
 20
8.995151511489913
 11
26.72500353944095
 21
8.995151511489913
 97
        0
 92
        1
 93
        2
 72
     4
 94
        3
 73
     0
 74
     0
 95
       17
 96
       13
 40
0.0
 40
0.0
 40
0.0
 40
0.0
 40
1.0
 40
1.0
 40
1.0
 40
2.0
 40
2.0
 40
2.0
 40
3.0
 40
3.0
 40
3.0
 40
4.0
 40
4.0
 40
4.0
 40
4.0
 10
26.72500353944095
 20
10.17078670664194
 10
26.72500353944095
 20
10.17078670664194
 10
26.57804914004647
 20
10.17078670664194
 10
26.57804914004647
 20
10.17078670664194
 10
26.57804914004647
 20
10.17078670664194
 10
26.57804914004647
 20
10.75860430421732
 10
26.57804914004647
 20
10.75860430421732
 10
26.57804914004647
 20
10.75860430421732
 10
26.72500353944095
 20
10.75860430421732
 10
26.72500353944095
 20
10.75860430421732
 10
26.72500353944095
 20
10.75860430421732
 10
26.72500353944095
 20
10.17078670664194
 10
26.72500353944095
 20
10.17078670664194
 97
        0
 72
     1
 10
26.72500353944095
 20
10.17078670664194
 11
26.72500353944095
 21
10.17078670664194
 97
        0
 92
        1
 93
        2
 72
     4
 94
        3
 73
     0
 74
     0
 95
       17
 96
       13
 40
0.0
 40
0.0
 40
0.0
 40
0.0
 40
1.0
 40
1.0
 40
1.0
 40
2.0
 40
2.0
 40
2.0
 40
3.0
 40
3.0
 40
3.0
 40
4.0
 40
4.0
 40
4.0
 40
4.0
 10
26.72500353944095
 20
11.34642190179526
 10
26.72500353944095
 20
11.34642190179526
 10
26.57804914004647
 20
11.34642190179526
 10
26.57804914004647
 20
11.34642190179526
 10
26.57804914004647
 20
11.34642190179526
 10
26.57804914004647
 20
11.93423949937127
 10
26.57804914004647
 20
11.93423949937127
 10
26.57804914004647
 20
11.93423949937127
 10
26.72500353944095
 20
11.93423949937127
 10
26.72500353944095
 20
11.93423949937127
 10
26.72500353944095
 20
11.93423949937127
 10
26.72500353944095
 20
11.34642190179526
 10
26.72500353944095
 20
11.34642190179526
 97
        0
 72
     1
 10
26.72500353944095
 20
11.34642190179526
 11
26.72500353944095
 21
11.34642190179526
 97
        0
 92
        1
 93
        2
 72
     4
 94
        3
 73
     0
 74
     0
 95
       17
 96
       13
 40
0.0
 40
0.0
 40
0.0
 40
0.0
 40
1.0
 40
1.0
 40
1.0
 40
2.0
 40
2.0
 40
2.0
 40
3.0
 40
3.0
 40
3.0
 40
4.0
 40
4.0
 40
4.0
 40
4.0
 10
26.72500353944095
 20
12.52205709694857
 10
26.72500353944095
 20
12.52205709694857
 10
26.57804914004647
 20
12.52205709694857
 10
26.57804914004647
 20
12.52205709694857
 10
26.57804914004647
 20
12.52205709694857
 10
26.57804914004647
 20
13.10987469452459
 10
26.57804914004647
 20
13.10987469452459
 10
26.57804914004647
 20
13.10987469452459
 10
26.72500353944095
 20
13.10987469452459
 10
26.72500353944095
 20
13.10987469452459
 10
26.72500353944095
 20
13.10987469452459
 10
26.72500353944095
 20
12.52205709694857
 10
26.72500353944095
 20
12.52205709694857
 97
        0
 72
     1
 10
26.72500353944095
 20
12.52205709694857
 11
26.72500353944095
 21
12.52205709694857
 97
        0
 92
        1
 93
        2
 72
     4
 94
        3
 73
     0
 74
     0
 95
       17
 96
       13
 40
0.0
 40
0.0
 40
0.0
 40
0.0
 40
1.0
 40
1.0
 40
1.0
 40
2.0
 40
2.0
 40
2.0
 40
3.0
 40
3.0
 40
3.0
 40
4.0
 40
4.0
 40
4.0
 40
4.0
 10
26.72500353944095
 20
13.69769229210061
 10
26.72500353944095
 20
13.69769229210061
 10
26.57804914004647
 20
13.69769229210061
 10
26.57804914004647
 20
13.69769229210061
 10
26.57804914004647
 20
13.69769229210061
 10
26.57804914004647
 20
14.28550988967662
 10
26.57804914004647
 20
14.28550988967662
 10
26.57804914004647
 20
14.28550988967662
 10
26.72500353944095
 20
14.28550988967662
 10
26.72500353944095
 20
14.28550988967662
 10
26.72500353944095
 20
14.28550988967662
 10
26.72500353944095
 20
13.69769229210061
 10
26.72500353944095
 20
13.69769229210061
 97
        0
 72
     1
 10
26.72500353944095
 20
13.69769229210061
 11
26.72500353944095
 21
13.69769229210061
 97
        0
 92
        1
 93
        2
 72
     4
 94
        3
 73
     0
 74
     0
 95
       17
 96
       13
 40
0.0
 40
0.0
 40
0.0
 40
0.0
 40
1.0
 40
1.0
 40
1.0
 40
2.0
 40
2.0
 40
2.0
 40
3.0
 40
3.0
 40
3.0
 40
4.0
 40
4.0
 40
4.0
 40
4.0
 10
26.72500353944095
 20
14.87332748725392
 10
26.72500353944095
 20
14.87332748725392
 10
26.57804914004647
 20
14.87332748725392
 10
26.57804914004647
 20
14.87332748725392
 10
26.57804914004647
 20
14.87332748725392
 10
26.57804914004647
 20
15.46114508482994
 10
26.57804914004647
 20
15.46114508482994
 10
26.57804914004647
 20
15.46114508482994
 10
26.72500353944095
 20
15.46114508482994
 10
26.72500353944095
 20
15.46114508482994
 10
26.72500353944095
 20
15.46114508482994
 10
26.72500353944095
 20
14.87332748725392
 10
26.72500353944095
 20
14.87332748725392
 97
        0
 72
     1
 10
26.72500353944095
 20
14.87332748725392
 11
26.72500353944095
 21
14.87332748725392
 97
        0
 92
        1
 93
        2
 72
     4
 94
        3
 73
     0
 74
     0
 95
       17
 96
       13
 40
0.0
 40
0.0
 40
0.0
 40
0.0
 40
1.0
 40
1.0
 40
1.0
 40
2.0
 40
2.0
 40
2.0
 40
3.0
 40
3.0
 40
3.0
 40
4.0
 40
4.0
 40
4.0
 40
4.0
 10
26.72500353944095
 20
16.04896268240595
 10
26.72500353944095
 20
16.04896268240595
 10
26.57804914004647
 20
16.04896268240595
 10
26.57804914004647
 20
16.04896268240595
 10
26.57804914004647
 20
16.04896268240595
 10
26.57804914004647
 20
16.63678027998133
 10
26.57804914004647
 20
16.63678027998133
 10
26.57804914004647
 20
16.63678027998133
 10
26.72500353944095
 20
16.63678027998133
 10
26.72500353944095
 20
16.63678027998133
 10
26.72500353944095
 20
16.63678027998133
 10
26.72500353944095
 20
16.04896268240595
 10
26.72500353944095
 20
16.04896268240595
 97
        0
 72
     1
 10
26.72500353944095
 20
16.04896268240595
 11
26.72500353944095
 21
16.04896268240595
 97
        0
 92
        1
 93
        2
 72
     4
 94
        3
 73
     0
 74
     0
 95
       17
 96
       13
 40
0.0
 40
0.0
 40
0.0
 40
0.0
 40
1.0
 40
1.0
 40
1.0
 40
2.0
 40
2.0
 40
2.0
 40
3.0
 40
3.0
 40
3.0
 40
4.0
 40
4.0
 40
4.0
 40
4.0
 10
26.72500353944095
 20
17.22459787755927
 10
26.72500353944095
 20
17.22459787755927
 10
26.57804914004647
 20
17.22459787755927
 10
26.57804914004647
 20
17.22459787755927
 10
26.57804914004647
 20
17.22459787755927
 10
26.57804914004647
 20
17.81241547513528
 10
26.57804914004647
 20
17.81241547513528
 10
26.57804914004647
 20
17.81241547513528
 10
26.72500353944095
 20
17.81241547513528
 10
26.72500353944095
 20
17.81241547513528
 10
26.72500353944095
 20
17.81241547513528
 10
26.72500353944095
 20
17.22459787755927
 10
26.72500353944095
 20
17.22459787755927
 97
        0
 72
     1
 10
26.72500353944095
 20
17.22459787755927
 11
26.72500353944095
 21
17.22459787755927
 97
        0
 92
        1
 93
        2
 72
     4
 94
        3
 73
     0
 74
     0
 95
       17
 96
       13
 40
0.0
 40
0.0
 40
0.0
 40
0.0
 40
1.0
 40
1.0
 40
1.0
 40
2.0
 40
2.0
 40
2.0
 40
3.0
 40
3.0
 40
3.0
 40
4.0
 40
4.0
 40
4.0
 40
4.0
 10
26.72500353944095
 20
18.40023307271258
 10
26.72500353944095
 20
18.40023307271258
 10
26.57804914004647
 20
18.40023307271258
 10
26.57804914004647
 20
18.40023307271258
 10
26.57804914004647
 20
18.40023307271258
 10
26.57804914004647
 20
18.9880506702886
 10
26.57804914004647
 20
18.9880506702886
 10
26.57804914004647
 20
18.9880506702886
 10
26.72500353944095
 20
18.9880506702886
 10
26.72500353944095
 20
18.9880506702886
 10
26.72500353944095
 20
18.9880506702886
 10
26.72500353944095
 20
18.40023307271258
 10
26.72500353944095
 20
18.40023307271258
 97
        0
 72
     1
 10
26.72500353944095
 20
18.40023307271258
 11
26.72500353944095
 21
18.40023307271258
 97
        0
 92
        1
 93
        2
 72
     4
 94
        3
 73
     0
 74
     0
 95
       17
 96
       13
 40
0.0
 40
0.0
 40
0.0
 40
0.0
 40
1.0
 40
1.0
 40
1.0
 40
2.0
 40
2.0
 40
2.0
 40
3.0
 40
3.0
 40
3.0
 40
4.0
 40
4.0
 40
4.0
 40
4.0
 10
26.72500353944095
 20
19.57586826786462
 10
26.72500353944095
 20
19.57586826786462
 10
26.57804914004647
 20
19.57586826786462
 10
26.57804914004647
 20
19.57586826786462
 10
26.57804914004647
 20
19.57586826786462
 10
26.57804914004647
 20
20.16368586543999
 10
26.57804914004647
 20
20.16368586543999
 10
26.57804914004647
 20
20.16368586543999
 10
26.72500353944095
 20
20.16368586543999
 10
26.72500353944095
 20
20.16368586543999
 10
26.72500353944095
 20
20.16368586543999
 10
26.72500353944095
 20
19.57586826786462
 10
26.72500353944095
 20
19.57586826786462
 97
        0
 72
     1
 10
26.72500353944095
 20
19.57586826786462
 11
26.72500353944095
 21
19.57586826786462
 97
        0
 92
        1
 93
        2
 72
     4
 94
        3
 73
     0
 74
     0
 95
       17
 96
       13
 40
0.0
 40
0.0
 40
0.0
 40
0.0
 40
1.0
 40
1.0
 40
1.0
 40
2.0
 40
2.0
 40
2.0
 40
3.0
 40
3.0
 40
3.0
 40
4.0
 40
4.0
 40
4.0
 40
4.0
 10
26.72500353944095
 20
20.75150346301793
 10
26.72500353944095
 20
20.75150346301793
 10
26.57804914004647
 20
20.75150346301793
 10
26.57804914004647
 20
20.75150346301793
 10
26.57804914004647
 20
20.75150346301793
 10
26.57804914004647
 20
21.33932106059395
 10
26.57804914004647
 20
21.33932106059395
 10
26.57804914004647
 20
21.33932106059395
 10
26.72500353944095
 20
21.33932106059395
 10
26.72500353944095
 20
21.33932106059395
 10
26.72500353944095
 20
21.33932106059395
 10
26.72500353944095
 20
20.75150346301793
 10
26.72500353944095
 20
20.75150346301793
 97
        0
 72
     1
 10
26.72500353944095
 20
20.75150346301793
 11
26.72500353944095
 21
20.75150346301793
 97
        0
 92
        1
 93
        2
 72
     4
 94
        3
 73
     0
 74
     0
 95
       17
 96
       13
 40
0.0
 40
0.0
 40
0.0
 40
0.0
 40
1.0
 40
1.0
 40
1.0
 40
2.0
 40
2.0
 40
2.0
 40
3.0
 40
3.0
 40
3.0
 40
4.0
 40
4.0
 40
4.0
 40
4.0
 10
26.72500353944095
 20
21.92713865816997
 10
26.72500353944095
 20
21.92713865816997
 10
26.57804914004647
 20
21.92713865816997
 10
26.57804914004647
 20
21.92713865816997
 10
26.57804914004647
 20
21.92713865816997
 10
26.57804914004647
 20
22.51495625574534
 10
26.57804914004647
 20
22.51495625574534
 10
26.57804914004647
 20
22.51495625574534
 10
26.72500353944095
 20
22.51495625574534
 10
26.72500353944095
 20
22.51495625574534
 10
26.72500353944095
 20
22.51495625574534
 10
26.72500353944095
 20
21.92713865816997
 10
26.72500353944095
 20
21.92713865816997
 97
        0
 72
     1
 10
26.72500353944095
 20
21.92713865816997
 11
26.72500353944095
 21
21.92713865816997
 97
        0
 92
        1
 93
        2
 72
     4
 94
        3
 73
     0
 74
     0
 95
       17
 96
       13
 40
0.0
 40
0.0
 40
0.0
 40
0.0
 40
1.0
 40
1.0
 40
1.0
 40
2.0
 40
2.0
 40
2.0
 40
3.0
 40
3.0
 40
3.0
 40
4.0
 40
4.0
 40
4.0
 40
4.0
 10
26.72500353944095
 20
23.10277385332328
 10
26.72500353944095
 20
23.10277385332328
 10
26.57804914004647
 20
23.10277385332328
 10
26.57804914004647
 20
23.10277385332328
 10
26.57804914004647
 20
23.10277385332328
 10
26.57804914004647
 20
23.6905914508993
 10
26.57804914004647
 20
23.6905914508993
 10
26.57804914004647
 20
23.6905914508993
 10
26.72500353944095
 20
23.6905914508993
 10
26.72500353944095
 20
23.6905914508993
 10
26.72500353944095
 20
23.6905914508993
 10
26.72500353944095
 20
23.10277385332328
 10
26.72500353944095
 20
23.10277385332328
 97
        0
 72
     1
 10
26.72500353944095
 20
23.10277385332328
 11
26.72500353944095
 21
23.10277385332328
 97
        0
 92
        1
 93
        2
 72
     4
 94
        3
 73
     0
 74
     0
 95
       17
 96
       13
 40
0.0
 40
0.0
 40
0.0
 40
0.0
 40
1.0
 40
1.0
 40
1.0
 40
2.0
 40
2.0
 40
2.0
 40
3.0
 40
3.0
 40
3.0
 40
4.0
 40
4.0
 40
4.0
 40
4.0
 10
26.72500353944095
 20
24.27840904847467
 10
26.72500353944095
 20
24.27840904847467
 10
26.57804914004647
 20
24.27840904847467
 10
26.57804914004647
 20
24.27840904847467
 10
26.57804914004647
 20
24.27840904847467
 10
26.57804914004647
 20
24.86622664605262
 10
26.57804914004647
 20
24.86622664605262
 10
26.57804914004647
 20
24.86622664605262
 10
26.72500353944095
 20
24.86622664605262
 10
26.72500353944095
 20
24.86622664605262
 10
26.72500353944095
 20
24.86622664605262
 10
26.72500353944095
 20
24.27840904847467
 10
26.72500353944095
 20
24.27840904847467
 97
        0
 72
     1
 10
26.72500353944095
 20
24.27840904847467
 11
26.72500353944095
 21
24.27840904847467
 97
        0
 92
        1
 93
        2
 72
     4
 94
        3
 73
     0
 74
     0
 95
       17
 96
       13
 40
0.0
 40
0.0
 40
0.0
 40
0.0
 40
1.0
 40
1.0
 40
1.0
 40
2.0
 40
2.0
 40
2.0
 40
3.0
 40
3.0
 40
3.0
 40
4.0
 40
4.0
 40
4.0
 40
4.0
 10
26.72500353944095
 20
25.45404424362831
 10
26.72500353944095
 20
25.45404424362831
 10
26.57804914004647
 20
25.45404424362831
 10
26.57804914004647
 20
25.45404424362831
 10
26.57804914004647
 20
25.45404424362831
 10
26.57804914004647
 20
26.04186184120433
 10
26.57804914004647
 20
26.04186184120433
 10
26.57804914004647
 20
26.04186184120433
 10
26.72500353944095
 20
26.04186184120433
 10
26.72500353944095
 20
26.04186184120433
 10
26.72500353944095
 20
26.04186184120433
 10
26.72500353944095
 20
25.45404424362831
 10
26.72500353944095
 20
25.45404424362831
 97
        0
 72
     1
 10
26.72500353944095
 20
25.45404424362831
 11
26.72500353944095
 21
25.45404424362831
 97
        0
 92
        1
 93
        2
 72
     4
 94
        3
 73
     0
 74
     0
 95
       17
 96
       13
 40
0.0
 40
0.0
 40
0.0
 40
0.0
 40
1.0
 40
1.0
 40
1.0
 40
2.0
 40
2.0
 40
2.0
 40
3.0
 40
3.0
 40
3.0
 40
4.0
 40
4.0
 40
4.0
 40
4.0
 10
26.72500353944095
 20
26.62967943878195
 10
26.72500353944095
 20
26.62967943878195
 10
26.57804914004647
 20
26.62967943878195
 10
26.57804914004647
 20
26.62967943878195
 10
26.57804914004647
 20
26.62967943878195
 10
26.57804914004647
 20
27.21749703635796
 10
26.57804914004647
 20
27.21749703635796
 10
26.57804914004647
 20
27.21749703635796
 10
26.72500353944095
 20
27.21749703635796
 10
26.72500353944095
 20
27.21749703635796
 10
26.72500353944095
 20
27.21749703635796
 10
26.72500353944095
 20
26.62967943878195
 10
26.72500353944095
 20
26.62967943878195
 97
        0
 72
     1
 10
26.72500353944095
 20
26.62967943878195
 11
26.72500353944095
 21
26.62967943878195
 97
        0
 92
        1
 93
        2
 72
     4
 94
        3
 73
     0
 74
     0
 95
       17
 96
       13
 40
0.0
 40
0.0
 40
0.0
 40
0.0
 40
1.0
 40
1.0
 40
1.0
 40
2.0
 40
2.0
 40
2.0
 40
3.0
 40
3.0
 40
3.0
 40
4.0
 40
4.0
 40
4.0
 40
4.0
 10
26.72500353944095
 20
27.80531463393366
 10
26.72500353944095
 20
27.80531463393366
 10
26.57804914004647
 20
27.80531463393366
 10
26.57804914004647
 20
27.80531463393366
 10
26.57804914004647
 20
27.80531463393366
 10
26.57804914004647
 20
28.39313223150935
 10
26.57804914004647
 20
28.39313223150935
 10
26.57804914004647
 20
28.39313223150935
 10
26.72500353944095
 20
28.39313223150935
 10
26.72500353944095
 20
28.39313223150935
 10
26.72500353944095
 20
28.39313223150935
 10
26.72500353944095
 20
27.80531463393366
 10
26.72500353944095
 20
27.80531463393366
 97
        0
 72
     1
 10
26.72500353944095
 20
27.80531463393366
 11
26.72500353944095
 21
27.80531463393366
 97
        0
 92
        1
 93
        2
 72
     4
 94
        3
 73
     0
 74
     0
 95
       17
 96
       13
 40
0.0
 40
0.0
 40
0.0
 40
0.0
 40
1.0
 40
1.0
 40
1.0
 40
2.0
 40
2.0
 40
2.0
 40
3.0
 40
3.0
 40
3.0
 40
4.0
 40
4.0
 40
4.0
 40
4.0
 10
26.72500353944095
 20
28.98094982908729
 10
26.72500353944095
 20
28.98094982908729
 10
26.57804914004647
 20
28.98094982908729
 10
26.57804914004647
 20
28.98094982908729
 10
26.57804914004647
 20
28.98094982908729
 10
26.57804914004647
 20
29.56876742666299
 10
26.57804914004647
 20
29.56876742666299
 10
26.57804914004647
 20
29.56876742666299
 10
26.72500353944095
 20
29.56876742666299
 10
26.72500353944095
 20
29.56876742666299
 10
26.72500353944095
 20
29.56876742666299
 10
26.72500353944095
 20
28.98094982908729
 10
26.72500353944095
 20
28.98094982908729
 97
        0
 72
     1
 10
26.72500353944095
 20
28.98094982908729
 11
26.72500353944095
 21
28.98094982908729
 97
        0
 92
        1
 93
        2
 72
     4
 94
        3
 73
     0
 74
     0
 95
       17
 96
       13
 40
0.0
 40
0.0
 40
0.0
 40
0.0
 40
1.0
 40
1.0
 40
1.0
 40
2.0
 40
2.0
 40
2.0
 40
3.0
 40
3.0
 40
3.0
 40
4.0
 40
4.0
 40
4.0
 40
4.0
 10
26.72500353944095
 20
30.156585024239
 10
26.72500353944095
 20
30.156585024239
 10
26.57804914004647
 20
30.156585024239
 10
26.57804914004647
 20
30.156585024239
 10
26.57804914004647
 20
30.156585024239
 10
26.57804914004647
 20
30.7444026218147
 10
26.57804914004647
 20
30.7444026218147
 10
26.57804914004647
 20
30.7444026218147
 10
26.72500353944095
 20
30.7444026218147
 10
26.72500353944095
 20
30.7444026218147
 10
26.72500353944095
 20
30.7444026218147
 10
26.72500353944095
 20
30.156585024239
 10
26.72500353944095
 20
30.156585024239
 97
        0
 72
     1
 10
26.72500353944095
 20
30.156585024239
 11
26.72500353944095
 21
30.156585024239
 97
        0
 92
        1
 93
        2
 72
     4
 94
        3
 73
     0
 74
     0
 95
       17
 96
       13
 40
0.0
 40
0.0
 40
0.0
 40
0.0
 40
1.0
 40
1.0
 40
1.0
 40
2.0
 40
2.0
 40
2.0
 40
3.0
 40
3.0
 40
3.0
 40
4.0
 40
4.0
 40
4.0
 40
4.0
 10
26.72500353944095
 20
31.33222021939232
 10
26.72500353944095
 20
31.33222021939232
 10
26.57804914004647
 20
31.33222021939232
 10
26.57804914004647
 20
31.33222021939232
 10
26.57804914004647
 20
31.33222021939232
 10
26.57804914004647
 20
31.92003781696834
 10
26.57804914004647
 20
31.92003781696834
 10
26.57804914004647
 20
31.92003781696834
 10
26.72500353944095
 20
31.92003781696834
 10
26.72500353944095
 20
31.92003781696834
 10
26.72500353944095
 20
31.92003781696834
 10
26.72500353944095
 20
31.33222021939232
 10
26.72500353944095
 20
31.33222021939232
 97
        0
 72
     1
 10
26.72500353944095
 20
31.33222021939232
 11
26.72500353944095
 21
31.33222021939232
 97
        0
 92
        1
 93
        2
 72
     4
 94
        3
 73
     0
 74
     0
 95
       17
 96
       13
 40
0.0
 40
0.0
 40
0.0
 40
0.0
 40
1.0
 40
1.0
 40
1.0
 40
2.0
 40
2.0
 40
2.0
 40
3.0
 40
3.0
 40
3.0
 40
4.0
 40
4.0
 40
4.0
 40
4.0
 10
26.72500353944095
 20
32.50785541454595
 10
26.72500353944095
 20
32.50785541454595
 10
26.57804914004647
 20
32.50785541454595
 10
26.57804914004647
 20
32.50785541454595
 10
26.57804914004647
 20
32.50785541454595
 10
26.57804914004647
 20
33.09567301212165
 10
26.57804914004647
 20
33.09567301212165
 10
26.57804914004647
 20
33.09567301212165
 10
26.72500353944095
 20
33.09567301212165
 10
26.72500353944095
 20
33.09567301212165
 10
26.72500353944095
 20
33.09567301212165
 10
26.72500353944095
 20
32.50785541454595
 10
26.72500353944095
 20
32.50785541454595
 97
        0
 72
     1
 10
26.72500353944095
 20
32.50785541454595
 11
26.72500353944095
 21
32.50785541454595
 97
        0
 92
        1
 93
        2
 72
     4
 94
        3
 73
     0
 74
     0
 95
       17
 96
       13
 40
0.0
 40
0.0
 40
0.0
 40
0.0
 40
1.0
 40
1.0
 40
1.0
 40
2.0
 40
2.0
 40
2.0
 40
3.0
 40
3.0
 40
3.0
 40
4.0
 40
4.0
 40
4.0
 40
4.0
 10
26.72500353944095
 20
33.68349060969766
 10
26.72500353944095
 20
33.68349060969766
 10
26.57804914004647
 20
33.68349060969766
 10
26.57804914004647
 20
33.68349060969766
 10
26.57804914004647
 20
33.68349060969766
 10
26.57804914004647
 20
34.27130820727336
 10
26.57804914004647
 20
34.27130820727336
 10
26.57804914004647
 20
34.27130820727336
 10
26.72500353944095
 20
34.27130820727336
 10
26.72500353944095
 20
34.27130820727336
 10
26.72500353944095
 20
34.27130820727336
 10
26.72500353944095
 20
33.68349060969766
 10
26.72500353944095
 20
33.68349060969766
 97
        0
 72
     1
 10
26.72500353944095
 20
33.68349060969766
 11
26.72500353944095
 21
33.68349060969766
 97
        0
 92
        1
 93
        2
 72
     4
 94
        3
 73
     0
 74
     0
 95
       17
 96
       13
 40
0.0
 40
0.0
 40
0.0
 40
0.0
 40
1.0
 40
1.0
 40
1.0
 40
2.0
 40
2.0
 40
2.0
 40
3.0
 40
3.0
 40
3.0
 40
4.0
 40
4.0
 40
4.0
 40
4.0
 10
26.72500353944095
 20
34.85912580485098
 10
26.72500353944095
 20
34.85912580485098
 10
26.57804914004647
 20
34.85912580485098
 10
26.57804914004647
 20
34.85912580485098
 10
26.57804914004647
 20
34.85912580485098
 10
26.57804914004647
 20
35.446943402427
 10
26.57804914004647
 20
35.446943402427
 10
26.57804914004647
 20
35.446943402427
 10
26.72500353944095
 20
35.446943402427
 10
26.72500353944095
 20
35.446943402427
 10
26.72500353944095
 20
35.446943402427
 10
26.72500353944095
 20
34.85912580485098
 10
26.72500353944095
 20
34.85912580485098
 97
        0
 72
     1
 10
26.72500353944095
 20
34.85912580485098
 11
26.72500353944095
 21
34.85912580485098
 97
        0
 92
        1
 93
        2
 72
     4
 94
        3
 73
     0
 74
     0
 95
       17
 96
       13
 40
0.0
 40
0.0
 40
0.0
 40
0.0
 40
1.0
 40
1.0
 40
1.0
 40
2.0
 40
2.0
 40
2.0
 40
3.0
 40
3.0
 40
3.0
 40
4.0
 40
4.0
 40
4.0
 40
4.0
 10
26.72500353944095
 20
36.03476100000269
 10
26.72500353944095
 20
36.03476100000269
 10
26.57804914004647
 20
36.03476100000269
 10
26.57804914004647
 20
36.03476100000269
 10
26.57804914004647
 20
36.03476100000269
 10
26.57804914004647
 20
36.62257859757871
 10
26.57804914004647
 20
36.62257859757871
 10
26.57804914004647
 20
36.62257859757871
 10
26.72500353944095
 20
36.62257859757871
 10
26.72500353944095
 20
36.62257859757871
 10
26.72500353944095
 20
36.62257859757871
 10
26.72500353944095
 20
36.03476100000269
 10
26.72500353944095
 20
36.03476100000269
 97
        0
 72
     1
 10
26.72500353944095
 20
36.03476100000269
 11
26.72500353944095
 21
36.03476100000269
 97
        0
 92
        1
 93
        2
 72
     4
 94
        3
 73
     0
 74
     0
 95
       17
 96
       13
 40
0.0
 40
0.0
 40
0.0
 40
0.0
 40
1.0
 40
1.0
 40
1.0
 40
2.0
 40
2.0
 40
2.0
 40
3.0
 40
3.0
 40
3.0
 40
4.0
 40
4.0
 40
4.0
 40
4.0
 10
26.72500353944095
 20
37.21039619515633
 10
26.72500353944095
 20
37.21039619515633
 10
26.57804914004647
 20
37.21039619515633
 10
26.57804914004647
 20
37.21039619515633
 10
26.57804914004647
 20
37.21039619515633
 10
26.57804914004647
 20
37.79821379273202
 10
26.57804914004647
 20
37.79821379273202
 10
26.57804914004647
 20
37.79821379273202
 10
26.72500353944095
 20
37.79821379273202
 10
26.72500353944095
 20
37.79821379273202
 10
26.72500353944095
 20
37.79821379273202
 10
26.72500353944095
 20
37.21039619515633
 10
26.72500353944095
 20
37.21039619515633
 97
        0
 72
     1
 10
26.72500353944095
 20
37.21039619515633
 11
26.72500353944095
 21
37.21039619515633
 97
        0
 92
        1
 93
        2
 72
     4
 94
        3
 73
     0
 74
     0
 95
       17
 96
       13
 40
0.0
 40
0.0
 40
0.0
 40
0.0
 40
1.0
 40
1.0
 40
1.0
 40
2.0
 40
2.0
 40
2.0
 40
3.0
 40
3.0
 40
3.0
 40
4.0
 40
4.0
 40
4.0
 40
4.0
 10
26.72500353944095
 20
38.38603139030997
 10
26.72500353944095
 20
38.38603139030997
 10
26.57804914004647
 20
38.38603139030997
 10
26.57804914004647
 20
38.38603139030997
 10
26.57804914004647
 20
38.38603139030997
 10
26.57804914004647
 20
38.97384898788566
 10
26.57804914004647
 20
38.97384898788566
 10
26.57804914004647
 20
38.97384898788566
 10
26.72500353944095
 20
38.97384898788566
 10
26.72500353944095
 20
38.97384898788566
 10
26.72500353944095
 20
38.97384898788566
 10
26.72500353944095
 20
38.38603139030997
 10
26.72500353944095
 20
38.38603139030997
 97
        0
 72
     1
 10
26.72500353944095
 20
38.38603139030997
 11
26.72500353944095
 21
38.38603139030997
 97
        0
 92
        1
 93
        2
 72
     4
 94
        3
 73
     0
 74
     0
 95
       17
 96
       13
 40
0.0
 40
0.0
 40
0.0
 40
0.0
 40
1.0
 40
1.0
 40
1.0
 40
2.0
 40
2.0
 40
2.0
 40
3.0
 40
3.0
 40
3.0
 40
4.0
 40
4.0
 40
4.0
 40
4.0
 10
26.72500353944095
 20
39.56166658546167
 10
26.72500353944095
 20
39.56166658546167
 10
26.57804914004647
 20
39.56166658546167
 10
26.57804914004647
 20
39.56166658546167
 10
26.57804914004647
 20
39.56166658546167
 10
26.57804914004647
 20
40.14948418303737
 10
26.57804914004647
 20
40.14948418303737
 10
26.57804914004647
 20
40.14948418303737
 10
26.72500353944095
 20
40.14948418303737
 10
26.72500353944095
 20
40.14948418303737
 10
26.72500353944095
 20
40.14948418303737
 10
26.72500353944095
 20
39.56166658546167
 10
26.72500353944095
 20
39.56166658546167
 97
        0
 72
     1
 10
26.72500353944095
 20
39.56166658546167
 11
26.72500353944095
 21
39.56166658546167
 97
        0
 92
        1
 93
        2
 72
     4
 94
        3
 73
     0
 74
     0
 95
       17
 96
       13
 40
0.0
 40
0.0
 40
0.0
 40
0.0
 40
1.0
 40
1.0
 40
1.0
 40
2.0
 40
2.0
 40
2.0
 40
3.0
 40
3.0
 40
3.0
 40
4.0
 40
4.0
 40
4.0
 40
4.0
 10
26.72500353944095
 20
40.73730178061499
 10
26.72500353944095
 20
40.73730178061499
 10
26.57804914004647
 20
40.73730178061499
 10
26.57804914004647
 20
40.73730178061499
 10
26.57804914004647
 20
40.73730178061499
 10
26.57804914004647
 20
41.325119378191
 10
26.57804914004647
 20
41.325119378191
 10
26.57804914004647
 20
41.325119378191
 10
26.72500353944095
 20
41.325119378191
 10
26.72500353944095
 20
41.325119378191
 10
26.72500353944095
 20
41.325119378191
 10
26.72500353944095
 20
40.73730178061499
 10
26.72500353944095
 20
40.73730178061499
 97
        0
 72
     1
 10
26.72500353944095
 20
40.73730178061499
 11
26.72500353944095
 21
40.73730178061499
 97
        0
 92
        1
 93
        2
 72
     4
 94
        3
 73
     0
 74
     0
 95
       17
 96
       13
 40
0.0
 40
0.0
 40
0.0
 40
0.0
 40
1.0
 40
1.0
 40
1.0
 40
2.0
 40
2.0
 40
2.0
 40
3.0
 40
3.0
 40
3.0
 40
4.0
 40
4.0
 40
4.0
 40
4.0
 10
26.72500353944095
 20
41.91293697576671
 10
26.72500353944095
 20
41.91293697576671
 10
26.57804914004647
 20
41.91293697576671
 10
26.57804914004647
 20
41.91293697576671
 10
26.57804914004647
 20
41.91293697576671
 10
26.57804914004647
 20
42.50075457334271
 10
26.57804914004647
 20
42.50075457334271
 10
26.57804914004647
 20
42.50075457334271
 10
26.72500353944095
 20
42.50075457334271
 10
26.72500353944095
 20
42.50075457334271
 10
26.72500353944095
 20
42.50075457334271
 10
26.72500353944095
 20
41.91293697576671
 10
26.72500353944095
 20
41.91293697576671
 97
        0
 72
     1
 10
26.72500353944095
 20
41.91293697576671
 11
26.72500353944095
 21
41.91293697576671
 97
        0
 92
        1
 93
        2
 72
     4
 94
        3
 73
     0
 74
     0
 95
       17
 96
       13
 40
0.0
 40
0.0
 40
0.0
 40
0.0
 40
1.0
 40
1.0
 40
1.0
 40
2.0
 40
2.0
 40
2.0
 40
3.0
 40
3.0
 40
3.0
 40
4.0
 40
4.0
 40
4.0
 40
4.0
 10
26.72500353944095
 20
43.08857217092033
 10
26.72500353944095
 20
43.08857217092033
 10
26.57804914004647
 20
43.08857217092033
 10
26.57804914004647
 20
43.08857217092033
 10
26.57804914004647
 20
43.08857217092033
 10
26.57804914004647
 20
43.59573706101596
 10
26.57804914004647
 20
43.59573706101596
 10
26.57804914004647
 20
43.59573706101596
 10
26.72500353944095
 20
43.59573706101596
 10
26.72500353944095
 20
43.59573706101596
 10
26.72500353944095
 20
43.59573706101596
 10
26.72500353944095
 20
43.08857217092033
 10
26.72500353944095
 20
43.08857217092033
 97
        0
 72
     1
 10
26.72500353944095
 20
43.08857217092033
 11
26.72500353944095
 21
43.08857217092033
 97
        0
 75
     2
 76
     1
 98
        1
 10
0.0
 20
0.0
450
        0
451
        0
460
0.0
461
0.0
452
        0
462
0.0
453
        0
470

  0
LWPOLYLINE
  5
28E
330
70
100
AcDbEntity
  8
logo
 62
    18
420
        0
370
     0
100
AcDbPolyline
 90
       22
 70
     1
 43
0.0
 10
39.6274882635468
 20
29.03884776834195
 10
39.1800659399326
 20
28.99523463520583
 10
38.76333826826318
 20
28.86980469019138
 10
38.3862317869233
 20
28.670672114893
 10
38.05767303429831
 20
28.40595109090188
 10
37.78658854877295
 20
28.08375579980857
 10
37.58190486873163
 20
27.71220042321066
 10
37.45254853255844
 20
27.29939914269999
 10
37.40744607863747
 20
26.80943459836195
 10
37.45254853255844
 20
26.36137559456261
 10
37.58190486873163
 20
25.95070827939416
 10
37.78658854877295
 20
25.58216988827966
 10
38.05767303429831
 20
25.26343309274003
 10
38.3862317869233
 20
25.00217056430258
 10
38.76333826826318
 20
24.80605497448633
 10
39.1800659399326
 20
24.68275899481346
 10
40.78131536903468
 20
24.63995529680617
 10
40.78131536903468
 20
16.98548302434933
 10
45.13666263194663
 20
16.98548302434933
 10
45.13666263194663
 20
29.03884776834195
 10
39.6274882635468
 20
29.03884776834195
 10
39.6274882635468
 20
29.03884776834195
  0
LWPOLYLINE
  5
28F
330
70
100
AcDbEntity
  8
logo
100
AcDbPolyline
 90
       20
 70
     1
 43
0.0
 10
39.62748826354712
 20
29.03884776834099
 10
39.18006593993228
 20
28.99523463520583
 10
38.76333826826351
 20
28.86980469019202
 10
38.38623178692362
 20
28.67067211489333
 10
38.05767303429831
 20
28.40595109090124
 10
37.78658854877263
 20
28.08375579980761
 10
37.58190486873195
 20
27.7122004232097
 10
37.45254853255844
 20
27.29939914269935
 10
37.40744607863779
 20
26.80943459836099
 10
37.45254853255844
 20
26.36137559456261
 10
37.58190486873195
 20
25.95070827939352
 10
37.78658854877263
 20
25.58216988827934
 10
38.05767303429831
 20
25.2634330927397
 10
38.38623178692362
 20
25.00217056430323
 10
38.76333826826351
 20
24.80605497448601
 10
39.18006593993228
 20
24.68275899481346
 10
40.781315369035
 20
24.63995529680682
 10
40.781315369035
 20
16.98548302434933
 10
45.13666263194695
 20
16.98548302434933
 10
45.13666263194695
 20
29.03884776834099
  0
HATCH
  5
290
330
70
100
AcDbEntity
  8
logo
 62
   250
420
  2301728
440
 33554687
100
AcDbHatch
 10
0.0
 20
0.0
 30
0.0
210
0.0
220
0.0
230
1.0
  2
SOLID
 70
     1
 71
     1
 91
        1
 92
        1
 93
       20
 72
     1
 10
39.62748826354712
 20
29.03884776834099
 11
39.18006593993228
 21
28.99523463520583
 72
     1
 10
39.18006593993228
 20
28.99523463520583
 11
38.76333826826351
 21
28.86980469019202
 72
     1
 10
38.76333826826351
 20
28.86980469019202
 11
38.38623178692362
 21
28.67067211489333
 72
     1
 10
38.38623178692362
 20
28.67067211489333
 11
38.05767303429831
 21
28.40595109090124
 72
     1
 10
38.05767303429831
 20
28.40595109090124
 11
37.78658854877263
 21
28.08375579980761
 72
     1
 10
37.78658854877263
 20
28.08375579980761
 11
37.58190486873195
 21
27.7122004232097
 72
     1
 10
37.58190486873195
 20
27.7122004232097
 11
37.45254853255844
 21
27.29939914269935
 72
     1
 10
37.45254853255844
 20
27.29939914269935
 11
37.40744607863779
 21
26.80943459836099
 72
     1
 10
37.40744607863779
 20
26.80943459836099
 11
37.45254853255844
 21
26.36137559456261
 72
     1
 10
37.45254853255844
 20
26.36137559456261
 11
37.58190486873195
 21
25.95070827939352
 72
     1
 10
37.58190486873195
 20
25.95070827939352
 11
37.78658854877263
 21
25.58216988827934
 72
     1
 10
37.78658854877263
 20
25.58216988827934
 11
38.05767303429831
 21
25.2634330927397
 72
     1
 10
38.05767303429831
 20
25.2634330927397
 11
38.38623178692362
 21
25.00217056430323
 72
     1
 10
38.38623178692362
 20
25.00217056430323
 11
38.76333826826351
 21
24.80605497448601
 72
     1
 10
38.76333826826351
 20
24.80605497448601
 11
39.18006593993228
 21
24.68275899481346
 72
     1
 10
39.18006593993228
 20
24.68275899481346
 11
40.781315369035
 21
24.63995529680682
 72
     1
 10
40.781315369035
 20
24.63995529680682
 11
40.781315369035
 21
16.98548302434933
 72
     1
 10
40.781315369035
 20
16.98548302434933
 11
45.13666263194695
 21
16.98548302434933
 72
     1
 10
45.13666263194695
 20
16.98548302434933
 11
45.13666263194695
 21
29.03884776834099
 72
     1
 10
45.13666263194695
 20
29.03884776834099
 11
39.62748826354712
 21
29.03884776834099
 97
        1
330
28F
 75
     2
 76
     1
 98
        1
 10
0.0
 20
0.0
450
        0
451
        0
460
0.0
461
0.0
452
        0
462
0.0
453
        0
470

  0
LWPOLYLINE
  5
291
330
70
100
AcDbEntity
  8
logo
 62
    18
420
        0
370
     0
100
AcDbPolyline
 90
       20
 70
     1
 43
0.0
 10
48.42916049809208
 20
25.7614350828575
 10
52.90366500989491
 20
25.7614350828575
 10
52.74602924982181
 20
27.31026443661304
 10
52.29386402528181
 20
28.75318362740623
 10
51.57828241979706
 20
30.05948676254558
 10
50.63039751688972
 20
31.19846794933966
 10
49.4813224000736
 20
32.13942129509571
 10
48.16217015287472
 20
32.85164090711906
 10
46.7040538588133
 20
33.30442089271762
 10
45.13808660141179
 20
33.46705535919927
 10
45.13808660141179
 20
29.04643590758169
 10
45.80226747968956
 20
28.9736296162548
 10
46.42046512977257
 20
28.77847358684974
 10
46.979557359873
 20
28.47388285815372
 10
47.46642197820338
 20
28.07277246895458
 10
47.86793679297367
 20
27.58805745803825
 10
48.17097961240406
 20
27.03265286419128
 10
48.36242824470581
 20
26.41947372620154
 10
48.42916049809208
 20
25.7614350828575
 10
48.42916049809208
 20
25.7614350828575
  0
LWPOLYLINE
  5
292
330
70
100
AcDbEntity
  8
logo
100
AcDbPolyline
 90
       18
 70
     1
 43
0.0
 10
48.42916049809208
 20
25.76143508285718
 10
52.90366500989491
 20
25.76143508285718
 10
52.74602924982181
 20
27.31026443661368
 10
52.29386402528181
 20
28.75318362740686
 10
51.57828241979706
 20
30.05948676254623
 10
50.63039751688972
 20
31.19846794933998
 10
49.4813224000736
 20
32.13942129509668
 10
48.16217015287472
 20
32.8516409071181
 10
46.7040538588133
 20
33.30442089271698
 10
45.13808660141148
 20
33.46705535919895
 10
45.13808660141148
 20
29.04643590758137
 10
45.80226747968956
 20
28.97362961625383
 10
46.42046512977321
 20
28.77847358685006
 10
46.979557359873
 20
28.47388285815404
 10
47.46642197820338
 20
28.07277246895522
 10
47.86793679297367
 20
27.58805745803889
 10
48.17097961240342
 20
27.03265286419096
 10
48.36242824470517
 20
26.41947372620057
  0
HATCH
  5
293
330
70
100
AcDbEntity
  8
logo
 62
   250
420
  2301728
440
 33554687
100
AcDbHatch
 10
0.0
 20
0.0
 30
0.0
210
0.0
220
0.0
230
1.0
  2
SOLID
 70
     1
 71
     1
 91
        1
 92
        1
 93
       18
 72
     1
 10
48.42916049809208
 20
25.76143508285718
 11
52.90366500989491
 21
25.76143508285718
 72
     1
 10
52.90366500989491
 20
25.76143508285718
 11
52.74602924982181
 21
27.31026443661368
 72
     1
 10
52.74602924982181
 20
27.31026443661368
 11
52.29386402528181
 21
28.75318362740686
 72
     1
 10
52.29386402528181
 20
28.75318362740686
 11
51.57828241979706
 21
30.05948676254623
 72
     1
 10
51.57828241979706
 20
30.05948676254623
 11
50.63039751688972
 21
31.19846794933998
 72
     1
 10
50.63039751688972
 20
31.19846794933998
 11
49.4813224000736
 21
32.13942129509668
 72
     1
 10
49.4813224000736
 20
32.13942129509668
 11
48.16217015287472
 21
32.8516409071181
 72
     1
 10
48.16217015287472
 20
32.8516409071181
 11
46.7040538588133
 21
33.30442089271698
 72
     1
 10
46.7040538588133
 20
33.30442089271698
 11
45.13808660141148
 21
33.46705535919895
 72
     1
 10
45.13808660141148
 20
33.46705535919895
 11
45.13808660141148
 21
29.04643590758137
 72
     1
 10
45.13808660141148
 20
29.04643590758137
 11
45.80226747968956
 21
28.97362961625383
 72
     1
 10
45.80226747968956
 20
28.97362961625383
 11
46.42046512977321
 21
28.77847358685006
 72
     1
 10
46.42046512977321
 20
28.77847358685006
 11
46.979557359873
 21
28.47388285815404
 72
     1
 10
46.979557359873
 20
28.47388285815404
 11
47.46642197820338
 21
28.07277246895522
 72
     1
 10
47.46642197820338
 20
28.07277246895522
 11
47.86793679297367
 21
27.58805745803889
 72
     1
 10
47.86793679297367
 20
27.58805745803889
 11
48.17097961240342
 21
27.03265286419096
 72
     1
 10
48.17097961240342
 20
27.03265286419096
 11
48.36242824470517
 21
26.41947372620057
 72
     1
 10
48.36242824470517
 20
26.41947372620057
 11
48.42916049809208
 21
25.76143508285718
 97
        1
330
292
 75
     2
 76
     1
 98
        1
 10
0.0
 20
0.0
450
        0
451
        0
460
0.0
461
0.0
452
        0
462
0.0
453
        0
470

  0
LWPOLYLINE
  5
294
330
70
100
AcDbEntity
  8
logo
 62
    18
420
        0
370
     0
100
AcDbPolyline
 90
       34
 70
     1
 43
0.0
 10
46.7259929773598
 20
21.82843054778322
 10
46.77123589751412
 20
22.27723082219115
 10
46.90099469621093
 20
22.69524487392736
 10
47.10631443080681
 20
23.07351776034714
 10
47.37824015865579
 20
23.40309453880452
 10
47.70781693711318
 20
23.67502026665414
 10
48.08608982353232
 20
23.88034000125003
 10
48.50410387527045
 20
24.01009879994812
 10
48.95290414967902
 20
24.0553417201018
 10
49.40170442408567
 20
24.01009879994812
 10
49.81971847582124
 20
23.88034000125003
 10
50.19799136223974
 20
23.67502026665414
 10
50.52756814069647
 20
23.40309453880452
 10
50.79949386854546
 20
23.07351776034714
 10
51.00481360314199
 20
22.69524487392736
 10
51.13457240184008
 20
22.27723082219115
 10
51.17981532199311
 20
21.82843054778322
 10
51.13457240184008
 20
21.379630273374
 10
51.00481360314199
 20
20.96161622163651
 10
50.79949386854546
 20
20.58334333521608
 10
50.52756814069647
 20
20.25376655675742
 10
50.19799136223974
 20
19.98184082890652
 10
49.81971847582124
 20
19.77652109430934
 10
49.40170442408567
 20
19.64676229561125
 10
48.95290414967966
 20
19.60151937545694
 10
48.50410387527045
 20
19.64676229561125
 10
48.08608982353232
 20
19.77652109430934
 10
47.70781693711318
 20
19.98184082890652
 10
47.37824015865579
 20
20.25376655675742
 10
47.10631443080681
 20
20.58334333521608
 10
46.90099469621093
 20
20.96161622163651
 10
46.77123589751412
 20
21.379630273374
 10
46.7259929773598
 20
21.82843054778322
 10
46.7259929773598
 20
21.82843054778322
  0
LWPOLYLINE
  5
295
330
70
100
AcDbEntity
  8
logo
100
AcDbPolyline
 90
       32
 70
     1
 43
0.0
 10
46.7259929773598
 20
21.82843054778322
 10
46.77123589751412
 20
22.2772308221905
 10
46.90099469621093
 20
22.69524487392671
 10
47.10631443080617
 20
23.07351776034778
 10
47.37824015865579
 20
23.40309453880387
 10
47.70781693711254
 20
23.6750202666535
 10
48.08608982353232
 20
23.88034000124939
 10
48.50410387526981
 20
24.01009879994877
 10
48.95290414967902
 20
24.05534172010115
 10
49.40170442408567
 20
24.01009879994877
 10
49.81971847582124
 20
23.88034000124939
 10
50.19799136223974
 20
23.6750202666535
 10
50.52756814069647
 20
23.40309453880387
 10
50.79949386854546
 20
23.07351776034778
 10
51.00481360314199
 20
22.69524487392671
 10
51.13457240183944
 20
22.2772308221905
 10
51.17981532199376
 20
21.82843054778322
 10
51.13457240183944
 20
21.379630273374
 10
51.00481360314199
 20
20.96161622163715
 10
50.79949386854546
 20
20.58334333521672
 10
50.52756814069647
 20
20.25376655675807
 10
50.19799136223974
 20
19.98184082890652
 10
49.81971847582124
 20
19.77652109430934
 10
49.40170442408567
 20
19.64676229561189
 10
48.95290414967902
 20
19.60151937545758
 10
48.50410387526981
 20
19.64676229561189
 10
48.08608982353232
 20
19.77652109430934
 10
47.70781693711254
 20
19.98184082890652
 10
47.37824015865579
 20
20.25376655675807
 10
47.10631443080617
 20
20.58334333521672
 10
46.90099469621093
 20
20.96161622163715
 10
46.77123589751412
 20
21.379630273374
  0
HATCH
  5
296
330
70
100
AcDbEntity
  8
logo
 62
    13
420
 15679574
440
 33554687
100
AcDbHatch
 10
0.0
 20
0.0
 30
0.0
210
0.0
220
0.0
230
1.0
  2
SOLID
 70
     1
 71
     1
 91
        1
 92
        1
 93
       32
 72
     1
 10
46.7259929773598
 20
21.82843054778322
 11
46.77123589751412
 21
22.2772308221905
 72
     1
 10
46.77123589751412
 20
22.2772308221905
 11
46.90099469621093
 21
22.69524487392671
 72
     1
 10
46.90099469621093
 20
22.69524487392671
 11
47.10631443080617
 21
23.07351776034778
 72
     1
 10
47.10631443080617
 20
23.07351776034778
 11
47.37824015865579
 21
23.40309453880387
 72
     1
 10
47.37824015865579
 20
23.40309453880387
 11
47.70781693711254
 21
23.6750202666535
 72
     1
 10
47.70781693711254
 20
23.6750202666535
 11
48.08608982353232
 21
23.88034000124939
 72
     1
 10
48.08608982353232
 20
23.88034000124939
 11
48.50410387526981
 21
24.01009879994877
 72
     1
 10
48.50410387526981
 20
24.01009879994877
 11
48.95290414967902
 21
24.05534172010115
 72
     1
 10
48.95290414967902
 20
24.05534172010115
 11
49.40170442408567
 21
24.01009879994877
 72
     1
 10
49.40170442408567
 20
24.01009879994877
 11
49.81971847582124
 21
23.88034000124939
 72
     1
 10
49.81971847582124
 20
23.88034000124939
 11
50.19799136223974
 21
23.6750202666535
 72
     1
 10
50.19799136223974
 20
23.6750202666535
 11
50.52756814069647
 21
23.40309453880387
 72
     1
 10
50.52756814069647
 20
23.40309453880387
 11
50.79949386854546
 21
23.07351776034778
 72
     1
 10
50.79949386854546
 20
23.07351776034778
 11
51.00481360314199
 21
22.69524487392671
 72
     1
 10
51.00481360314199
 20
22.69524487392671
 11
51.13457240183944
 21
22.2772308221905
 72
     1
 10
51.13457240183944
 20
22.2772308221905
 11
51.17981532199376
 21
21.82843054778322
 72
     1
 10
51.17981532199376
 20
21.82843054778322
 11
51.13457240183944
 21
21.379630273374
 72
     1
 10
51.13457240183944
 20
21.379630273374
 11
51.00481360314199
 21
20.96161622163715
 72
     1
 10
51.00481360314199
 20
20.96161622163715
 11
50.79949386854546
 21
20.58334333521672
 72
     1
 10
50.79949386854546
 20
20.58334333521672
 11
50.52756814069647
 21
20.25376655675807
 72
     1
 10
50.52756814069647
 20
20.25376655675807
 11
50.19799136223974
 21
19.98184082890652
 72
     1
 10
50.19799136223974
 20
19.98184082890652
 11
49.81971847582124
 21
19.77652109430934
 72
     1
 10
49.81971847582124
 20
19.77652109430934
 11
49.40170442408567
 21
19.64676229561189
 72
     1
 10
49.40170442408567
 20
19.64676229561189
 11
48.95290414967902
 21
19.60151937545758
 72
     1
 10
48.95290414967902
 20
19.60151937545758
 11
48.50410387526981
 21
19.64676229561189
 72
     1
 10
48.50410387526981
 20
19.64676229561189
 11
48.08608982353232
 21
19.77652109430934
 72
     1
 10
48.08608982353232
 20
19.77652109430934
 11
47.70781693711254
 21
19.98184082890652
 72
     1
 10
47.70781693711254
 20
19.98184082890652
 11
47.37824015865579
 21
20.25376655675807
 72
     1
 10
47.37824015865579
 20
20.25376655675807
 11
47.10631443080617
 21
20.58334333521672
 72
     1
 10
47.10631443080617
 20
20.58334333521672
 11
46.90099469621093
 21
20.96161622163715
 72
     1
 10
46.90099469621093
 20
20.96161622163715
 11
46.77123589751412
 21
21.379630273374
 72
     1
 10
46.77123589751412
 20
21.379630273374
 11
46.7259929773598
 21
21.82843054778322
 97
        1
330
295
 75
     2
 76
     1
 98
        1
 10
0.0
 20
0.0
450
        0
451
        0
460
0.0
461
0.0
452
        0
462
0.0
453
        0
470

  0
ENDSEC
  0
SECTION
  2
OBJECTS
  0
DICTIONARY
  5
C
330
0
100
AcDbDictionary
281
     1
  3
ACAD_COLOR
350
63
  3
ACAD_DETAILVIEWSTYLE
350
6A
  3
ACAD_GROUP
350
D
  3
ACAD_LAYOUT
350
62
  3
ACAD_MATERIAL
350
10
  3
ACAD_MLEADERSTYLE
350
66
  3
ACAD_MLINESTYLE
350
5F
  3
ACAD_PLOTSETTINGS
350
61
  3
ACAD_PLOTSTYLENAME
350
E
  3
ACAD_SCALELIST
350
42
  3
ACAD_SECTIONVIEWSTYLE
350
68
  3
ACAD_TABLESTYLE
350
64
  3
ACAD_VISUALSTYLE
350
29
  3
ACDB_RECOMPOSE_DATA
350
29F
  3
AcDbVariableDictionary
350
297
  0
DICTIONARY
  5
63
102
{ACAD_REACTORS
330
C
102
}
330
C
100
AcDbDictionary
281
     1
  0
DICTIONARY
  5
6A
102
{ACAD_REACTORS
330
C
102
}
330
C
100
AcDbDictionary
281
     1
  3
Imperial24
350
6B
  0
DICTIONARY
  5
D
102
{ACAD_REACTORS
330
C
102
}
330
C
100
AcDbDictionary
281
     1
  0
DICTIONARY
  5
62
102
{ACAD_REACTORS
330
C
102
}
330
C
100
AcDbDictionary
281
     1
  3
Layout1
350
6F
  3
Layout2
350
77
  3
Model
350
73
  0
DICTIONARY
  5
10
102
{ACAD_REACTORS
330
C
102
}
330
C
100
AcDbDictionary
281
     1
  3
ByBlock
350
19
  3
ByLayer
350
11
  3
Global
350
21
  0
DICTIONARY
  5
66
102
{ACAD_REACTORS
330
C
102
}
330
C
100
AcDbDictionary
281
     1
  3
Standard
350
67
  0
DICTIONARY
  5
5F
102
{ACAD_REACTORS
330
C
102
}
330
C
100
AcDbDictionary
281
     1
  3
Standard
350
60
  0
DICTIONARY
  5
61
102
{ACAD_REACTORS
330
C
102
}
330
C
100
AcDbDictionary
281
     1
  0
ACDBDICTIONARYWDFLT
  5
E
102
{ACAD_REACTORS
330
C
102
}
330
C
100
AcDbDictionary
281
     1
  3
Normal
350
F
100
AcDbDictionaryWithDefault
340
F
  0
DICTIONARY
  5
42
102
{ACAD_REACTORS
330
C
102
}
330
C
100
AcDbDictionary
281
     1
  3
A0
350
43
  3
A1
350
44
  3
A2
350
45
  3
A3
350
46
  3
A4
350
47
  3
A5
350
48
  3
A6
350
49
  3
A7
350
4A
  3
A8
350
4B
  3
A9
350
4C
  3
B0
350
4D
  3
B1
350
4E
  3
B2
350
4F
  3
B3
350
50
  3
B4
350
51
  3
B5
350
52
  3
B6
350
53
  0
DICTIONARY
  5
68
102
{ACAD_REACTORS
330
C
102
}
330
C
100
AcDbDictionary
281
     1
  3
Imperial24
350
69
  0
DICTIONARY
  5
64
102
{ACAD_REACTORS
330
C
102
}
330
C
100
AcDbDictionary
281
     1
  3
Standard
350
65
  0
DICTIONARY
  5
29
102
{ACAD_REACTORS
330
C
102
}
330
C
100
AcDbDictionary
281
     1
  3
2dWireframe
350
2F
  3
Basic
350
2E
  3
Brighten
350
35
  3
ColorChange
350
39
  3
Conceptual
350
32
  3
Dim
350
34
  3
EdgeColorOff
350
41
  3
Facepattern
350
38
  3
Flat
350
2A
  3
FlatWithEdges
350
2B
  3
Gouraud
350
2C
  3
GouraudWithEdges
350
2D
  3
Hidden
350
31
  3
JitterOff
350
3F
  3
Linepattern
350
37
  3
OverhangOff
350
40
  3
Realistic
350
33
  3
Shaded
350
3E
  3
Shaded with edges
350
3D
  3
Shades of Gray
350
3A
  3
Sketchy
350
3B
  3
Thicken
350
36
  3
Wireframe
350
30
  3
X-Ray
350
3C
  0
XRECORD
  5
29F
102
{ACAD_REACTORS
330
C
102
}
330
C
100
AcDbXrecord
280
     1
 90
        1
330
65
  0
DICTIONARY
  5
297
102
{ACAD_REACTORS
330
C
102
}
330
C
100
AcDbDictionary
281
     1
  3
CANNOSCALE
350
29C
  3
CMLEADERSTYLE
350
299
  3
CTABLESTYLE
350
298
  3
CVIEWDETAILSTYLE
350
29A
  3
CVIEWSECTIONSTYLE
350
29B
  0
ACDBDETAILVIEWSTYLE
  5
6B
102
{ACAD_XDICTIONARY
360
2D4
102
}
102
{ACAD_REACTORS
330
6A
102
}
330
6A
100
AcDbModelDocViewStyle
 70
     0
  3
Imperial24
290
     0
100
AcDbDetailViewStyle
 70
     0
 71
     0
 90
        3
 71
     1
340
55
 62
   256
 40
0.24
340
0
 62
   256
 40
0.24
300

 40
0.36
280
     3
 71
     2
340
5D
 90
       25
 62
   256
 71
     3
340
55
 62
   256
 40
0.24
 90
        1
 40
0.75
 90
        1
300
%<\AcVar ViewType \f "%tc1">% %<\AcVar ViewDetailId>%\PSCALE %<\AcVar ViewScale \f "%sn">%
 71
     4
340
5D
 90
       25
 62
   256
340
5D
 90
       25
 62
   256
280
     0
  0
LAYOUT
  5
6F
102
{ACAD_REACTORS
330
62
102
}
330
62
100
AcDbPlotSettings
  1

  2

  4

  6

 40
0.0
 41
0.0
 42
0.0
 43
0.0
 44
0.0
 45
0.0
 46
0.0
 47
0.0
 48
0.0
 49
0.0
140
0.0
141
0.0
142
1.0
143
1.0
 70
   688
 72
     0
 73
     0
 74
     5
  7

 75
    16
147
1.0
 76
     0
 77
     2
 78
   300
148
0.0
149
0.0
100
AcDbLayout
  1
Layout1
 70
     1
 71
     1
 10
0.0
 20
0.0
 11
12.0
 21
9.0
 12
0.0
 22
0.0
 32
0.0
 14
0.0
 24
0.0
 34
0.0
 15
0.0
 25
0.0
 35
0.0
146
0.0
 13
0.0
 23
0.0
 33
0.0
 16
1.0
 26
0.0
 36
0.0
 17
0.0
 27
1.0
 37
0.0
 76
     0
330
6C
  0
LAYOUT
  5
77
102
{ACAD_REACTORS
330
62
102
}
330
62
100
AcDbPlotSettings
  1

  2

  4

  6

 40
0.0
 41
0.0
 42
0.0
 43
0.0
 44
0.0
 45
0.0
 46
0.0
 47
0.0
 48
0.0
 49
0.0
140
0.0
141
0.0
142
1.0
143
1.0
 70
   688
 72
     0
 73
     0
 74
     5
  7

 75
    16
147
1.0
 76
     0
 77
     2
 78
   300
148
0.0
149
0.0
100
AcDbLayout
  1
Layout2
 70
     1
 71
     2
 10
0.0
 20
0.0
 11
12.0
 21
9.0
 12
0.0
 22
0.0
 32
0.0
 14
0.0
 24
0.0
 34
0.0
 15
0.0
 25
0.0
 35
0.0
146
0.0
 13
0.0
 23
0.0
 33
0.0
 16
1.0
 26
0.0
 36
0.0
 17
0.0
 27
1.0
 37
0.0
 76
     0
330
74
  0
LAYOUT
  5
73
102
{ACAD_REACTORS
330
62
102
}
330
62
100
AcDbPlotSettings
  1

  2

  4

  6

 40
0.0
 41
0.0
 42
0.0
 43
0.0
 44
0.0
 45
0.0
 46
0.0
 47
0.0
 48
0.0
 49
0.0
140
0.0
141
0.0
142
1.0
143
1.0
 70
  1712
 72
     0
 73
     0
 74
     0
  7

 75
     0
147
1.0
 76
     0
 77
     2
 78
   300
148
0.0
149
0.0
100
AcDbLayout
  1
Model
 70
     1
 71
     0
 10
0.0
 20
0.0
 11
12.0
 21
9.0
 12
0.0
 22
0.0
 32
0.0
 14
0.0
 24
0.0
 34
0.0
 15
0.0
 25
0.0
 35
0.0
146
0.0
 13
0.0
 23
0.0
 33
0.0
 16
1.0
 26
0.0
 36
0.0
 17
0.0
 27
1.0
 37
0.0
 76
     0
330
70
  0
MATERIAL
  5
19
102
{ACAD_XDICTIONARY
360
1A
102
}
102
{ACAD_REACTORS
330
10
102
}
330
10
100
AcDbMaterial
  1
ByBlock
 72
     0
 43
0.0208333333333333
 43
0.0
 43
0.0
 43
0.0
 43
0.0
 43
0.0208333333333333
 43
0.0
 43
0.0
 43
0.0
 43
0.0
 43
1.0
 43
0.0
 43
0.0
 43
0.0
 43
0.0
 43
1.0
 77
     0
 47
0.0208333333333333
 47
0.0
 47
0.0
 47
0.0
 47
0.0
 47
0.0208333333333333
 47
0.0
 47
0.0
 47
0.0
 47
0.0
 47
1.0
 47
0.0
 47
0.0
 47
0.0
 47
0.0
 47
1.0
171
     0
 49
0.0208333333333333
 49
0.0
 49
0.0
 49
0.0
 49
0.0
 49
0.0208333333333333
 49
0.0
 49
0.0
 49
0.0
 49
0.0
 49
1.0
 49
0.0
 49
0.0
 49
0.0
 49
0.0
 49
1.0
175
     0
142
0.0208333333333333
142
0.0
142
0.0
142
0.0
142
0.0
142
0.0208333333333333
142
0.0
142
0.0
142
0.0
142
0.0
142
1.0
142
0.0
142
0.0
142
0.0
142
0.0
142
1.0
179
     0
144
0.0208333333333333
144
0.0
144
0.0
144
0.0
144
0.0
144
0.0208333333333333
144
0.0
144
0.0
144
0.0
144
0.0
144
1.0
144
0.0
144
0.0
144
0.0
144
0.0
144
1.0
147
0.0208333333333333
147
0.0
147
0.0
147
0.0
147
0.0
147
0.0208333333333333
147
0.0
147
0.0
147
0.0
147
0.0
147
1.0
147
0.0
147
0.0
147
0.0
147
0.0
147
1.0
  0
MATERIAL
  5
11
102
{ACAD_XDICTIONARY
360
12
102
}
102
{ACAD_REACTORS
330
10
102
}
330
10
100
AcDbMaterial
  1
ByLayer
 72
     0
 43
0.0208333333333333
 43
0.0
 43
0.0
 43
0.0
 43
0.0
 43
0.0208333333333333
 43
0.0
 43
0.0
 43
0.0
 43
0.0
 43
1.0
 43
0.0
 43
0.0
 43
0.0
 43
0.0
 43
1.0
 77
     0
 47
0.0208333333333333
 47
0.0
 47
0.0
 47
0.0
 47
0.0
 47
0.0208333333333333
 47
0.0
 47
0.0
 47
0.0
 47
0.0
 47
1.0
 47
0.0
 47
0.0
 47
0.0
 47
0.0
 47
1.0
171
     0
 49
0.0208333333333333
 49
0.0
 49
0.0
 49
0.0
 49
0.0
 49
0.0208333333333333
 49
0.0
 49
0.0
 49
0.0
 49
0.0
 49
1.0
 49
0.0
 49
0.0
 49
0.0
 49
0.0
 49
1.0
175
     0
142
0.0208333333333333
142
0.0
142
0.0
142
0.0
142
0.0
142
0.0208333333333333
142
0.0
142
0.0
142
0.0
142
0.0
142
1.0
142
0.0
142
0.0
142
0.0
142
0.0
142
1.0
179
     0
144
0.0208333333333333
144
0.0
144
0.0
144
0.0
144
0.0
144
0.0208333333333333
144
0.0
144
0.0
144
0.0
144
0.0
144
1.0
144
0.0
144
0.0
144
0.0
144
0.0
144
1.0
147
0.0208333333333333
147
0.0
147
0.0
147
0.0
147
0.0
147
0.0208333333333333
147
0.0
147
0.0
147
0.0
147
0.0
147
1.0
147
0.0
147
0.0
147
0.0
147
0.0
147
1.0
  0
MATERIAL
  5
21
102
{ACAD_XDICTIONARY
360
22
102
}
102
{ACAD_REACTORS
330
10
102
}
330
10
100
AcDbMaterial
  1
Global
 72
     0
 43
0.0208333333333333
 43
0.0
 43
0.0
 43
0.0
 43
0.0
 43
0.0208333333333333
 43
0.0
 43
0.0
 43
0.0
 43
0.0
 43
1.0
 43
0.0
 43
0.0
 43
0.0
 43
0.0
 43
1.0
 77
     0
 47
0.0208333333333333
 47
0.0
 47
0.0
 47
0.0
 47
0.0
 47
0.0208333333333333
 47
0.0
 47
0.0
 47
0.0
 47
0.0
 47
1.0
 47
0.0
 47
0.0
 47
0.0
 47
0.0
 47
1.0
171
     0
 49
0.0208333333333333
 49
0.0
 49
0.0
 49
0.0
 49
0.0
 49
0.0208333333333333
 49
0.0
 49
0.0
 49
0.0
 49
0.0
 49
1.0
 49
0.0
 49
0.0
 49
0.0
 49
0.0
 49
1.0
175
     0
142
0.0208333333333333
142
0.0
142
0.0
142
0.0
142
0.0
142
0.0208333333333333
142
0.0
142
0.0
142
0.0
142
0.0
142
1.0
142
0.0
142
0.0
142
0.0
142
0.0
142
1.0
179
     0
144
0.0208333333333333
144
0.0
144
0.0
144
0.0
144
0.0
144
0.0208333333333333
144
0.0
144
0.0
144
0.0
144
0.0
144
1.0
144
0.0
144
0.0
144
0.0
144
0.0
144
1.0
147
0.0208333333333333
147
0.0
147
0.0
147
0.0
147
0.0
147
0.0208333333333333
147
0.0
147
0.0
147
0.0
147
0.0
147
1.0
147
0.0
147
0.0
147
0.0
147
0.0
147
1.0
  0
MLEADERSTYLE
  5
67
102
{ACAD_XDICTIONARY
360
2D0
102
}
102
{ACAD_REACTORS
330
66
102
}
330
66
100
AcDbMLeaderStyle
179
     2
170
     2
171
     1
172
     0
 90
        2
 40
0.0
 41
0.0
173
     1
 91
-1056964608
340
5B
 92
       -2
290
     1
 42
0.09
291
     1
 43
0.36
  3
Standard
 44
0.18
300

342
55
174
     1
178
     6
175
     1
176
     0
 93
-1056964608
 45
0.18
292
     0
297
     0
 46
0.18
 94
-1056964608
 47
1.0
 49
1.0
140
1.0
293
     1
141
0.0
294
     1
177
     0
142
1.0
295
     0
296
     0
143
0.125
271
     0
272
     9
273
     9
  0
MLINESTYLE
  5
60
102
{ACAD_REACTORS
330
5F
102
}
330
5F
100
AcDbMlineStyle
  2
STANDARD
 70
     0
  3

 62
   256
 51
90.0
 52
90.0
 71
     2
 49
0.5
 62
   256
  6
BYLAYER
 49
-0.5
 62
   256
  6
BYLAYER
  0
ACDBPLACEHOLDER
  5
F
102
{ACAD_REACTORS
330
E
102
}
330
E
  0
SCALE
  5
43
102
{ACAD_REACTORS
330
42
102
}
330
42
100
AcDbScale
 70
     0
300
1:1
140
1.0
141
1.0
290
     1
  0
SCALE
  5
44
102
{ACAD_REACTORS
330
42
102
}
330
42
100
AcDbScale
 70
     0
300
1/128" = 1'-0"
140
0.0078125
141
12.0
290
     0
  0
SCALE
  5
45
102
{ACAD_REACTORS
330
42
102
}
330
42
100
AcDbScale
 70
     0
300
1/64" = 1'-0"
140
0.015625
141
12.0
290
     0
  0
SCALE
  5
46
102
{ACAD_REACTORS
330
42
102
}
330
42
100
AcDbScale
 70
     0
300
1/32" = 1'-0"
140
0.03125
141
12.0
290
     0
  0
SCALE
  5
47
102
{ACAD_REACTORS
330
42
102
}
330
42
100
AcDbScale
 70
     0
300
1/16" = 1'-0"
140
0.0625
141
12.0
290
     0
  0
SCALE
  5
48
102
{ACAD_REACTORS
330
42
102
}
330
42
100
AcDbScale
 70
     0
300
3/32" = 1'-0"
140
0.09375
141
12.0
290
     0
  0
SCALE
  5
49
102
{ACAD_REACTORS
330
42
102
}
330
42
100
AcDbScale
 70
     0
300
1/8" = 1'-0"
140
0.125
141
12.0
290
     0
  0
SCALE
  5
4A
102
{ACAD_REACTORS
330
42
102
}
330
42
100
AcDbScale
 70
     0
300
3/16" = 1'-0"
140
0.1875
141
12.0
290
     0
  0
SCALE
  5
4B
102
{ACAD_REACTORS
330
42
102
}
330
42
100
AcDbScale
 70
     0
300
1/4" = 1'-0"
140
0.25
141
12.0
290
     0
  0
SCALE
  5
4C
102
{ACAD_REACTORS
330
42
102
}
330
42
100
AcDbScale
 70
     0
300
3/8" = 1'-0"
140
0.375
141
12.0
290
     0
  0
SCALE
  5
4D
102
{ACAD_REACTORS
330
42
102
}
330
42
100
AcDbScale
 70
     0
300
1/2" = 1'-0"
140
0.5
141
12.0
290
     0
  0
SCALE
  5
4E
102
{ACAD_REACTORS
330
42
102
}
330
42
100
AcDbScale
 70
     0
300
3/4" = 1'-0"
140
0.75
141
12.0
290
     0
  0
SCALE
  5
4F
102
{ACAD_REACTORS
330
42
102
}
330
42
100
AcDbScale
 70
     0
300
1" = 1'-0"
140
1.0
141
12.0
290
     0
  0
SCALE
  5
50
102
{ACAD_REACTORS
330
42
102
}
330
42
100
AcDbScale
 70
     0
300
1-1/2" = 1'-0"
140
1.5
141
12.0
290
     0
  0
SCALE
  5
51
102
{ACAD_REACTORS
330
42
102
}
330
42
100
AcDbScale
 70
     0
300
3" = 1'-0"
140
3.0
141
12.0
290
     0
  0
SCALE
  5
52
102
{ACAD_REACTORS
330
42
102
}
330
42
100
AcDbScale
 70
     0
300
6" = 1'-0"
140
6.0
141
12.0
290
     0
  0
SCALE
  5
53
102
{ACAD_REACTORS
330
42
102
}
330
42
100
AcDbScale
 70
     0
300
1'-0" = 1'-0"
140
12.0
141
12.0
290
     0
  0
ACDBSECTIONVIEWSTYLE
  5
69
102
{ACAD_XDICTIONARY
360
2D2
102
}
102
{ACAD_REACTORS
330
68
102
}
330
68
100
AcDbModelDocViewStyle
 70
     0
  3
Imperial24
290
     0
100
AcDbSectionViewStyle
 70
     0
 71
     0
 90
       78
 71
     1
340
55
 62
   256
 40
0.24
340
0
340
0
 62
   256
 40
0.24
300
I, O, Q, S, X, Z
 40
0.48
 90
        3
 40
0.18
 90
        1
 71
     2
340
5D
 90
       25
 62
   256
340
5D
 90
       50
 62
   256
 40
0.24
 40
0.0
 40
0.24
 71
     3
340
55
 62
   256
 40
0.24
 90
        1
 40
0.75
 90
        1
300
%<\AcVar ViewType \f "%tc1">% %<\AcVar ViewSectionStartId>%-%<\AcVar ViewSectionEndId>%\PSCALE %<\AcVar ViewScale \f "%sn">%
 71
     4
 62
   256
 62
   257
300
ANSI31
 40
1.0
 90
        0
290
     0
290
     0
 90
        6
 40
0.0
 40
1.570796326794896
 40
0.2617993877991494
 40
1.308996938995747
 40
-0.2617993877991494
 40
1.832595714594046
  0
TABLESTYLE
  5
65
102
{ACAD_XDICTIONARY
360
29D
102
}
102
{ACAD_REACTORS
330
64
102
}
330
64
100
AcDbTableStyle
280
     0
  3
Standard
 70
     0
 71
     0
 40
0.06
 41
0.06
280
     0
281
     0
  7
Standard
140
0.18
170
     2
 62
     0
 63
     7
283
     0
 90
      512
 91
        0
  1

274
    -2
284
     1
 64
     0
275
    -2
285
     1
 65
     0
276
    -2
286
     1
 66
     0
277
    -2
287
     1
 67
     0
278
    -2
288
     1
 68
     0
279
    -2
289
     1
 69
     0
  7
Standard
140
0.25
170
     5
 62
     0
 63
     7
283
     0
 90
      512
 91
        0
  1

274
    -2
284
     1
 64
     0
275
    -2
285
     1
 65
     0
276
    -2
286
     1
 66
     0
277
    -2
287
     1
 67
     0
278
    -2
288
     1
 68
     0
279
    -2
289
     1
 69
     0
  7
Standard
140
0.18
170
     5
 62
     0
 63
     7
283
     0
 90
      512
 91
        0
  1

274
    -2
284
     1
 64
     0
275
    -2
285
     1
 65
     0
276
    -2
286
     1
 66
     0
277
    -2
287
     1
 67
     0
278
    -2
288
     1
 68
     0
279
    -2
289
     1
 69
     0
  0
VISUALSTYLE
  5
2F
102
{ACAD_XDICTIONARY
360
2AA
102
}
102
{ACAD_REACTORS
330
29
102
}
330
29
100
AcDbVisualStyle
  2
2dWireframe
 70
     4
177
     2
291
     0
 71
     0
176
     1
 72
     2
176
     1
 73
     0
176
     1
 90
        0
176
     1
 40
0.6
176
     1
 41
30.0
176
     1
 63
     7
421
 16777215
176
     1
 74
     1
176
     1
 91
        4
176
     1
 64
     7
176
     1
 65
   257
176
     1
 75
     1
176
     1
175
     1
176
     1
 42
1.0
176
     1
 92
        0
176
     1
 66
   257
176
     1
 43
1.0
176
     1
 76
     1
176
     1
 77
     6
176
     1
 78
     2
176
     1
 67
     7
176
     1
 79
     5
176
     1
170
     0
176
     1
171
     0
176
     1
290
     0
176
     1
 93
        1
176
     1
 44
0.0
176
     1
173
     0
176
     1
1001
ACAD
1000
AcDbSavedByObjectVersion
1070
     0
  0
VISUALSTYLE
  5
2E
102
{ACAD_XDICTIONARY
360
2A8
102
}
102
{ACAD_REACTORS
330
29
102
}
330
29
100
AcDbVisualStyle
  2
Basic
 70
     7
177
     2
291
     1
 71
     1
176
     1
 72
     0
176
     1
 73
     1
176
     1
 90
        0
176
     1
 40
0.6
176
     1
 41
30.0
176
     1
 63
     7
421
 16777215
176
     1
 74
     0
176
     1
 91
        4
176
     1
 64
     7
176
     1
 65
   257
176
     1
 75
     1
176
     1
175
     1
176
     1
 42
1.0
176
     1
 92
        8
176
     1
 66
     7
176
     1
 43
1.0
176
     1
 76
     1
176
     1
 77
     6
176
     1
 78
     2
176
     1
 67
     7
176
     1
 79
     5
176
     1
170
     0
176
     1
171
     0
176
     1
290
     0
176
     1
 93
        1
176
     1
 44
0.0
176
     1
173
     0
176
     1
1001
ACAD
1000
AcDbSavedByObjectVersion
1070
     0
  0
VISUALSTYLE
  5
35
102
{ACAD_XDICTIONARY
360
2B6
102
}
102
{ACAD_REACTORS
330
29
102
}
330
29
100
AcDbVisualStyle
  2
Brighten
 70
    12
177
     2
291
     1
 71
     2
176
     1
 72
     2
176
     1
 73
     0
176
     1
 90
        0
176
     1
 40
0.6
176
     1
 41
30.0
176
     1
 63
     7
421
 16777215
176
     1
 74
     1
176
     1
 91
        4
176
     1
 64
     7
176
     1
 65
   257
176
     1
 75
     1
176
     1
175
     1
176
     1
 42
1.0
176
     1
 92
        8
176
     1
 66
     7
176
     1
 43
1.0
176
     1
 76
     1
176
     1
 77
     6
176
     1
 78
     2
176
     1
 67
     7
176
     1
 79
     5
176
     1
170
     0
176
     1
171
     0
176
     1
290
     0
176
     1
 93
        1
176
     1
 44
50.0
176
     1
173
     0
176
     1
1001
ACAD
1000
AcDbSavedByObjectVersion
1070
     0
  0
VISUALSTYLE
  5
39
102
{ACAD_XDICTIONARY
360
2BE
102
}
102
{ACAD_REACTORS
330
29
102
}
330
29
100
AcDbVisualStyle
  2
ColorChange
 70
    16
177
     2
291
     1
 71
     2
176
     1
 72
     2
176
     1
 73
     3
176
     1
 90
        0
176
     1
 40
0.6
176
     1
 41
30.0
176
     1
 63
     8
421
  8421504
176
     1
 74
     1
176
     1
 91
        4
176
     1
 64
     7
176
     1
 65
   257
176
     1
 75
     1
176
     1
175
     1
176
     1
 42
1.0
176
     1
 92
        8
176
     1
 66
     8
424
  8421504
176
     1
 43
1.0
176
     1
 76
     1
176
     1
 77
     6
176
     1
 78
     2
176
     1
 67
     7
176
     1
 79
     5
176
     1
170
     0
176
     1
171
     0
176
     1
290
     0
176
     1
 93
        1
176
     1
 44
0.0
176
     1
173
     0
176
     1
1001
ACAD
1000
AcDbSavedByObjectVersion
1070
     0
  0
VISUALSTYLE
  5
32
102
{ACAD_XDICTIONARY
360
2B0
102
}
102
{ACAD_REACTORS
330
29
102
}
330
29
100
AcDbVisualStyle
  2
Conceptual
 70
     9
177
     2
291
     0
 71
     3
176
     1
 72
     2
176
     1
 73
     0
176
     1
 90
        0
176
     1
 40
0.6
176
     1
 41
30.0
176
     1
 63
     7
421
 16777215
176
     1
 74
     2
176
     1
 91
        2
176
     1
 64
     7
176
     1
 65
   257
176
     1
 75
     1
176
     1
175
     1
176
     1
 42
179.0
176
     1
 92
        8
176
     1
 66
     7
176
     1
 43
1.0
176
     1
 76
     1
176
     1
 77
     6
176
     1
 78
     2
176
     1
 67
     7
176
     1
 79
     3
176
     1
170
     0
176
     1
171
     0
176
     1
290
     0
176
     1
 93
        1
176
     1
 44
0.0
176
     1
173
     0
176
     1
1001
ACAD
1000
AcDbSavedByObjectVersion
1070
     0
  0
VISUALSTYLE
  5
34
102
{ACAD_XDICTIONARY
360
2B4
102
}
102
{ACAD_REACTORS
330
29
102
}
330
29
100
AcDbVisualStyle
  2
Dim
 70
    11
177
     2
291
     1
 71
     2
176
     1
 72
     2
176
     1
 73
     0
176
     1
 90
        0
176
     1
 40
0.6
176
     1
 41
30.0
176
     1
 63
     7
421
 16777215
176
     1
 74
     1
176
     1
 91
        4
176
     1
 64
     7
176
     1
 65
   257
176
     1
 75
     1
176
     1
175
     1
176
     1
 42
1.0
176
     1
 92
        8
176
     1
 66
     7
176
     1
 43
1.0
176
     1
 76
     1
176
     1
 77
     6
176
     1
 78
     2
176
     1
 67
     7
176
     1
 79
     5
176
     1
170
     0
176
     1
171
     0
176
     1
290
     0
176
     1
 93
        1
176
     1
 44
-50.0
176
     1
173
     0
176
     1
1001
ACAD
1000
AcDbSavedByObjectVersion
1070
     0
  0
VISUALSTYLE
  5
41
102
{ACAD_XDICTIONARY
360
2CE
102
}
102
{ACAD_REACTORS
330
29
102
}
330
29
100
AcDbVisualStyle
  2
EdgeColorOff
 70
    22
177
     2
291
     1
 71
     2
176
     0
 72
     2
176
     0
 73
     0
176
     0
 90
        0
176
     0
 40
0.6
176
     0
 41
30.0
176
     0
 63
     7
421
 16777215
176
     0
 74
     1
176
     0
 91
        4
176
     0
 64
     7
176
     0
 65
   257
176
     0
 75
     1
176
     0
175
     1
176
     0
 42
1.0
176
     0
 92
        8
176
     2
 66
     7
176
     0
 43
1.0
176
     0
 76
     1
176
     0
 77
     6
176
     0
 78
     2
176
     0
 67
     7
176
     0
 79
     5
176
     0
170
     0
176
     0
171
     0
176
     0
290
     0
176
     0
 93
        1
176
     0
 44
0.0
176
     0
173
     0
176
     0
1001
ACAD
1000
AcDbSavedByObjectVersion
1070
     0
  0
VISUALSTYLE
  5
38
102
{ACAD_XDICTIONARY
360
2BC
102
}
102
{ACAD_REACTORS
330
29
102
}
330
29
100
AcDbVisualStyle
  2
Facepattern
 70
    15
177
     2
291
     1
 71
     2
176
     1
 72
     2
176
     1
 73
     0
176
     1
 90
        0
176
     1
 40
0.6
176
     1
 41
30.0
176
     1
 63
     7
421
 16777215
176
     1
 74
     1
176
     1
 91
        4
176
     1
 64
     7
176
     1
 65
   257
176
     1
 75
     1
176
     1
175
     1
176
     1
 42
1.0
176
     1
 92
        8
176
     1
 66
     7
176
     1
 43
1.0
176
     1
 76
     1
176
     1
 77
     6
176
     1
 78
     2
176
     1
 67
     7
176
     1
 79
     5
176
     1
170
     0
176
     1
171
     0
176
     1
290
     0
176
     1
 93
        1
176
     1
 44
0.0
176
     1
173
     0
176
     1
1001
ACAD
1000
AcDbSavedByObjectVersion
1070
     0
  0
VISUALSTYLE
  5
2A
102
{ACAD_XDICTIONARY
360
2A0
102
}
102
{ACAD_REACTORS
330
29
102
}
330
29
100
AcDbVisualStyle
  2
Flat
 70
     0
177
     2
291
     1
 71
     2
176
     1
 72
     1
176
     1
 73
     1
176
     1
 90
        2
176
     1
 40
0.6
176
     1
 41
30.0
176
     1
 63
     7
421
 16777215
176
     1
 74
     0
176
     1
 91
        0
176
     1
 64
     7
176
     1
 65
   257
176
     1
 75
     1
176
     1
175
     1
176
     1
 42
1.0
176
     1
 92
        8
176
     1
 66
     7
176
     1
 43
1.0
176
     1
 76
     1
176
     1
 77
     6
176
     1
 78
     2
176
     1
 67
     7
176
     1
 79
     5
176
     1
170
     0
176
     1
171
     0
176
     1
290
     0
176
     1
 93
       13
176
     1
 44
0.0
176
     1
173
     0
176
     1
1001
ACAD
1000
AcDbSavedByObjectVersion
1070
     0
  0
VISUALSTYLE
  5
2B
102
{ACAD_XDICTIONARY
360
2A2
102
}
102
{ACAD_REACTORS
330
29
102
}
330
29
100
AcDbVisualStyle
  2
FlatWithEdges
 70
     1
177
     2
291
     1
 71
     2
176
     1
 72
     1
176
     1
 73
     1
176
     1
 90
        2
176
     1
 40
0.6
176
     1
 41
30.0
176
     1
 63
     7
421
 16777215
176
     1
 74
     1
176
     1
 91
        0
176
     1
 64
     7
176
     1
 65
   257
176
     1
 75
     1
176
     1
175
     1
176
     1
 42
1.0
176
     1
 92
        0
176
     1
 66
   257
176
     1
 43
1.0
176
     1
 76
     1
176
     1
 77
     6
176
     1
 78
     2
176
     1
 67
     7
176
     1
 79
     5
176
     1
170
     0
176
     1
171
     0
176
     1
290
     0
176
     1
 93
       13
176
     1
 44
0.0
176
     1
173
     0
176
     1
1001
ACAD
1000
AcDbSavedByObjectVersion
1070
     0
  0
VISUALSTYLE
  5
2C
102
{ACAD_XDICTIONARY
360
2A4
102
}
102
{ACAD_REACTORS
330
29
102
}
330
29
100
AcDbVisualStyle
  2
Gouraud
 70
     2
177
     2
291
     1
 71
     2
176
     1
 72
     2
176
     1
 73
     1
176
     1
 90
        2
176
     1
 40
0.6
176
     1
 41
30.0
176
     1
 63
     7
421
 16777215
176
     1
 74
     0
176
     1
 91
        0
176
     1
 64
     7
176
     1
 65
   257
176
     1
 75
     1
176
     1
175
     1
176
     1
 42
1.0
176
     1
 92
        0
176
     1
 66
     7
176
     1
 43
1.0
176
     1
 76
     1
176
     1
 77
     6
176
     1
 78
     2
176
     1
 67
     7
176
     1
 79
     5
176
     1
170
     0
176
     1
171
     0
176
     1
290
     0
176
     1
 93
       13
176
     1
 44
0.0
176
     1
173
     0
176
     1
1001
ACAD
1000
AcDbSavedByObjectVersion
1070
     0
  0
VISUALSTYLE
  5
2D
102
{ACAD_XDICTIONARY
360
2A6
102
}
102
{ACAD_REACTORS
330
29
102
}
330
29
100
AcDbVisualStyle
  2
GouraudWithEdges
 70
     3
177
     2
291
     1
 71
     2
176
     1
 72
     2
176
     1
 73
     1
176
     1
 90
        2
176
     1
 40
0.6
176
     1
 41
30.0
176
     1
 63
     7
421
 16777215
176
     1
 74
     1
176
     1
 91
        0
176
     1
 64
     7
176
     1
 65
   257
176
     1
 75
     1
176
     1
175
     1
176
     1
 42
1.0
176
     1
 92
        0
176
     1
 66
   257
176
     1
 43
1.0
176
     1
 76
     1
176
     1
 77
     6
176
     1
 78
     2
176
     1
 67
     7
176
     1
 79
     5
176
     1
170
     0
176
     1
171
     0
176
     1
290
     0
176
     1
 93
       13
176
     1
 44
0.0
176
     1
173
     0
176
     1
1001
ACAD
1000
AcDbSavedByObjectVersion
1070
     0
  0
VISUALSTYLE
  5
31
102
{ACAD_XDICTIONARY
360
2AE
102
}
102
{ACAD_REACTORS
330
29
102
}
330
29
100
AcDbVisualStyle
  2
Hidden
 70
     6
177
     2
291
     0
 71
     1
176
     1
 72
     2
176
     1
 73
     2
176
     1
 90
        0
176
     1
 40
0.6
176
     1
 41
30.0
176
     1
 63
     7
421
 16777215
176
     1
 74
     2
176
     1
 91
        2
176
     1
 64
     7
176
     1
 65
   257
176
     1
 75
     2
176
     1
175
     1
176
     1
 42
40.0
176
     1
 92
        0
176
     1
 66
   257
176
     1
 43
1.0
176
     1
 76
     1
176
     1
 77
     6
176
     1
 78
     2
176
     1
 67
     7
176
     1
 79
     3
176
     1
170
     0
176
     1
171
     0
176
     1
290
     0
176
     1
 93
        1
176
     1
 44
0.0
176
     1
173
     0
176
     1
1001
ACAD
1000
AcDbSavedByObjectVersion
1070
     0
  0
VISUALSTYLE
  5
3F
102
{ACAD_XDICTIONARY
360
2CA
102
}
102
{ACAD_REACTORS
330
29
102
}
330
29
100
AcDbVisualStyle
  2
JitterOff
 70
    20
177
     2
291
     1
 71
     2
176
     0
 72
     2
176
     0
 73
     0
176
     0
 90
        0
176
     0
 40
0.6
176
     0
 41
30.0
176
     0
 63
     7
421
 16777215
176
     0
 74
     1
176
     0
 91
        4
176
     0
 64
     7
176
     0
 65
   257
176
     0
 75
     1
176
     0
175
     1
176
     0
 42
1.0
176
     0
 92
       10
176
     2
 66
     7
176
     0
 43
1.0
176
     0
 76
     1
176
     0
 77
     6
176
     0
 78
     2
176
     0
 67
     7
176
     0
 79
     5
176
     0
170
     0
176
     0
171
     0
176
     0
290
     0
176
     0
 93
        1
176
     0
 44
0.0
176
     0
173
     0
176
     0
1001
ACAD
1000
AcDbSavedByObjectVersion
1070
     0
  0
VISUALSTYLE
  5
37
102
{ACAD_XDICTIONARY
360
2BA
102
}
102
{ACAD_REACTORS
330
29
102
}
330
29
100
AcDbVisualStyle
  2
Linepattern
 70
    14
177
     2
291
     1
 71
     2
176
     1
 72
     2
176
     1
 73
     0
176
     1
 90
        0
176
     1
 40
0.6
176
     1
 41
30.0
176
     1
 63
     7
421
 16777215
176
     1
 74
     1
176
     1
 91
        4
176
     1
 64
     7
176
     1
 65
   257
176
     1
 75
     7
176
     1
175
     7
176
     1
 42
1.0
176
     1
 92
        8
176
     1
 66
     7
176
     1
 43
1.0
176
     1
 76
     1
176
     1
 77
     6
176
     1
 78
     2
176
     1
 67
     7
176
     1
 79
     5
176
     1
170
     0
176
     1
171
     0
176
     1
290
     0
176
     1
 93
        1
176
     1
 44
0.0
176
     1
173
     0
176
     1
1001
ACAD
1000
AcDbSavedByObjectVersion
1070
     0
  0
VISUALSTYLE
  5
40
102
{ACAD_XDICTIONARY
360
2CC
102
}
102
{ACAD_REACTORS
330
29
102
}
330
29
100
AcDbVisualStyle
  2
OverhangOff
 70
    21
177
     2
291
     1
 71
     2
176
     0
 72
     2
176
     0
 73
     0
176
     0
 90
        0
176
     0
 40
0.6
176
     0
 41
30.0
176
     0
 63
     7
421
 16777215
176
     0
 74
     1
176
     0
 91
        4
176
     0
 64
     7
176
     0
 65
   257
176
     0
 75
     1
176
     0
175
     1
176
     0
 42
1.0
176
     0
 92
        9
176
     2
 66
     7
176
     0
 43
1.0
176
     0
 76
     1
176
     0
 77
     6
176
     0
 78
     2
176
     0
 67
     7
176
     0
 79
     5
176
     0
170
     0
176
     0
171
     0
176
     0
290
     0
176
     0
 93
        1
176
     0
 44
0.0
176
     0
173
     0
176
     0
1001
ACAD
1000
AcDbSavedByObjectVersion
1070
     0
  0
VISUALSTYLE
  5
33
102
{ACAD_XDICTIONARY
360
2B2
102
}
102
{ACAD_REACTORS
330
29
102
}
330
29
100
AcDbVisualStyle
  2
Realistic
 70
     8
177
     2
291
     0
 71
     2
176
     1
 72
     3
176
     1
 73
     0
176
     1
 90
        2
176
     1
 40
0.6
176
     1
 41
30.0
176
     1
 63
     7
421
 16777215
176
     1
 74
     0
176
     1
 91
        0
176
     1
 64
     7
176
     1
 65
   257
176
     1
 75
     1
176
     1
175
     1
176
     1
 42
1.0
176
     1
 92
        8
176
     1
 66
   257
176
     1
 43
1.0
176
     1
 76
     1
176
     1
 77
     6
176
     1
 78
     2
176
     1
 67
     7
176
     1
 79
     3
176
     1
170
     0
176
     1
171
     0
176
     1
290
     0
176
     1
 93
       13
176
     1
 44
0.0
176
     1
173
     0
176
     1
1001
ACAD
1000
AcDbSavedByObjectVersion
1070
     0
  0
VISUALSTYLE
  5
3E
102
{ACAD_XDICTIONARY
360
2C8
102
}
102
{ACAD_REACTORS
330
29
102
}
330
29
100
AcDbVisualStyle
  2
Shaded
 70
    27
177
     2
291
     0
 71
     2
176
     1
 72
     2
176
     1
 73
     1
176
     1
 90
        2
176
     1
 40
0.6
176
     1
 41
30.0
176
     1
 63
     7
421
 16777215
176
     1
 74
     0
176
     1
 91
        4
176
     1
 64
     7
176
     1
 65
   257
176
     1
 75
     1
176
     1
175
     1
176
     1
 42
1.0
176
     1
 92
        8
176
     1
 66
   257
176
     1
 43
1.0
176
     1
 76
     1
176
     1
 77
     6
176
     1
 78
     2
176
     1
 67
     8
425
  7895160
176
     1
 79
     3
176
     1
170
     0
176
     1
171
     0
176
     1
290
     0
176
     1
 93
        5
176
     1
 44
0.0
176
     1
173
     0
176
     1
1001
ACAD
1000
AcDbSavedByObjectVersion
1070
     0
  0
VISUALSTYLE
  5
3D
102
{ACAD_XDICTIONARY
360
2C6
102
}
102
{ACAD_REACTORS
330
29
102
}
330
29
100
AcDbVisualStyle
  2
Shaded with edges
 70
    26
177
     2
291
     0
 71
     2
176
     1
 72
     2
176
     1
 73
     1
176
     1
 90
        2
176
     1
 40
0.6
176
     1
 41
30.0
176
     1
 63
     7
421
 16777215
176
     1
 74
     1
176
     1
 91
        2
176
     1
 64
     7
176
     1
 65
   257
176
     1
 75
     2
176
     1
175
     1
176
     1
 42
1.0
176
     1
 92
        8
176
     1
 66
   257
176
     1
 43
1.0
176
     1
 76
     1
176
     1
 77
     6
176
     1
 78
     2
176
     1
 67
     7
176
     1
 79
     3
176
     1
170
     0
176
     1
171
     0
176
     1
290
     0
176
     1
 93
        5
176
     1
 44
0.0
176
     1
173
     0
176
     1
1001
ACAD
1000
AcDbSavedByObjectVersion
1070
     0
  0
VISUALSTYLE
  5
3A
102
{ACAD_XDICTIONARY
360
2C0
102
}
102
{ACAD_REACTORS
330
29
102
}
330
29
100
AcDbVisualStyle
  2
Shades of Gray
 70
    23
177
     2
291
     0
 71
     2
176
     1
 72
     2
176
     1
 73
     3
176
     1
 90
        0
176
     1
 40
0.6
176
     1
 41
30.0
176
     1
 63
     7
421
 16777215
176
     1
 74
     2
176
     1
 91
        2
176
     1
 64
     7
176
     1
 65
     7
176
     1
 75
     1
176
     1
175
     1
176
     1
 42
40.0
176
     1
 92
        8
176
     1
 66
     7
176
     1
 43
1.0
176
     1
 76
     1
176
     1
 77
     6
176
     1
 78
     2
176
     1
 67
     7
176
     1
 79
     3
176
     1
170
     0
176
     1
171
     0
176
     1
290
     0
176
     1
 93
        1
176
     1
 44
0.0
176
     1
173
     0
176
     1
1001
ACAD
1000
AcDbSavedByObjectVersion
1070
     0
  0
VISUALSTYLE
  5
3B
102
{ACAD_XDICTIONARY
360
2C2
102
}
102
{ACAD_REACTORS
330
29
102
}
330
29
100
AcDbVisualStyle
  2
Sketchy
 70
    24
177
     2
291
     0
 71
     1
176
     1
 72
     2
176
     1
 73
     2
176
     1
 90
        0
176
     1
 40
0.6
176
     1
 41
30.0
176
     1
 63
     7
421
 16777215
176
     1
 74
     2
176
     1
 91
        2
176
     1
 64
     7
176
     1
 65
     7
176
     1
 75
     1
176
     1
175
     1
176
     1
 42
40.0
176
     1
 92
       11
176
     1
 66
     7
176
     1
 43
1.0
176
     1
 76
     1
176
     1
 77
     6
176
     1
 78
     2
176
     1
 67
     7
176
     1
 79
     6
176
     1
170
     0
176
     1
171
     0
176
     1
290
     0
176
     1
 93
        1
176
     1
 44
0.0
176
     1
173
     0
176
     1
1001
ACAD
1000
AcDbSavedByObjectVersion
1070
     0
  0
VISUALSTYLE
  5
36
102
{ACAD_XDICTIONARY
360
2B8
102
}
102
{ACAD_REACTORS
330
29
102
}
330
29
100
AcDbVisualStyle
  2
Thicken
 70
    13
177
     2
291
     1
 71
     2
176
     1
 72
     2
176
     1
 73
     0
176
     1
 90
        0
176
     1
 40
0.6
176
     1
 41
30.0
176
     1
 63
     7
421
 16777215
176
     1
 74
     1
176
     1
 91
        4
176
     1
 64
     7
176
     1
 65
   257
176
     1
 75
     1
176
     1
175
     1
176
     1
 42
1.0
176
     1
 92
       12
176
     1
 66
     7
176
     1
 43
1.0
176
     1
 76
     1
176
     1
 77
     6
176
     1
 78
     2
176
     1
 67
     7
176
     1
 79
     5
176
     1
170
     0
176
     1
171
     0
176
     1
290
     0
176
     1
 93
        1
176
     1
 44
0.0
176
     1
173
     0
176
     1
1001
ACAD
1000
AcDbSavedByObjectVersion
1070
     0
  0
VISUALSTYLE
  5
30
102
{ACAD_XDICTIONARY
360
2AC
102
}
102
{ACAD_REACTORS
330
29
102
}
330
29
100
AcDbVisualStyle
  2
Wireframe
 70
     5
177
     2
291
     0
 71
     0
176
     1
 72
     2
176
     1
 73
     0
176
     1
 90
        0
176
     1
 40
0.6
176
     1
 41
30.0
176
     1
 63
     7
421
 16777215
176
     1
 74
     1
176
     1
 91
        4
176
     1
 64
     7
176
     1
 65
   257
176
     1
 75
     1
176
     1
175
     1
176
     1
 42
1.0
176
     1
 92
        0
176
     1
 66
   257
176
     1
 43
1.0
176
     1
 76
     1
176
     1
 77
     6
176
     1
 78
     2
176
     1
 67
     7
176
     1
 79
     3
176
     1
170
     0
176
     1
171
     0
176
     1
290
     0
176
     1
 93
        1
176
     1
 44
0.0
176
     1
173
     0
176
     1
1001
ACAD
1000
AcDbSavedByObjectVersion
1070
     0
  0
VISUALSTYLE
  5
3C
102
{ACAD_XDICTIONARY
360
2C4
102
}
102
{ACAD_REACTORS
330
29
102
}
330
29
100
AcDbVisualStyle
  2
X-Ray
 70
    25
177
     2
291
     0
 71
     2
176
     1
 72
     2
176
     1
 73
     1
176
     1
 90
        1
176
     1
 40
0.5
176
     1
 41
30.0
176
     1
 63
     7
421
 16777215
176
     1
 74
     1
176
     1
 91
        0
176
     1
 64
     7
176
     1
 65
   257
176
     1
 75
     1
176
     1
175
     1
176
     1
 42
1.0
176
     1
 92
        8
176
     1
 66
     7
176
     1
 43
1.0
176
     1
 76
     1
176
     1
 77
     6
176
     1
 78
     2
176
     1
 67
     7
176
     1
 79
     3
176
     1
170
     0
176
     1
171
     0
176
     1
290
     0
176
     1
 93
       13
176
     1
 44
0.0
176
     1
173
     0
176
     1
1001
ACAD
1000
AcDbSavedByObjectVersion
1070
     0
  0
DICTIONARYVAR
  5
29C
102
{ACAD_REACTORS
330
297
102
}
330
297
100
DictionaryVariables
280
     0
  1
1:1
  0
DICTIONARYVAR
  5
299
102
{ACAD_REACTORS
330
297
102
}
330
297
100
DictionaryVariables
280
     0
  1
STANDARD
  0
DICTIONARYVAR
  5
298
102
{ACAD_REACTORS
330
297
102
}
330
297
100
DictionaryVariables
280
     0
  1
STANDARD
  0
DICTIONARYVAR
  5
29A
102
{ACAD_REACTORS
330
297
102
}
330
297
100
DictionaryVariables
280
     0
  1
Imperial24
  0
DICTIONARYVAR
  5
29B
102
{ACAD_REACTORS
330
297
102
}
330
297
100
DictionaryVariables
280
     0
  1
Imperial24
  0
DICTIONARY
  5
2D4
330
6B
100
AcDbDictionary
280
     1
281
     1
  3
ACAD_XREC_ROUNDTRIP
360
2D5
  0
DICTIONARY
  5
1A
330
19
100
AcDbDictionary
280
     1
281
     1
  3
BUMPTILE
360
1C
  3
DIFFUSETILE
360
1B
  3
OPACITYTILE
360
1F
  3
REFLECTIONTILE
360
1E
  3
REFRACTIONTILE
360
20
  3
SPECULARTILE
360
1D
  0
DICTIONARY
  5
12
330
11
100
AcDbDictionary
280
     1
281
     1
  3
BUMPTILE
360
14
  3
DIFFUSETILE
360
13
  3
OPACITYTILE
360
17
  3
REFLECTIONTILE
360
16
  3
REFRACTIONTILE
360
18
  3
SPECULARTILE
360
15
  0
DICTIONARY
  5
22
330
21
100
AcDbDictionary
280
     1
281
     1
  3
BUMPTILE
360
24
  3
DIFFUSETILE
360
23
  3
OPACITYTILE
360
27
  3
REFLECTIONTILE
360
26
  3
REFRACTIONTILE
360
28
  3
SPECULARTILE
360
25
  0
DICTIONARY
  5
2D0
330
67
100
AcDbDictionary
280
     1
281
     1
  3
ACAD_XREC_ROUNDTRIP
360
2D1
  0
DICTIONARY
  5
2D2
330
69
100
AcDbDictionary
280
     1
281
     1
  3
ACAD_XREC_ROUNDTRIP
360
2D3
  0
DICTIONARY
  5
29D
330
65
100
AcDbDictionary
280
     1
281
     1
  3
ACAD_ROUNDTRIP_2008_TABLESTYLE_CELLSTYLEMAP
360
29E
  0
DICTIONARY
  5
2AA
330
2F
100
AcDbDictionary
280
     1
281
     1
  3
ACAD_XREC_ROUNDTRIP
360
2AB
  0
DICTIONARY
  5
2A8
330
2E
100
AcDbDictionary
280
     1
281
     1
  3
ACAD_XREC_ROUNDTRIP
360
2A9
  0
DICTIONARY
  5
2B6
330
35
100
AcDbDictionary
280
     1
281
     1
  3
ACAD_XREC_ROUNDTRIP
360
2B7
  0
DICTIONARY
  5
2BE
330
39
100
AcDbDictionary
280
     1
281
     1
  3
ACAD_XREC_ROUNDTRIP
360
2BF
  0
DICTIONARY
  5
2B0
330
32
100
AcDbDictionary
280
     1
281
     1
  3
ACAD_XREC_ROUNDTRIP
360
2B1
  0
DICTIONARY
  5
2B4
330
34
100
AcDbDictionary
280
     1
281
     1
  3
ACAD_XREC_ROUNDTRIP
360
2B5
  0
DICTIONARY
  5
2CE
330
41
100
AcDbDictionary
280
     1
281
     1
  3
ACAD_XREC_ROUNDTRIP
360
2CF
  0
DICTIONARY
  5
2BC
330
38
100
AcDbDictionary
280
     1
281
     1
  3
ACAD_XREC_ROUNDTRIP
360
2BD
  0
DICTIONARY
  5
2A0
330
2A
100
AcDbDictionary
280
     1
281
     1
  3
ACAD_XREC_ROUNDTRIP
360
2A1
  0
DICTIONARY
  5
2A2
330
2B
100
AcDbDictionary
280
     1
281
     1
  3
ACAD_XREC_ROUNDTRIP
360
2A3
  0
DICTIONARY
  5
2A4
330
2C
100
AcDbDictionary
280
     1
281
     1
  3
ACAD_XREC_ROUNDTRIP
360
2A5
  0
DICTIONARY
  5
2A6
330
2D
100
AcDbDictionary
280
     1
281
     1
  3
ACAD_XREC_ROUNDTRIP
360
2A7
  0
DICTIONARY
  5
2AE
330
31
100
AcDbDictionary
280
     1
281
     1
  3
ACAD_XREC_ROUNDTRIP
360
2AF
  0
DICTIONARY
  5
2CA
330
3F
100
AcDbDictionary
280
     1
281
     1
  3
ACAD_XREC_ROUNDTRIP
360
2CB
  0
DICTIONARY
  5
2BA
330
37
100
AcDbDictionary
280
     1
281
     1
  3
ACAD_XREC_ROUNDTRIP
360
2BB
  0
DICTIONARY
  5
2CC
330
40
100
AcDbDictionary
280
     1
281
     1
  3
ACAD_XREC_ROUNDTRIP
360
2CD
  0
DICTIONARY
  5
2B2
330
33
100
AcDbDictionary
280
     1
281
     1
  3
ACAD_XREC_ROUNDTRIP
360
2B3
  0
DICTIONARY
  5
2C8
330
3E
100
AcDbDictionary
280
     1
281
     1
  3
ACAD_XREC_ROUNDTRIP
360
2C9
  0
DICTIONARY
  5
2C6
330
3D
100
AcDbDictionary
280
     1
281
     1
  3
ACAD_XREC_ROUNDTRIP
360
2C7
  0
DICTIONARY
  5
2C0
330
3A
100
AcDbDictionary
280
     1
281
     1
  3
ACAD_XREC_ROUNDTRIP
360
2C1
  0
DICTIONARY
  5
2C2
330
3B
100
AcDbDictionary
280
     1
281
     1
  3
ACAD_XREC_ROUNDTRIP
360
2C3
  0
DICTIONARY
  5
2B8
330
36
100
AcDbDictionary
280
     1
281
     1
  3
ACAD_XREC_ROUNDTRIP
360
2B9
  0
DICTIONARY
  5
2AC
330
30
100
AcDbDictionary
280
     1
281
     1
  3
ACAD_XREC_ROUNDTRIP
360
2AD
  0
DICTIONARY
  5
2C4
330
3C
100
AcDbDictionary
280
     1
281
     1
  3
ACAD_XREC_ROUNDTRIP
360
2C5
  0
XRECORD
  5
2D5
102
{ACAD_REACTORS
330
2D4
102
}
330
2D4
100
AcDbXrecord
280
     1
102
DISPLAYNAME
  1
Imperial24
102
FLAGS
 90
        0
  0
XRECORD
  5
1C
102
{ACAD_REACTORS
330
1A
102
}
330
1A
100
AcDbXrecord
280
     1
270
     1
271
     1
  0
XRECORD
  5
1B
102
{ACAD_REACTORS
330
1A
102
}
330
1A
100
AcDbXrecord
280
     1
270
     1
271
     1
  0
XRECORD
  5
1F
102
{ACAD_REACTORS
330
1A
102
}
330
1A
100
AcDbXrecord
280
     1
270
     1
271
     1
  0
XRECORD
  5
1E
102
{ACAD_REACTORS
330
1A
102
}
330
1A
100
AcDbXrecord
280
     1
270
     1
271
     1
  0
XRECORD
  5
20
102
{ACAD_REACTORS
330
1A
102
}
330
1A
100
AcDbXrecord
280
     1
270
     1
271
     1
  0
XRECORD
  5
1D
102
{ACAD_REACTORS
330
1A
102
}
330
1A
100
AcDbXrecord
280
     1
270
     1
271
     1
  0
XRECORD
  5
14
102
{ACAD_REACTORS
330
12
102
}
330
12
100
AcDbXrecord
280
     1
270
     1
271
     1
  0
XRECORD
  5
13
102
{ACAD_REACTORS
330
12
102
}
330
12
100
AcDbXrecord
280
     1
270
     1
271
     1
  0
XRECORD
  5
17
102
{ACAD_REACTORS
330
12
102
}
330
12
100
AcDbXrecord
280
     1
270
     1
271
     1
  0
XRECORD
  5
16
102
{ACAD_REACTORS
330
12
102
}
330
12
100
AcDbXrecord
280
     1
270
     1
271
     1
  0
XRECORD
  5
18
102
{ACAD_REACTORS
330
12
102
}
330
12
100
AcDbXrecord
280
     1
270
     1
271
     1
  0
XRECORD
  5
15
102
{ACAD_REACTORS
330
12
102
}
330
12
100
AcDbXrecord
280
     1
270
     1
271
     1
  0
XRECORD
  5
24
102
{ACAD_REACTORS
330
22
102
}
330
22
100
AcDbXrecord
280
     1
270
     1
271
     1
  0
XRECORD
  5
23
102
{ACAD_REACTORS
330
22
102
}
330
22
100
AcDbXrecord
280
     1
270
     1
271
     1
  0
XRECORD
  5
27
102
{ACAD_REACTORS
330
22
102
}
330
22
100
AcDbXrecord
280
     1
270
     1
271
     1
  0
XRECORD
  5
26
102
{ACAD_REACTORS
330
22
102
}
330
22
100
AcDbXrecord
280
     1
270
     1
271
     1
  0
XRECORD
  5
28
102
{ACAD_REACTORS
330
22
102
}
330
22
100
AcDbXrecord
280
     1
270
     1
271
     1
  0
XRECORD
  5
25
102
{ACAD_REACTORS
330
22
102
}
330
22
100
AcDbXrecord
280
     1
270
     1
271
     1
  0
XRECORD
  5
2D1
102
{ACAD_REACTORS
330
2D0
102
}
330
2D0
100
AcDbXrecord
280
     1
102
ACAD_ROUNDTRIP_2012_MLEADER_STYLE
298
     1
  0
XRECORD
  5
2D3
102
{ACAD_REACTORS
330
2D2
102
}
330
2D2
100
AcDbXrecord
280
     1
102
DISPLAYNAME
  1
Imperial24
102
FLAGS
 90
        0
  0
CELLSTYLEMAP
  5
29E
102
{ACAD_REACTORS
330
29D
102
}
330
29D
100
AcDbCellStyleMap
 90
        3
300
CELLSTYLE
  1
TABLEFORMAT_BEGIN
 90
        5
170
     1
 91
        0
 92
    32768
 62
   257
 93
        1
300
CONTENTFORMAT
  1
CONTENTFORMAT_BEGIN
 90
        0
 91
        0
 92
      512
 93
        0
300

 40
0.0
140
1.0
 94
        5
 62
     0
340
55
144
0.25
309
CONTENTFORMAT_END
171
     0
 94
        0
309
TABLEFORMAT_END
  1
CELLSTYLE_BEGIN
 90
        1
 91
        1
300
_TITLE
309
CELLSTYLE_END
300
CELLSTYLE
  1
TABLEFORMAT_BEGIN
 90
        5
170
     1
 91
        0
 92
        0
 62
   257
 93
        1
300
CONTENTFORMAT
  1
CONTENTFORMAT_BEGIN
 90
        0
 91
        0
 92
      512
 93
        0
300

 40
0.0
140
1.0
 94
        5
 62
     0
340
55
144
0.18
309
CONTENTFORMAT_END
171
     0
 94
        0
309
TABLEFORMAT_END
  1
CELLSTYLE_BEGIN
 90
        2
 91
        1
300
_HEADER
309
CELLSTYLE_END
300
CELLSTYLE
  1
TABLEFORMAT_BEGIN
 90
        5
170
     1
 91
        0
 92
        0
 62
   257
 93
        1
300
CONTENTFORMAT
  1
CONTENTFORMAT_BEGIN
 90
        0
 91
        0
 92
      512
 93
        0
300

 40
0.0
140
1.0
 94
        2
 62
     0
340
55
144
0.18
309
CONTENTFORMAT_END
171
     0
 94
        0
309
TABLEFORMAT_END
  1
CELLSTYLE_BEGIN
 90
        3
 91
        2
300
_DATA
309
CELLSTYLE_END
  0
XRECORD
  5
2AB
102
{ACAD_REACTORS
330
2AA
102
}
330
2AA
100
AcDbXrecord
280
     1
102
RTVSPost2010Prop28
280
     1
102
RTVSPost2010PropOp28
 70
     1
102
RTVSPost2010Prop29
280
     1
102
RTVSPost2010PropOp29
 70
     1
102
RTVSPost2010Prop30
280
     0
102
RTVSPost2010PropOp30
 70
     1
102
RTVSPost2010Prop31
280
     0
102
RTVSPost2010PropOp31
 70
     1
102
RTVSPost2010Prop32
280
     0
102
RTVSPost2010PropOp32
 70
     1
102
RTVSPost2010Prop33
280
     0
102
RTVSPost2010PropOp33
 70
     1
102
RTVSPost2010Prop34
280
     0
102
RTVSPost2010PropOp34
 70
     1
102
RTVSPost2010Prop35
280
     0
102
RTVSPost2010PropOp35
 70
     1
102
RTVSPost2010Prop36
280
     0
102
RTVSPost2010PropOp36
 70
     1
102
RTVSPost2010Prop37
 90
       50
102
RTVSPost2010PropOp37
 70
     1
102
RTVSPost2010Prop38
140
0.0
102
RTVSPost2010PropOp38
 70
     1
102
RTVSPost2010Prop39
140
1.0
102
RTVSPost2010PropOp39
 70
     1
102
RTVSPost2010Prop40
 90
        0
102
RTVSPost2010PropOp40
 70
     1
102
RTVSPost2010Prop41ColorIndex
 90
       18
102
RTVSPost2010Prop41ColorRGB
 90
        0
102
RTVSPost2010PropOp41
 70
     1
102
RTVSPost2010Prop42
 90
       50
102
RTVSPost2010PropOp42
 70
     1
102
RTVSPost2010Prop43
 90
        3
102
RTVSPost2010PropOp43
 70
     1
102
RTVSPost2010Prop44ColorIndex
 90
        5
102
RTVSPost2010Prop44ColorRGB
 90
      255
102
RTVSPost2010PropOp44
 70
     1
102
RTVSPost2010Prop45
280
     0
102
RTVSPost2010PropOp45
 70
     1
102
RTVSPost2010Prop46
 90
       50
102
RTVSPost2010PropOp46
 70
     1
102
RTVSPost2010Prop47
 90
       50
102
RTVSPost2010PropOp47
 70
     1
102
RTVSPost2010Prop48
 90
       50
102
RTVSPost2010PropOp48
 70
     1
102
RTVSPost2010Prop49
280
     0
102
RTVSPost2010PropOp49
 70
     1
102
RTVSPost2010Prop50
 90
       50
102
RTVSPost2010PropOp50
 70
     1
102
RTVSPost2010Prop51ColorIndex
 90
      256
102
RTVSPost2010Prop51ColorRGB
 90
-16777216
102
RTVSPost2010PropOp51
 70
     0
102
RTVSPost2010Prop52
140
1.0
102
RTVSPost2010PropOp52
 70
     0
102
RTVSPost2010Prop53
 90
        2
102
RTVSPost2010PropOp53
 70
     1
102
RTVSPost2010Prop54
  1
strokes_ogs.tif
102
RTVSPost2010PropOp54
 70
     1
102
RTVSPost2010Prop55
280
     0
102
RTVSPost2010PropOp55
 70
     1
102
RTVSPost2010Prop56
140
1.0
102
RTVSPost2010PropOp56
 70
     1
102
RTVSPost2010Prop57
140
1.0
102
RTVSPost2010PropOp57
 70
     1
  0
XRECORD
  5
2A9
102
{ACAD_REACTORS
330
2A8
102
}
330
2A8
100
AcDbXrecord
280
     1
102
RTVSPost2010Prop28
280
     0
102
RTVSPost2010PropOp28
 70
     1
102
RTVSPost2010Prop29
280
     1
102
RTVSPost2010PropOp29
 70
     1
102
RTVSPost2010Prop30
280
     1
102
RTVSPost2010PropOp30
 70
     1
102
RTVSPost2010Prop31
280
     0
102
RTVSPost2010PropOp31
 70
     1
102
RTVSPost2010Prop32
280
     0
102
RTVSPost2010PropOp32
 70
     1
102
RTVSPost2010Prop33
280
     0
102
RTVSPost2010PropOp33
 70
     1
102
RTVSPost2010Prop34
280
     0
102
RTVSPost2010PropOp34
 70
     1
102
RTVSPost2010Prop35
280
     0
102
RTVSPost2010PropOp35
 70
     1
102
RTVSPost2010Prop36
280
     0
102
RTVSPost2010PropOp36
 70
     1
102
RTVSPost2010Prop37
 90
       50
102
RTVSPost2010PropOp37
 70
     1
102
RTVSPost2010Prop38
140
0.0
102
RTVSPost2010PropOp38
 70
     1
102
RTVSPost2010Prop39
140
1.0
102
RTVSPost2010PropOp39
 70
     1
102
RTVSPost2010Prop40
 90
        0
102
RTVSPost2010PropOp40
 70
     1
102
RTVSPost2010Prop41ColorIndex
 90
       18
102
RTVSPost2010Prop41ColorRGB
 90
        0
102
RTVSPost2010PropOp41
 70
     1
102
RTVSPost2010Prop42
 90
       50
102
RTVSPost2010PropOp42
 70
     1
102
RTVSPost2010Prop43
 90
        3
102
RTVSPost2010PropOp43
 70
     1
102
RTVSPost2010Prop44ColorIndex
 90
        5
102
RTVSPost2010Prop44ColorRGB
 90
      255
102
RTVSPost2010PropOp44
 70
     1
102
RTVSPost2010Prop45
280
     0
102
RTVSPost2010PropOp45
 70
     1
102
RTVSPost2010Prop46
 90
       50
102
RTVSPost2010PropOp46
 70
     1
102
RTVSPost2010Prop47
 90
       50
102
RTVSPost2010PropOp47
 70
     1
102
RTVSPost2010Prop48
 90
       50
102
RTVSPost2010PropOp48
 70
     1
102
RTVSPost2010Prop49
280
     0
102
RTVSPost2010PropOp49
 70
     1
102
RTVSPost2010Prop50
 90
       50
102
RTVSPost2010PropOp50
 70
     1
102
RTVSPost2010Prop51ColorIndex
 90
      256
102
RTVSPost2010Prop51ColorRGB
 90
-16777216
102
RTVSPost2010PropOp51
 70
     0
102
RTVSPost2010Prop52
140
1.0
102
RTVSPost2010PropOp52
 70
     0
102
RTVSPost2010Prop53
 90
        2
102
RTVSPost2010PropOp53
 70
     1
102
RTVSPost2010Prop54
  1
strokes_ogs.tif
102
RTVSPost2010PropOp54
 70
     1
102
RTVSPost2010Prop55
280
     0
102
RTVSPost2010PropOp55
 70
     1
102
RTVSPost2010Prop56
140
1.0
102
RTVSPost2010PropOp56
 70
     1
102
RTVSPost2010Prop57
140
1.0
102
RTVSPost2010PropOp57
 70
     1
  0
XRECORD
  5
2B7
102
{ACAD_REACTORS
330
2B6
102
}
330
2B6
100
AcDbXrecord
280
     1
102
RTVSPost2010Prop28
280
     0
102
RTVSPost2010PropOp28
 70
     1
102
RTVSPost2010Prop29
280
     1
102
RTVSPost2010PropOp29
 70
     1
102
RTVSPost2010Prop30
280
     1
102
RTVSPost2010PropOp30
 70
     1
102
RTVSPost2010Prop31
280
     0
102
RTVSPost2010PropOp31
 70
     1
102
RTVSPost2010Prop32
280
     0
102
RTVSPost2010PropOp32
 70
     1
102
RTVSPost2010Prop33
280
     0
102
RTVSPost2010PropOp33
 70
     1
102
RTVSPost2010Prop34
280
     0
102
RTVSPost2010PropOp34
 70
     1
102
RTVSPost2010Prop35
280
     0
102
RTVSPost2010PropOp35
 70
     1
102
RTVSPost2010Prop36
280
     0
102
RTVSPost2010PropOp36
 70
     1
102
RTVSPost2010Prop37
 90
       50
102
RTVSPost2010PropOp37
 70
     1
102
RTVSPost2010Prop38
140
0.0
102
RTVSPost2010PropOp38
 70
     1
102
RTVSPost2010Prop39
140
1.0
102
RTVSPost2010PropOp39
 70
     1
102
RTVSPost2010Prop40
 90
        0
102
RTVSPost2010PropOp40
 70
     1
102
RTVSPost2010Prop41ColorIndex
 90
       18
102
RTVSPost2010Prop41ColorRGB
 90
        0
102
RTVSPost2010PropOp41
 70
     1
102
RTVSPost2010Prop42
 90
       50
102
RTVSPost2010PropOp42
 70
     1
102
RTVSPost2010Prop43
 90
        3
102
RTVSPost2010PropOp43
 70
     1
102
RTVSPost2010Prop44ColorIndex
 90
        5
102
RTVSPost2010Prop44ColorRGB
 90
      255
102
RTVSPost2010PropOp44
 70
     1
102
RTVSPost2010Prop45
280
     0
102
RTVSPost2010PropOp45
 70
     1
102
RTVSPost2010Prop46
 90
       50
102
RTVSPost2010PropOp46
 70
     1
102
RTVSPost2010Prop47
 90
       50
102
RTVSPost2010PropOp47
 70
     1
102
RTVSPost2010Prop48
 90
       50
102
RTVSPost2010PropOp48
 70
     1
102
RTVSPost2010Prop49
280
     0
102
RTVSPost2010PropOp49
 70
     1
102
RTVSPost2010Prop50
 90
       50
102
RTVSPost2010PropOp50
 70
     1
102
RTVSPost2010Prop51ColorIndex
 90
      256
102
RTVSPost2010Prop51ColorRGB
 90
-16777216
102
RTVSPost2010PropOp51
 70
     0
102
RTVSPost2010Prop52
140
1.0
102
RTVSPost2010PropOp52
 70
     0
102
RTVSPost2010Prop53
 90
        2
102
RTVSPost2010PropOp53
 70
     1
102
RTVSPost2010Prop54
  1
strokes_ogs.tif
102
RTVSPost2010PropOp54
 70
     1
102
RTVSPost2010Prop55
280
     0
102
RTVSPost2010PropOp55
 70
     1
102
RTVSPost2010Prop56
140
1.0
102
RTVSPost2010PropOp56
 70
     1
102
RTVSPost2010Prop57
140
1.0
102
RTVSPost2010PropOp57
 70
     1
  0
XRECORD
  5
2BF
102
{ACAD_REACTORS
330
2BE
102
}
330
2BE
100
AcDbXrecord
280
     1
102
RTVSPost2010Prop28
280
     0
102
RTVSPost2010PropOp28
 70
     1
102
RTVSPost2010Prop29
280
     1
102
RTVSPost2010PropOp29
 70
     1
102
RTVSPost2010Prop30
280
     1
102
RTVSPost2010PropOp30
 70
     1
102
RTVSPost2010Prop31
280
     0
102
RTVSPost2010PropOp31
 70
     1
102
RTVSPost2010Prop32
280
     0
102
RTVSPost2010PropOp32
 70
     1
102
RTVSPost2010Prop33
280
     0
102
RTVSPost2010PropOp33
 70
     1
102
RTVSPost2010Prop34
280
     0
102
RTVSPost2010PropOp34
 70
     1
102
RTVSPost2010Prop35
280
     0
102
RTVSPost2010PropOp35
 70
     1
102
RTVSPost2010Prop36
280
     0
102
RTVSPost2010PropOp36
 70
     1
102
RTVSPost2010Prop37
 90
       50
102
RTVSPost2010PropOp37
 70
     1
102
RTVSPost2010Prop38
140
0.0
102
RTVSPost2010PropOp38
 70
     1
102
RTVSPost2010Prop39
140
1.0
102
RTVSPost2010PropOp39
 70
     1
102
RTVSPost2010Prop40
 90
        0
102
RTVSPost2010PropOp40
 70
     1
102
RTVSPost2010Prop41ColorIndex
 90
       18
102
RTVSPost2010Prop41ColorRGB
 90
        0
102
RTVSPost2010PropOp41
 70
     1
102
RTVSPost2010Prop42
 90
       50
102
RTVSPost2010PropOp42
 70
     1
102
RTVSPost2010Prop43
 90
        3
102
RTVSPost2010PropOp43
 70
     1
102
RTVSPost2010Prop44ColorIndex
 90
        5
102
RTVSPost2010Prop44ColorRGB
 90
      255
102
RTVSPost2010PropOp44
 70
     1
102
RTVSPost2010Prop45
280
     0
102
RTVSPost2010PropOp45
 70
     1
102
RTVSPost2010Prop46
 90
       50
102
RTVSPost2010PropOp46
 70
     1
102
RTVSPost2010Prop47
 90
       50
102
RTVSPost2010PropOp47
 70
     1
102
RTVSPost2010Prop48
 90
       50
102
RTVSPost2010PropOp48
 70
     1
102
RTVSPost2010Prop49
280
     0
102
RTVSPost2010PropOp49
 70
     1
102
RTVSPost2010Prop50
 90
       50
102
RTVSPost2010PropOp50
 70
     1
102
RTVSPost2010Prop51ColorIndex
 90
      256
102
RTVSPost2010Prop51ColorRGB
 90
-16777216
102
RTVSPost2010PropOp51
 70
     0
102
RTVSPost2010Prop52
140
1.0
102
RTVSPost2010PropOp52
 70
     0
102
RTVSPost2010Prop53
 90
        2
102
RTVSPost2010PropOp53
 70
     1
102
RTVSPost2010Prop54
  1
strokes_ogs.tif
102
RTVSPost2010PropOp54
 70
     1
102
RTVSPost2010Prop55
280
     0
102
RTVSPost2010PropOp55
 70
     1
102
RTVSPost2010Prop56
140
1.0
102
RTVSPost2010PropOp56
 70
     1
102
RTVSPost2010Prop57
140
1.0
102
RTVSPost2010PropOp57
 70
     1
  0
XRECORD
  5
2B1
102
{ACAD_REACTORS
330
2B0
102
}
330
2B0
100
AcDbXrecord
280
     1
102
RTVSPost2010Prop28
280
     0
102
RTVSPost2010PropOp28
 70
     1
102
RTVSPost2010Prop29
280
     1
102
RTVSPost2010PropOp29
 70
     1
102
RTVSPost2010Prop30
280
     1
102
RTVSPost2010PropOp30
 70
     1
102
RTVSPost2010Prop31
280
     0
102
RTVSPost2010PropOp31
 70
     1
102
RTVSPost2010Prop32
280
     0
102
RTVSPost2010PropOp32
 70
     1
102
RTVSPost2010Prop33
280
     0
102
RTVSPost2010PropOp33
 70
     1
102
RTVSPost2010Prop34
280
     0
102
RTVSPost2010PropOp34
 70
     1
102
RTVSPost2010Prop35
280
     0
102
RTVSPost2010PropOp35
 70
     1
102
RTVSPost2010Prop36
280
     0
102
RTVSPost2010PropOp36
 70
     1
102
RTVSPost2010Prop37
 90
       50
102
RTVSPost2010PropOp37
 70
     1
102
RTVSPost2010Prop38
140
0.0
102
RTVSPost2010PropOp38
 70
     1
102
RTVSPost2010Prop39
140
1.0
102
RTVSPost2010PropOp39
 70
     1
102
RTVSPost2010Prop40
 90
        0
102
RTVSPost2010PropOp40
 70
     1
102
RTVSPost2010Prop41ColorIndex
 90
       18
102
RTVSPost2010Prop41ColorRGB
 90
        0
102
RTVSPost2010PropOp41
 70
     1
102
RTVSPost2010Prop42
 90
       50
102
RTVSPost2010PropOp42
 70
     1
102
RTVSPost2010Prop43
 90
        3
102
RTVSPost2010PropOp43
 70
     1
102
RTVSPost2010Prop44ColorIndex
 90
        5
102
RTVSPost2010Prop44ColorRGB
 90
      255
102
RTVSPost2010PropOp44
 70
     1
102
RTVSPost2010Prop45
280
     0
102
RTVSPost2010PropOp45
 70
     1
102
RTVSPost2010Prop46
 90
       50
102
RTVSPost2010PropOp46
 70
     1
102
RTVSPost2010Prop47
 90
       50
102
RTVSPost2010PropOp47
 70
     1
102
RTVSPost2010Prop48
 90
       50
102
RTVSPost2010PropOp48
 70
     1
102
RTVSPost2010Prop49
280
     0
102
RTVSPost2010PropOp49
 70
     1
102
RTVSPost2010Prop50
 90
       50
102
RTVSPost2010PropOp50
 70
     1
102
RTVSPost2010Prop51ColorIndex
 90
      256
102
RTVSPost2010Prop51ColorRGB
 90
-16777216
102
RTVSPost2010PropOp51
 70
     0
102
RTVSPost2010Prop52
140
1.0
102
RTVSPost2010PropOp52
 70
     0
102
RTVSPost2010Prop53
 90
        2
102
RTVSPost2010PropOp53
 70
     1
102
RTVSPost2010Prop54
  1
strokes_ogs.tif
102
RTVSPost2010PropOp54
 70
     1
102
RTVSPost2010Prop55
280
     0
102
RTVSPost2010PropOp55
 70
     1
102
RTVSPost2010Prop56
140
1.0
102
RTVSPost2010PropOp56
 70
     1
102
RTVSPost2010Prop57
140
1.0
102
RTVSPost2010PropOp57
 70
     1
  0
XRECORD
  5
2B5
102
{ACAD_REACTORS
330
2B4
102
}
330
2B4
100
AcDbXrecord
280
     1
102
RTVSPost2010Prop28
280
     0
102
RTVSPost2010PropOp28
 70
     1
102
RTVSPost2010Prop29
280
     1
102
RTVSPost2010PropOp29
 70
     1
102
RTVSPost2010Prop30
280
     1
102
RTVSPost2010PropOp30
 70
     1
102
RTVSPost2010Prop31
280
     0
102
RTVSPost2010PropOp31
 70
     1
102
RTVSPost2010Prop32
280
     0
102
RTVSPost2010PropOp32
 70
     1
102
RTVSPost2010Prop33
280
     0
102
RTVSPost2010PropOp33
 70
     1
102
RTVSPost2010Prop34
280
     0
102
RTVSPost2010PropOp34
 70
     1
102
RTVSPost2010Prop35
280
     0
102
RTVSPost2010PropOp35
 70
     1
102
RTVSPost2010Prop36
280
     0
102
RTVSPost2010PropOp36
 70
     1
102
RTVSPost2010Prop37
 90
       50
102
RTVSPost2010PropOp37
 70
     1
102
RTVSPost2010Prop38
140
0.0
102
RTVSPost2010PropOp38
 70
     1
102
RTVSPost2010Prop39
140
1.0
102
RTVSPost2010PropOp39
 70
     1
102
RTVSPost2010Prop40
 90
        0
102
RTVSPost2010PropOp40
 70
     1
102
RTVSPost2010Prop41ColorIndex
 90
       18
102
RTVSPost2010Prop41ColorRGB
 90
        0
102
RTVSPost2010PropOp41
 70
     1
102
RTVSPost2010Prop42
 90
       50
102
RTVSPost2010PropOp42
 70
     1
102
RTVSPost2010Prop43
 90
        3
102
RTVSPost2010PropOp43
 70
     1
102
RTVSPost2010Prop44ColorIndex
 90
        5
102
RTVSPost2010Prop44ColorRGB
 90
      255
102
RTVSPost2010PropOp44
 70
     1
102
RTVSPost2010Prop45
280
     0
102
RTVSPost2010PropOp45
 70
     1
102
RTVSPost2010Prop46
 90
       50
102
RTVSPost2010PropOp46
 70
     1
102
RTVSPost2010Prop47
 90
       50
102
RTVSPost2010PropOp47
 70
     1
102
RTVSPost2010Prop48
 90
       50
102
RTVSPost2010PropOp48
 70
     1
102
RTVSPost2010Prop49
280
     0
102
RTVSPost2010PropOp49
 70
     1
102
RTVSPost2010Prop50
 90
       50
102
RTVSPost2010PropOp50
 70
     1
102
RTVSPost2010Prop51ColorIndex
 90
      256
102
RTVSPost2010Prop51ColorRGB
 90
-16777216
102
RTVSPost2010PropOp51
 70
     0
102
RTVSPost2010Prop52
140
1.0
102
RTVSPost2010PropOp52
 70
     0
102
RTVSPost2010Prop53
 90
        2
102
RTVSPost2010PropOp53
 70
     1
102
RTVSPost2010Prop54
  1
strokes_ogs.tif
102
RTVSPost2010PropOp54
 70
     1
102
RTVSPost2010Prop55
280
     0
102
RTVSPost2010PropOp55
 70
     1
102
RTVSPost2010Prop56
140
1.0
102
RTVSPost2010PropOp56
 70
     1
102
RTVSPost2010Prop57
140
1.0
102
RTVSPost2010PropOp57
 70
     1
  0
XRECORD
  5
2CF
102
{ACAD_REACTORS
330
2CE
102
}
330
2CE
100
AcDbXrecord
280
     1
102
RTVSPost2010Prop28
280
     0
102
RTVSPost2010PropOp28
 70
     0
102
RTVSPost2010Prop29
280
     1
102
RTVSPost2010PropOp29
 70
     0
102
RTVSPost2010Prop30
280
     1
102
RTVSPost2010PropOp30
 70
     0
102
RTVSPost2010Prop31
280
     0
102
RTVSPost2010PropOp31
 70
     0
102
RTVSPost2010Prop32
280
     0
102
RTVSPost2010PropOp32
 70
     0
102
RTVSPost2010Prop33
280
     0
102
RTVSPost2010PropOp33
 70
     0
102
RTVSPost2010Prop34
280
     0
102
RTVSPost2010PropOp34
 70
     0
102
RTVSPost2010Prop35
280
     0
102
RTVSPost2010PropOp35
 70
     0
102
RTVSPost2010Prop36
280
     0
102
RTVSPost2010PropOp36
 70
     0
102
RTVSPost2010Prop37
 90
       50
102
RTVSPost2010PropOp37
 70
     0
102
RTVSPost2010Prop38
140
0.0
102
RTVSPost2010PropOp38
 70
     0
102
RTVSPost2010Prop39
140
1.0
102
RTVSPost2010PropOp39
 70
     0
102
RTVSPost2010Prop40
 90
        0
102
RTVSPost2010PropOp40
 70
     0
102
RTVSPost2010Prop41ColorIndex
 90
       18
102
RTVSPost2010Prop41ColorRGB
 90
        0
102
RTVSPost2010PropOp41
 70
     0
102
RTVSPost2010Prop42
 90
       50
102
RTVSPost2010PropOp42
 70
     0
102
RTVSPost2010Prop43
 90
        3
102
RTVSPost2010PropOp43
 70
     0
102
RTVSPost2010Prop44ColorIndex
 90
        5
102
RTVSPost2010Prop44ColorRGB
 90
      255
102
RTVSPost2010PropOp44
 70
     0
102
RTVSPost2010Prop45
280
     0
102
RTVSPost2010PropOp45
 70
     0
102
RTVSPost2010Prop46
 90
       50
102
RTVSPost2010PropOp46
 70
     0
102
RTVSPost2010Prop47
 90
       50
102
RTVSPost2010PropOp47
 70
     0
102
RTVSPost2010Prop48
 90
       50
102
RTVSPost2010PropOp48
 70
     0
102
RTVSPost2010Prop49
280
     0
102
RTVSPost2010PropOp49
 70
     0
102
RTVSPost2010Prop50
 90
       50
102
RTVSPost2010PropOp50
 70
     0
102
RTVSPost2010Prop51ColorIndex
 90
      256
102
RTVSPost2010Prop51ColorRGB
 90
-16777216
102
RTVSPost2010PropOp51
 70
     0
102
RTVSPost2010Prop52
140
1.0
102
RTVSPost2010PropOp52
 70
     0
102
RTVSPost2010Prop53
 90
        2
102
RTVSPost2010PropOp53
 70
     0
102
RTVSPost2010Prop54
  1
strokes_ogs.tif
102
RTVSPost2010PropOp54
 70
     0
102
RTVSPost2010Prop55
280
     0
102
RTVSPost2010PropOp55
 70
     0
102
RTVSPost2010Prop56
140
1.0
102
RTVSPost2010PropOp56
 70
     0
102
RTVSPost2010Prop57
140
1.0
102
RTVSPost2010PropOp57
 70
     0
  0
XRECORD
  5
2BD
102
{ACAD_REACTORS
330
2BC
102
}
330
2BC
100
AcDbXrecord
280
     1
102
RTVSPost2010Prop28
280
     0
102
RTVSPost2010PropOp28
 70
     1
102
RTVSPost2010Prop29
280
     1
102
RTVSPost2010PropOp29
 70
     1
102
RTVSPost2010Prop30
280
     1
102
RTVSPost2010PropOp30
 70
     1
102
RTVSPost2010Prop31
280
     0
102
RTVSPost2010PropOp31
 70
     1
102
RTVSPost2010Prop32
280
     0
102
RTVSPost2010PropOp32
 70
     1
102
RTVSPost2010Prop33
280
     0
102
RTVSPost2010PropOp33
 70
     1
102
RTVSPost2010Prop34
280
     0
102
RTVSPost2010PropOp34
 70
     1
102
RTVSPost2010Prop35
280
     0
102
RTVSPost2010PropOp35
 70
     1
102
RTVSPost2010Prop36
280
     0
102
RTVSPost2010PropOp36
 70
     1
102
RTVSPost2010Prop37
 90
       50
102
RTVSPost2010PropOp37
 70
     1
102
RTVSPost2010Prop38
140
0.0
102
RTVSPost2010PropOp38
 70
     1
102
RTVSPost2010Prop39
140
1.0
102
RTVSPost2010PropOp39
 70
     1
102
RTVSPost2010Prop40
 90
        0
102
RTVSPost2010PropOp40
 70
     1
102
RTVSPost2010Prop41ColorIndex
 90
       18
102
RTVSPost2010Prop41ColorRGB
 90
        0
102
RTVSPost2010PropOp41
 70
     1
102
RTVSPost2010Prop42
 90
       50
102
RTVSPost2010PropOp42
 70
     1
102
RTVSPost2010Prop43
 90
        3
102
RTVSPost2010PropOp43
 70
     1
102
RTVSPost2010Prop44ColorIndex
 90
        5
102
RTVSPost2010Prop44ColorRGB
 90
      255
102
RTVSPost2010PropOp44
 70
     1
102
RTVSPost2010Prop45
280
     0
102
RTVSPost2010PropOp45
 70
     1
102
RTVSPost2010Prop46
 90
       50
102
RTVSPost2010PropOp46
 70
     1
102
RTVSPost2010Prop47
 90
       50
102
RTVSPost2010PropOp47
 70
     1
102
RTVSPost2010Prop48
 90
       50
102
RTVSPost2010PropOp48
 70
     1
102
RTVSPost2010Prop49
280
     0
102
RTVSPost2010PropOp49
 70
     1
102
RTVSPost2010Prop50
 90
       50
102
RTVSPost2010PropOp50
 70
     1
102
RTVSPost2010Prop51ColorIndex
 90
      256
102
RTVSPost2010Prop51ColorRGB
 90
-16777216
102
RTVSPost2010PropOp51
 70
     0
102
RTVSPost2010Prop52
140
1.0
102
RTVSPost2010PropOp52
 70
     0
102
RTVSPost2010Prop53
 90
        2
102
RTVSPost2010PropOp53
 70
     1
102
RTVSPost2010Prop54
  1
strokes_ogs.tif
102
RTVSPost2010PropOp54
 70
     1
102
RTVSPost2010Prop55
280
     0
102
RTVSPost2010PropOp55
 70
     1
102
RTVSPost2010Prop56
140
1.0
102
RTVSPost2010PropOp56
 70
     1
102
RTVSPost2010Prop57
140
1.0
102
RTVSPost2010PropOp57
 70
     1
  0
XRECORD
  5
2A1
102
{ACAD_REACTORS
330
2A0
102
}
330
2A0
100
AcDbXrecord
280
     1
102
RTVSPost2010Prop28
280
     0
102
RTVSPost2010PropOp28
 70
     1
102
RTVSPost2010Prop29
280
     1
102
RTVSPost2010PropOp29
 70
     1
102
RTVSPost2010Prop30
280
     1
102
RTVSPost2010PropOp30
 70
     1
102
RTVSPost2010Prop31
280
     0
102
RTVSPost2010PropOp31
 70
     1
102
RTVSPost2010Prop32
280
     0
102
RTVSPost2010PropOp32
 70
     1
102
RTVSPost2010Prop33
280
     0
102
RTVSPost2010PropOp33
 70
     1
102
RTVSPost2010Prop34
280
     0
102
RTVSPost2010PropOp34
 70
     1
102
RTVSPost2010Prop35
280
     0
102
RTVSPost2010PropOp35
 70
     1
102
RTVSPost2010Prop36
280
     0
102
RTVSPost2010PropOp36
 70
     1
102
RTVSPost2010Prop37
 90
       50
102
RTVSPost2010PropOp37
 70
     1
102
RTVSPost2010Prop38
140
0.0
102
RTVSPost2010PropOp38
 70
     1
102
RTVSPost2010Prop39
140
1.0
102
RTVSPost2010PropOp39
 70
     1
102
RTVSPost2010Prop40
 90
        0
102
RTVSPost2010PropOp40
 70
     1
102
RTVSPost2010Prop41ColorIndex
 90
       18
102
RTVSPost2010Prop41ColorRGB
 90
        0
102
RTVSPost2010PropOp41
 70
     1
102
RTVSPost2010Prop42
 90
       50
102
RTVSPost2010PropOp42
 70
     1
102
RTVSPost2010Prop43
 90
        3
102
RTVSPost2010PropOp43
 70
     1
102
RTVSPost2010Prop44ColorIndex
 90
        5
102
RTVSPost2010Prop44ColorRGB
 90
      255
102
RTVSPost2010PropOp44
 70
     1
102
RTVSPost2010Prop45
280
     0
102
RTVSPost2010PropOp45
 70
     1
102
RTVSPost2010Prop46
 90
       50
102
RTVSPost2010PropOp46
 70
     1
102
RTVSPost2010Prop47
 90
       50
102
RTVSPost2010PropOp47
 70
     1
102
RTVSPost2010Prop48
 90
       50
102
RTVSPost2010PropOp48
 70
     1
102
RTVSPost2010Prop49
280
     0
102
RTVSPost2010PropOp49
 70
     1
102
RTVSPost2010Prop50
 90
       50
102
RTVSPost2010PropOp50
 70
     1
102
RTVSPost2010Prop51ColorIndex
 90
      256
102
RTVSPost2010Prop51ColorRGB
 90
-16777216
102
RTVSPost2010PropOp51
 70
     0
102
RTVSPost2010Prop52
140
1.0
102
RTVSPost2010PropOp52
 70
     0
102
RTVSPost2010Prop53
 90
        2
102
RTVSPost2010PropOp53
 70
     1
102
RTVSPost2010Prop54
  1
strokes_ogs.tif
102
RTVSPost2010PropOp54
 70
     1
102
RTVSPost2010Prop55
280
     0
102
RTVSPost2010PropOp55
 70
     1
102
RTVSPost2010Prop56
140
1.0
102
RTVSPost2010PropOp56
 70
     1
102
RTVSPost2010Prop57
140
1.0
102
RTVSPost2010PropOp57
 70
     1
  0
XRECORD
  5
2A3
102
{ACAD_REACTORS
330
2A2
102
}
330
2A2
100
AcDbXrecord
280
     1
102
RTVSPost2010Prop28
280
     0
102
RTVSPost2010PropOp28
 70
     1
102
RTVSPost2010Prop29
280
     1
102
RTVSPost2010PropOp29
 70
     1
102
RTVSPost2010Prop30
280
     1
102
RTVSPost2010PropOp30
 70
     1
102
RTVSPost2010Prop31
280
     0
102
RTVSPost2010PropOp31
 70
     1
102
RTVSPost2010Prop32
280
     0
102
RTVSPost2010PropOp32
 70
     1
102
RTVSPost2010Prop33
280
     0
102
RTVSPost2010PropOp33
 70
     1
102
RTVSPost2010Prop34
280
     0
102
RTVSPost2010PropOp34
 70
     1
102
RTVSPost2010Prop35
280
     0
102
RTVSPost2010PropOp35
 70
     1
102
RTVSPost2010Prop36
280
     0
102
RTVSPost2010PropOp36
 70
     1
102
RTVSPost2010Prop37
 90
       50
102
RTVSPost2010PropOp37
 70
     1
102
RTVSPost2010Prop38
140
0.0
102
RTVSPost2010PropOp38
 70
     1
102
RTVSPost2010Prop39
140
1.0
102
RTVSPost2010PropOp39
 70
     1
102
RTVSPost2010Prop40
 90
        0
102
RTVSPost2010PropOp40
 70
     1
102
RTVSPost2010Prop41ColorIndex
 90
       18
102
RTVSPost2010Prop41ColorRGB
 90
        0
102
RTVSPost2010PropOp41
 70
     1
102
RTVSPost2010Prop42
 90
       50
102
RTVSPost2010PropOp42
 70
     1
102
RTVSPost2010Prop43
 90
        3
102
RTVSPost2010PropOp43
 70
     1
102
RTVSPost2010Prop44ColorIndex
 90
        5
102
RTVSPost2010Prop44ColorRGB
 90
      255
102
RTVSPost2010PropOp44
 70
     1
102
RTVSPost2010Prop45
280
     0
102
RTVSPost2010PropOp45
 70
     1
102
RTVSPost2010Prop46
 90
       50
102
RTVSPost2010PropOp46
 70
     1
102
RTVSPost2010Prop47
 90
       50
102
RTVSPost2010PropOp47
 70
     1
102
RTVSPost2010Prop48
 90
       50
102
RTVSPost2010PropOp48
 70
     1
102
RTVSPost2010Prop49
280
     0
102
RTVSPost2010PropOp49
 70
     1
102
RTVSPost2010Prop50
 90
       50
102
RTVSPost2010PropOp50
 70
     1
102
RTVSPost2010Prop51ColorIndex
 90
      256
102
RTVSPost2010Prop51ColorRGB
 90
-16777216
102
RTVSPost2010PropOp51
 70
     0
102
RTVSPost2010Prop52
140
1.0
102
RTVSPost2010PropOp52
 70
     0
102
RTVSPost2010Prop53
 90
        2
102
RTVSPost2010PropOp53
 70
     1
102
RTVSPost2010Prop54
  1
strokes_ogs.tif
102
RTVSPost2010PropOp54
 70
     1
102
RTVSPost2010Prop55
280
     0
102
RTVSPost2010PropOp55
 70
     1
102
RTVSPost2010Prop56
140
1.0
102
RTVSPost2010PropOp56
 70
     1
102
RTVSPost2010Prop57
140
1.0
102
RTVSPost2010PropOp57
 70
     1
  0
XRECORD
  5
2A5
102
{ACAD_REACTORS
330
2A4
102
}
330
2A4
100
AcDbXrecord
280
     1
102
RTVSPost2010Prop28
280
     0
102
RTVSPost2010PropOp28
 70
     1
102
RTVSPost2010Prop29
280
     1
102
RTVSPost2010PropOp29
 70
     1
102
RTVSPost2010Prop30
280
     1
102
RTVSPost2010PropOp30
 70
     1
102
RTVSPost2010Prop31
280
     0
102
RTVSPost2010PropOp31
 70
     1
102
RTVSPost2010Prop32
280
     0
102
RTVSPost2010PropOp32
 70
     1
102
RTVSPost2010Prop33
280
     0
102
RTVSPost2010PropOp33
 70
     1
102
RTVSPost2010Prop34
280
     0
102
RTVSPost2010PropOp34
 70
     1
102
RTVSPost2010Prop35
280
     0
102
RTVSPost2010PropOp35
 70
     1
102
RTVSPost2010Prop36
280
     0
102
RTVSPost2010PropOp36
 70
     1
102
RTVSPost2010Prop37
 90
       50
102
RTVSPost2010PropOp37
 70
     1
102
RTVSPost2010Prop38
140
0.0
102
RTVSPost2010PropOp38
 70
     1
102
RTVSPost2010Prop39
140
1.0
102
RTVSPost2010PropOp39
 70
     1
102
RTVSPost2010Prop40
 90
        0
102
RTVSPost2010PropOp40
 70
     1
102
RTVSPost2010Prop41ColorIndex
 90
       18
102
RTVSPost2010Prop41ColorRGB
 90
        0
102
RTVSPost2010PropOp41
 70
     1
102
RTVSPost2010Prop42
 90
       50
102
RTVSPost2010PropOp42
 70
     1
102
RTVSPost2010Prop43
 90
        3
102
RTVSPost2010PropOp43
 70
     1
102
RTVSPost2010Prop44ColorIndex
 90
        5
102
RTVSPost2010Prop44ColorRGB
 90
      255
102
RTVSPost2010PropOp44
 70
     1
102
RTVSPost2010Prop45
280
     0
102
RTVSPost2010PropOp45
 70
     1
102
RTVSPost2010Prop46
 90
       50
102
RTVSPost2010PropOp46
 70
     1
102
RTVSPost2010Prop47
 90
       50
102
RTVSPost2010PropOp47
 70
     1
102
RTVSPost2010Prop48
 90
       50
102
RTVSPost2010PropOp48
 70
     1
102
RTVSPost2010Prop49
280
     0
102
RTVSPost2010PropOp49
 70
     1
102
RTVSPost2010Prop50
 90
       50
102
RTVSPost2010PropOp50
 70
     1
102
RTVSPost2010Prop51ColorIndex
 90
      256
102
RTVSPost2010Prop51ColorRGB
 90
-16777216
102
RTVSPost2010PropOp51
 70
     0
102
RTVSPost2010Prop52
140
1.0
102
RTVSPost2010PropOp52
 70
     0
102
RTVSPost2010Prop53
 90
        2
102
RTVSPost2010PropOp53
 70
     1
102
RTVSPost2010Prop54
  1
strokes_ogs.tif
102
RTVSPost2010PropOp54
 70
     1
102
RTVSPost2010Prop55
280
     0
102
RTVSPost2010PropOp55
 70
     1
102
RTVSPost2010Prop56
140
1.0
102
RTVSPost2010PropOp56
 70
     1
102
RTVSPost2010Prop57
140
1.0
102
RTVSPost2010PropOp57
 70
     1
  0
XRECORD
  5
2A7
102
{ACAD_REACTORS
330
2A6
102
}
330
2A6
100
AcDbXrecord
280
     1
102
RTVSPost2010Prop28
280
     0
102
RTVSPost2010PropOp28
 70
     1
102
RTVSPost2010Prop29
280
     1
102
RTVSPost2010PropOp29
 70
     1
102
RTVSPost2010Prop30
280
     1
102
RTVSPost2010PropOp30
 70
     1
102
RTVSPost2010Prop31
280
     0
102
RTVSPost2010PropOp31
 70
     1
102
RTVSPost2010Prop32
280
     0
102
RTVSPost2010PropOp32
 70
     1
102
RTVSPost2010Prop33
280
     0
102
RTVSPost2010PropOp33
 70
     1
102
RTVSPost2010Prop34
280
     0
102
RTVSPost2010PropOp34
 70
     1
102
RTVSPost2010Prop35
280
     0
102
RTVSPost2010PropOp35
 70
     1
102
RTVSPost2010Prop36
280
     0
102
RTVSPost2010PropOp36
 70
     1
102
RTVSPost2010Prop37
 90
       50
102
RTVSPost2010PropOp37
 70
     1
102
RTVSPost2010Prop38
140
0.0
102
RTVSPost2010PropOp38
 70
     1
102
RTVSPost2010Prop39
140
1.0
102
RTVSPost2010PropOp39
 70
     1
102
RTVSPost2010Prop40
 90
        0
102
RTVSPost2010PropOp40
 70
     1
102
RTVSPost2010Prop41ColorIndex
 90
       18
102
RTVSPost2010Prop41ColorRGB
 90
        0
102
RTVSPost2010PropOp41
 70
     1
102
RTVSPost2010Prop42
 90
       50
102
RTVSPost2010PropOp42
 70
     1
102
RTVSPost2010Prop43
 90
        3
102
RTVSPost2010PropOp43
 70
     1
102
RTVSPost2010Prop44ColorIndex
 90
        5
102
RTVSPost2010Prop44ColorRGB
 90
      255
102
RTVSPost2010PropOp44
 70
     1
102
RTVSPost2010Prop45
280
     0
102
RTVSPost2010PropOp45
 70
     1
102
RTVSPost2010Prop46
 90
       50
102
RTVSPost2010PropOp46
 70
     1
102
RTVSPost2010Prop47
 90
       50
102
RTVSPost2010PropOp47
 70
     1
102
RTVSPost2010Prop48
 90
       50
102
RTVSPost2010PropOp48
 70
     1
102
RTVSPost2010Prop49
280
     0
102
RTVSPost2010PropOp49
 70
     1
102
RTVSPost2010Prop50
 90
       50
102
RTVSPost2010PropOp50
 70
     1
102
RTVSPost2010Prop51ColorIndex
 90
      256
102
RTVSPost2010Prop51ColorRGB
 90
-16777216
102
RTVSPost2010PropOp51
 70
     0
102
RTVSPost2010Prop52
140
1.0
102
RTVSPost2010PropOp52
 70
     0
102
RTVSPost2010Prop53
 90
        2
102
RTVSPost2010PropOp53
 70
     1
102
RTVSPost2010Prop54
  1
strokes_ogs.tif
102
RTVSPost2010PropOp54
 70
     1
102
RTVSPost2010Prop55
280
     0
102
RTVSPost2010PropOp55
 70
     1
102
RTVSPost2010Prop56
140
1.0
102
RTVSPost2010PropOp56
 70
     1
102
RTVSPost2010Prop57
140
1.0
102
RTVSPost2010PropOp57
 70
     1
  0
XRECORD
  5
2AF
102
{ACAD_REACTORS
330
2AE
102
}
330
2AE
100
AcDbXrecord
280
     1
102
RTVSPost2010Prop28
280
     0
102
RTVSPost2010PropOp28
 70
     1
102
RTVSPost2010Prop29
280
     1
102
RTVSPost2010PropOp29
 70
     1
102
RTVSPost2010Prop30
280
     1
102
RTVSPost2010PropOp30
 70
     1
102
RTVSPost2010Prop31
280
     0
102
RTVSPost2010PropOp31
 70
     1
102
RTVSPost2010Prop32
280
     0
102
RTVSPost2010PropOp32
 70
     1
102
RTVSPost2010Prop33
280
     0
102
RTVSPost2010PropOp33
 70
     1
102
RTVSPost2010Prop34
280
     0
102
RTVSPost2010PropOp34
 70
     1
102
RTVSPost2010Prop35
280
     0
102
RTVSPost2010PropOp35
 70
     1
102
RTVSPost2010Prop36
280
     0
102
RTVSPost2010PropOp36
 70
     1
102
RTVSPost2010Prop37
 90
       50
102
RTVSPost2010PropOp37
 70
     1
102
RTVSPost2010Prop38
140
0.0
102
RTVSPost2010PropOp38
 70
     1
102
RTVSPost2010Prop39
140
1.0
102
RTVSPost2010PropOp39
 70
     1
102
RTVSPost2010Prop40
 90
        0
102
RTVSPost2010PropOp40
 70
     1
102
RTVSPost2010Prop41ColorIndex
 90
       18
102
RTVSPost2010Prop41ColorRGB
 90
        0
102
RTVSPost2010PropOp41
 70
     1
102
RTVSPost2010Prop42
 90
       50
102
RTVSPost2010PropOp42
 70
     1
102
RTVSPost2010Prop43
 90
        3
102
RTVSPost2010PropOp43
 70
     1
102
RTVSPost2010Prop44ColorIndex
 90
        5
102
RTVSPost2010Prop44ColorRGB
 90
      255
102
RTVSPost2010PropOp44
 70
     1
102
RTVSPost2010Prop45
280
     0
102
RTVSPost2010PropOp45
 70
     1
102
RTVSPost2010Prop46
 90
       50
102
RTVSPost2010PropOp46
 70
     1
102
RTVSPost2010Prop47
 90
       50
102
RTVSPost2010PropOp47
 70
     1
102
RTVSPost2010Prop48
 90
       50
102
RTVSPost2010PropOp48
 70
     1
102
RTVSPost2010Prop49
280
     0
102
RTVSPost2010PropOp49
 70
     1
102
RTVSPost2010Prop50
 90
       50
102
RTVSPost2010PropOp50
 70
     1
102
RTVSPost2010Prop51ColorIndex
 90
      256
102
RTVSPost2010Prop51ColorRGB
 90
-16777216
102
RTVSPost2010PropOp51
 70
     0
102
RTVSPost2010Prop52
140
1.0
102
RTVSPost2010PropOp52
 70
     0
102
RTVSPost2010Prop53
 90
        2
102
RTVSPost2010PropOp53
 70
     1
102
RTVSPost2010Prop54
  1
strokes_ogs.tif
102
RTVSPost2010PropOp54
 70
     1
102
RTVSPost2010Prop55
280
     0
102
RTVSPost2010PropOp55
 70
     1
102
RTVSPost2010Prop56
140
1.0
102
RTVSPost2010PropOp56
 70
     1
102
RTVSPost2010Prop57
140
1.0
102
RTVSPost2010PropOp57
 70
     1
  0
XRECORD
  5
2CB
102
{ACAD_REACTORS
330
2CA
102
}
330
2CA
100
AcDbXrecord
280
     1
102
RTVSPost2010Prop28
280
     0
102
RTVSPost2010PropOp28
 70
     0
102
RTVSPost2010Prop29
280
     1
102
RTVSPost2010PropOp29
 70
     0
102
RTVSPost2010Prop30
280
     1
102
RTVSPost2010PropOp30
 70
     0
102
RTVSPost2010Prop31
280
     0
102
RTVSPost2010PropOp31
 70
     0
102
RTVSPost2010Prop32
280
     0
102
RTVSPost2010PropOp32
 70
     0
102
RTVSPost2010Prop33
280
     0
102
RTVSPost2010PropOp33
 70
     0
102
RTVSPost2010Prop34
280
     0
102
RTVSPost2010PropOp34
 70
     0
102
RTVSPost2010Prop35
280
     0
102
RTVSPost2010PropOp35
 70
     0
102
RTVSPost2010Prop36
280
     0
102
RTVSPost2010PropOp36
 70
     0
102
RTVSPost2010Prop37
 90
       50
102
RTVSPost2010PropOp37
 70
     0
102
RTVSPost2010Prop38
140
0.0
102
RTVSPost2010PropOp38
 70
     0
102
RTVSPost2010Prop39
140
1.0
102
RTVSPost2010PropOp39
 70
     0
102
RTVSPost2010Prop40
 90
        0
102
RTVSPost2010PropOp40
 70
     0
102
RTVSPost2010Prop41ColorIndex
 90
       18
102
RTVSPost2010Prop41ColorRGB
 90
        0
102
RTVSPost2010PropOp41
 70
     0
102
RTVSPost2010Prop42
 90
       50
102
RTVSPost2010PropOp42
 70
     0
102
RTVSPost2010Prop43
 90
        3
102
RTVSPost2010PropOp43
 70
     0
102
RTVSPost2010Prop44ColorIndex
 90
        5
102
RTVSPost2010Prop44ColorRGB
 90
      255
102
RTVSPost2010PropOp44
 70
     0
102
RTVSPost2010Prop45
280
     0
102
RTVSPost2010PropOp45
 70
     0
102
RTVSPost2010Prop46
 90
       50
102
RTVSPost2010PropOp46
 70
     0
102
RTVSPost2010Prop47
 90
       50
102
RTVSPost2010PropOp47
 70
     0
102
RTVSPost2010Prop48
 90
       50
102
RTVSPost2010PropOp48
 70
     0
102
RTVSPost2010Prop49
280
     0
102
RTVSPost2010PropOp49
 70
     0
102
RTVSPost2010Prop50
 90
       50
102
RTVSPost2010PropOp50
 70
     0
102
RTVSPost2010Prop51ColorIndex
 90
      256
102
RTVSPost2010Prop51ColorRGB
 90
-16777216
102
RTVSPost2010PropOp51
 70
     0
102
RTVSPost2010Prop52
140
1.0
102
RTVSPost2010PropOp52
 70
     0
102
RTVSPost2010Prop53
 90
        2
102
RTVSPost2010PropOp53
 70
     0
102
RTVSPost2010Prop54
  1
strokes_ogs.tif
102
RTVSPost2010PropOp54
 70
     0
102
RTVSPost2010Prop55
280
     0
102
RTVSPost2010PropOp55
 70
     0
102
RTVSPost2010Prop56
140
1.0
102
RTVSPost2010PropOp56
 70
     0
102
RTVSPost2010Prop57
140
1.0
102
RTVSPost2010PropOp57
 70
     0
  0
XRECORD
  5
2BB
102
{ACAD_REACTORS
330
2BA
102
}
330
2BA
100
AcDbXrecord
280
     1
102
RTVSPost2010Prop28
280
     0
102
RTVSPost2010PropOp28
 70
     1
102
RTVSPost2010Prop29
280
     1
102
RTVSPost2010PropOp29
 70
     1
102
RTVSPost2010Prop30
280
     1
102
RTVSPost2010PropOp30
 70
     1
102
RTVSPost2010Prop31
280
     0
102
RTVSPost2010PropOp31
 70
     1
102
RTVSPost2010Prop32
280
     0
102
RTVSPost2010PropOp32
 70
     1
102
RTVSPost2010Prop33
280
     0
102
RTVSPost2010PropOp33
 70
     1
102
RTVSPost2010Prop34
280
     0
102
RTVSPost2010PropOp34
 70
     1
102
RTVSPost2010Prop35
280
     0
102
RTVSPost2010PropOp35
 70
     1
102
RTVSPost2010Prop36
280
     0
102
RTVSPost2010PropOp36
 70
     1
102
RTVSPost2010Prop37
 90
       50
102
RTVSPost2010PropOp37
 70
     1
102
RTVSPost2010Prop38
140
0.0
102
RTVSPost2010PropOp38
 70
     1
102
RTVSPost2010Prop39
140
1.0
102
RTVSPost2010PropOp39
 70
     1
102
RTVSPost2010Prop40
 90
        0
102
RTVSPost2010PropOp40
 70
     1
102
RTVSPost2010Prop41ColorIndex
 90
       18
102
RTVSPost2010Prop41ColorRGB
 90
        0
102
RTVSPost2010PropOp41
 70
     1
102
RTVSPost2010Prop42
 90
       50
102
RTVSPost2010PropOp42
 70
     1
102
RTVSPost2010Prop43
 90
        3
102
RTVSPost2010PropOp43
 70
     1
102
RTVSPost2010Prop44ColorIndex
 90
        5
102
RTVSPost2010Prop44ColorRGB
 90
      255
102
RTVSPost2010PropOp44
 70
     1
102
RTVSPost2010Prop45
280
     0
102
RTVSPost2010PropOp45
 70
     1
102
RTVSPost2010Prop46
 90
       50
102
RTVSPost2010PropOp46
 70
     1
102
RTVSPost2010Prop47
 90
       50
102
RTVSPost2010PropOp47
 70
     1
102
RTVSPost2010Prop48
 90
       50
102
RTVSPost2010PropOp48
 70
     1
102
RTVSPost2010Prop49
280
     0
102
RTVSPost2010PropOp49
 70
     1
102
RTVSPost2010Prop50
 90
       50
102
RTVSPost2010PropOp50
 70
     1
102
RTVSPost2010Prop51ColorIndex
 90
      256
102
RTVSPost2010Prop51ColorRGB
 90
-16777216
102
RTVSPost2010PropOp51
 70
     0
102
RTVSPost2010Prop52
140
1.0
102
RTVSPost2010PropOp52
 70
     0
102
RTVSPost2010Prop53
 90
        2
102
RTVSPost2010PropOp53
 70
     1
102
RTVSPost2010Prop54
  1
strokes_ogs.tif
102
RTVSPost2010PropOp54
 70
     1
102
RTVSPost2010Prop55
280
     0
102
RTVSPost2010PropOp55
 70
     1
102
RTVSPost2010Prop56
140
1.0
102
RTVSPost2010PropOp56
 70
     1
102
RTVSPost2010Prop57
140
1.0
102
RTVSPost2010PropOp57
 70
     1
  0
XRECORD
  5
2CD
102
{ACAD_REACTORS
330
2CC
102
}
330
2CC
100
AcDbXrecord
280
     1
102
RTVSPost2010Prop28
280
     0
102
RTVSPost2010PropOp28
 70
     0
102
RTVSPost2010Prop29
280
     1
102
RTVSPost2010PropOp29
 70
     0
102
RTVSPost2010Prop30
280
     1
102
RTVSPost2010PropOp30
 70
     0
102
RTVSPost2010Prop31
280
     0
102
RTVSPost2010PropOp31
 70
     0
102
RTVSPost2010Prop32
280
     0
102
RTVSPost2010PropOp32
 70
     0
102
RTVSPost2010Prop33
280
     0
102
RTVSPost2010PropOp33
 70
     0
102
RTVSPost2010Prop34
280
     0
102
RTVSPost2010PropOp34
 70
     0
102
RTVSPost2010Prop35
280
     0
102
RTVSPost2010PropOp35
 70
     0
102
RTVSPost2010Prop36
280
     0
102
RTVSPost2010PropOp36
 70
     0
102
RTVSPost2010Prop37
 90
       50
102
RTVSPost2010PropOp37
 70
     0
102
RTVSPost2010Prop38
140
0.0
102
RTVSPost2010PropOp38
 70
     0
102
RTVSPost2010Prop39
140
1.0
102
RTVSPost2010PropOp39
 70
     0
102
RTVSPost2010Prop40
 90
        0
102
RTVSPost2010PropOp40
 70
     0
102
RTVSPost2010Prop41ColorIndex
 90
       18
102
RTVSPost2010Prop41ColorRGB
 90
        0
102
RTVSPost2010PropOp41
 70
     0
102
RTVSPost2010Prop42
 90
       50
102
RTVSPost2010PropOp42
 70
     0
102
RTVSPost2010Prop43
 90
        3
102
RTVSPost2010PropOp43
 70
     0
102
RTVSPost2010Prop44ColorIndex
 90
        5
102
RTVSPost2010Prop44ColorRGB
 90
      255
102
RTVSPost2010PropOp44
 70
     0
102
RTVSPost2010Prop45
280
     0
102
RTVSPost2010PropOp45
 70
     0
102
RTVSPost2010Prop46
 90
       50
102
RTVSPost2010PropOp46
 70
     0
102
RTVSPost2010Prop47
 90
       50
102
RTVSPost2010PropOp47
 70
     0
102
RTVSPost2010Prop48
 90
       50
102
RTVSPost2010PropOp48
 70
     0
102
RTVSPost2010Prop49
280
     0
102
RTVSPost2010PropOp49
 70
     0
102
RTVSPost2010Prop50
 90
       50
102
RTVSPost2010PropOp50
 70
     0
102
RTVSPost2010Prop51ColorIndex
 90
      256
102
RTVSPost2010Prop51ColorRGB
 90
-16777216
102
RTVSPost2010PropOp51
 70
     0
102
RTVSPost2010Prop52
140
1.0
102
RTVSPost2010PropOp52
 70
     0
102
RTVSPost2010Prop53
 90
        2
102
RTVSPost2010PropOp53
 70
     0
102
RTVSPost2010Prop54
  1
strokes_ogs.tif
102
RTVSPost2010PropOp54
 70
     0
102
RTVSPost2010Prop55
280
     0
102
RTVSPost2010PropOp55
 70
     0
102
RTVSPost2010Prop56
140
1.0
102
RTVSPost2010PropOp56
 70
     0
102
RTVSPost2010Prop57
140
1.0
102
RTVSPost2010PropOp57
 70
     0
  0
XRECORD
  5
2B3
102
{ACAD_REACTORS
330
2B2
102
}
330
2B2
100
AcDbXrecord
280
     1
102
RTVSPost2010Prop28
280
     0
102
RTVSPost2010PropOp28
 70
     1
102
RTVSPost2010Prop29
280
     1
102
RTVSPost2010PropOp29
 70
     1
102
RTVSPost2010Prop30
280
     1
102
RTVSPost2010PropOp30
 70
     1
102
RTVSPost2010Prop31
280
     0
102
RTVSPost2010PropOp31
 70
     1
102
RTVSPost2010Prop32
280
     0
102
RTVSPost2010PropOp32
 70
     1
102
RTVSPost2010Prop33
280
     0
102
RTVSPost2010PropOp33
 70
     1
102
RTVSPost2010Prop34
280
     0
102
RTVSPost2010PropOp34
 70
     1
102
RTVSPost2010Prop35
280
     0
102
RTVSPost2010PropOp35
 70
     1
102
RTVSPost2010Prop36
280
     0
102
RTVSPost2010PropOp36
 70
     1
102
RTVSPost2010Prop37
 90
       50
102
RTVSPost2010PropOp37
 70
     1
102
RTVSPost2010Prop38
140
0.0
102
RTVSPost2010PropOp38
 70
     1
102
RTVSPost2010Prop39
140
1.0
102
RTVSPost2010PropOp39
 70
     1
102
RTVSPost2010Prop40
 90
        0
102
RTVSPost2010PropOp40
 70
     1
102
RTVSPost2010Prop41ColorIndex
 90
       18
102
RTVSPost2010Prop41ColorRGB
 90
        0
102
RTVSPost2010PropOp41
 70
     1
102
RTVSPost2010Prop42
 90
       50
102
RTVSPost2010PropOp42
 70
     1
102
RTVSPost2010Prop43
 90
        3
102
RTVSPost2010PropOp43
 70
     1
102
RTVSPost2010Prop44ColorIndex
 90
        5
102
RTVSPost2010Prop44ColorRGB
 90
      255
102
RTVSPost2010PropOp44
 70
     1
102
RTVSPost2010Prop45
280
     0
102
RTVSPost2010PropOp45
 70
     1
102
RTVSPost2010Prop46
 90
       50
102
RTVSPost2010PropOp46
 70
     1
102
RTVSPost2010Prop47
 90
       50
102
RTVSPost2010PropOp47
 70
     1
102
RTVSPost2010Prop48
 90
       50
102
RTVSPost2010PropOp48
 70
     1
102
RTVSPost2010Prop49
280
     0
102
RTVSPost2010PropOp49
 70
     1
102
RTVSPost2010Prop50
 90
       50
102
RTVSPost2010PropOp50
 70
     1
102
RTVSPost2010Prop51ColorIndex
 90
      256
102
RTVSPost2010Prop51ColorRGB
 90
-16777216
102
RTVSPost2010PropOp51
 70
     0
102
RTVSPost2010Prop52
140
1.0
102
RTVSPost2010PropOp52
 70
     0
102
RTVSPost2010Prop53
 90
        2
102
RTVSPost2010PropOp53
 70
     1
102
RTVSPost2010Prop54
  1
strokes_ogs.tif
102
RTVSPost2010PropOp54
 70
     1
102
RTVSPost2010Prop55
280
     0
102
RTVSPost2010PropOp55
 70
     1
102
RTVSPost2010Prop56
140
1.0
102
RTVSPost2010PropOp56
 70
     1
102
RTVSPost2010Prop57
140
1.0
102
RTVSPost2010PropOp57
 70
     1
  0
XRECORD
  5
2C9
102
{ACAD_REACTORS
330
2C8
102
}
330
2C8
100
AcDbXrecord
280
     1
102
RTVSPost2010Prop28
280
     0
102
RTVSPost2010PropOp28
 70
     1
102
RTVSPost2010Prop29
280
     1
102
RTVSPost2010PropOp29
 70
     1
102
RTVSPost2010Prop30
280
     1
102
RTVSPost2010PropOp30
 70
     1
102
RTVSPost2010Prop31
280
     0
102
RTVSPost2010PropOp31
 70
     1
102
RTVSPost2010Prop32
280
     0
102
RTVSPost2010PropOp32
 70
     1
102
RTVSPost2010Prop33
280
     0
102
RTVSPost2010PropOp33
 70
     1
102
RTVSPost2010Prop34
280
     0
102
RTVSPost2010PropOp34
 70
     1
102
RTVSPost2010Prop35
280
     0
102
RTVSPost2010PropOp35
 70
     1
102
RTVSPost2010Prop36
280
     0
102
RTVSPost2010PropOp36
 70
     1
102
RTVSPost2010Prop37
 90
       50
102
RTVSPost2010PropOp37
 70
     1
102
RTVSPost2010Prop38
140
0.0
102
RTVSPost2010PropOp38
 70
     1
102
RTVSPost2010Prop39
140
1.0
102
RTVSPost2010PropOp39
 70
     1
102
RTVSPost2010Prop40
 90
        0
102
RTVSPost2010PropOp40
 70
     1
102
RTVSPost2010Prop41ColorIndex
 90
       18
102
RTVSPost2010Prop41ColorRGB
 90
        0
102
RTVSPost2010PropOp41
 70
     1
102
RTVSPost2010Prop42
 90
       50
102
RTVSPost2010PropOp42
 70
     1
102
RTVSPost2010Prop43
 90
        3
102
RTVSPost2010PropOp43
 70
     1
102
RTVSPost2010Prop44ColorIndex
 90
        5
102
RTVSPost2010Prop44ColorRGB
 90
      255
102
RTVSPost2010PropOp44
 70
     1
102
RTVSPost2010Prop45
280
     0
102
RTVSPost2010PropOp45
 70
     1
102
RTVSPost2010Prop46
 90
       50
102
RTVSPost2010PropOp46
 70
     1
102
RTVSPost2010Prop47
 90
       50
102
RTVSPost2010PropOp47
 70
     1
102
RTVSPost2010Prop48
 90
       50
102
RTVSPost2010PropOp48
 70
     1
102
RTVSPost2010Prop49
280
     0
102
RTVSPost2010PropOp49
 70
     1
102
RTVSPost2010Prop50
 90
       50
102
RTVSPost2010PropOp50
 70
     1
102
RTVSPost2010Prop51ColorIndex
 90
      256
102
RTVSPost2010Prop51ColorRGB
 90
-16777216
102
RTVSPost2010PropOp51
 70
     0
102
RTVSPost2010Prop52
140
1.0
102
RTVSPost2010PropOp52
 70
     0
102
RTVSPost2010Prop53
 90
        2
102
RTVSPost2010PropOp53
 70
     1
102
RTVSPost2010Prop54
  1
strokes_ogs.tif
102
RTVSPost2010PropOp54
 70
     1
102
RTVSPost2010Prop55
280
     0
102
RTVSPost2010PropOp55
 70
     1
102
RTVSPost2010Prop56
140
1.0
102
RTVSPost2010PropOp56
 70
     1
102
RTVSPost2010Prop57
140
1.0
102
RTVSPost2010PropOp57
 70
     1
  0
XRECORD
  5
2C7
102
{ACAD_REACTORS
330
2C6
102
}
330
2C6
100
AcDbXrecord
280
     1
102
RTVSPost2010Prop28
280
     0
102
RTVSPost2010PropOp28
 70
     1
102
RTVSPost2010Prop29
280
     1
102
RTVSPost2010PropOp29
 70
     1
102
RTVSPost2010Prop30
280
     1
102
RTVSPost2010PropOp30
 70
     1
102
RTVSPost2010Prop31
280
     0
102
RTVSPost2010PropOp31
 70
     1
102
RTVSPost2010Prop32
280
     0
102
RTVSPost2010PropOp32
 70
     1
102
RTVSPost2010Prop33
280
     0
102
RTVSPost2010PropOp33
 70
     1
102
RTVSPost2010Prop34
280
     0
102
RTVSPost2010PropOp34
 70
     1
102
RTVSPost2010Prop35
280
     0
102
RTVSPost2010PropOp35
 70
     1
102
RTVSPost2010Prop36
280
     0
102
RTVSPost2010PropOp36
 70
     1
102
RTVSPost2010Prop37
 90
       50
102
RTVSPost2010PropOp37
 70
     1
102
RTVSPost2010Prop38
140
0.0
102
RTVSPost2010PropOp38
 70
     1
102
RTVSPost2010Prop39
140
1.0
102
RTVSPost2010PropOp39
 70
     1
102
RTVSPost2010Prop40
 90
        0
102
RTVSPost2010PropOp40
 70
     1
102
RTVSPost2010Prop41ColorIndex
 90
       18
102
RTVSPost2010Prop41ColorRGB
 90
        0
102
RTVSPost2010PropOp41
 70
     1
102
RTVSPost2010Prop42
 90
       50
102
RTVSPost2010PropOp42
 70
     1
102
RTVSPost2010Prop43
 90
        3
102
RTVSPost2010PropOp43
 70
     1
102
RTVSPost2010Prop44ColorIndex
 90
        5
102
RTVSPost2010Prop44ColorRGB
 90
      255
102
RTVSPost2010PropOp44
 70
     1
102
RTVSPost2010Prop45
280
     0
102
RTVSPost2010PropOp45
 70
     1
102
RTVSPost2010Prop46
 90
       50
102
RTVSPost2010PropOp46
 70
     1
102
RTVSPost2010Prop47
 90
       50
102
RTVSPost2010PropOp47
 70
     1
102
RTVSPost2010Prop48
 90
       50
102
RTVSPost2010PropOp48
 70
     1
102
RTVSPost2010Prop49
280
     0
102
RTVSPost2010PropOp49
 70
     1
102
RTVSPost2010Prop50
 90
       50
102
RTVSPost2010PropOp50
 70
     1
102
RTVSPost2010Prop51ColorIndex
 90
      256
102
RTVSPost2010Prop51ColorRGB
 90
-16777216
102
RTVSPost2010PropOp51
 70
     0
102
RTVSPost2010Prop52
140
1.0
102
RTVSPost2010PropOp52
 70
     0
102
RTVSPost2010Prop53
 90
        2
102
RTVSPost2010PropOp53
 70
     1
102
RTVSPost2010Prop54
  1
strokes_ogs.tif
102
RTVSPost2010PropOp54
 70
     1
102
RTVSPost2010Prop55
280
     0
102
RTVSPost2010PropOp55
 70
     1
102
RTVSPost2010Prop56
140
1.0
102
RTVSPost2010PropOp56
 70
     1
102
RTVSPost2010Prop57
140
1.0
102
RTVSPost2010PropOp57
 70
     1
  0
XRECORD
  5
2C1
102
{ACAD_REACTORS
330
2C0
102
}
330
2C0
100
AcDbXrecord
280
     1
102
RTVSPost2010Prop28
280
     0
102
RTVSPost2010PropOp28
 70
     1
102
RTVSPost2010Prop29
280
     1
102
RTVSPost2010PropOp29
 70
     1
102
RTVSPost2010Prop30
280
     1
102
RTVSPost2010PropOp30
 70
     1
102
RTVSPost2010Prop31
280
     0
102
RTVSPost2010PropOp31
 70
     1
102
RTVSPost2010Prop32
280
     0
102
RTVSPost2010PropOp32
 70
     1
102
RTVSPost2010Prop33
280
     0
102
RTVSPost2010PropOp33
 70
     1
102
RTVSPost2010Prop34
280
     0
102
RTVSPost2010PropOp34
 70
     1
102
RTVSPost2010Prop35
280
     0
102
RTVSPost2010PropOp35
 70
     1
102
RTVSPost2010Prop36
280
     0
102
RTVSPost2010PropOp36
 70
     1
102
RTVSPost2010Prop37
 90
       50
102
RTVSPost2010PropOp37
 70
     1
102
RTVSPost2010Prop38
140
0.0
102
RTVSPost2010PropOp38
 70
     1
102
RTVSPost2010Prop39
140
1.0
102
RTVSPost2010PropOp39
 70
     1
102
RTVSPost2010Prop40
 90
        0
102
RTVSPost2010PropOp40
 70
     1
102
RTVSPost2010Prop41ColorIndex
 90
       18
102
RTVSPost2010Prop41ColorRGB
 90
        0
102
RTVSPost2010PropOp41
 70
     1
102
RTVSPost2010Prop42
 90
       50
102
RTVSPost2010PropOp42
 70
     1
102
RTVSPost2010Prop43
 90
        3
102
RTVSPost2010PropOp43
 70
     1
102
RTVSPost2010Prop44ColorIndex
 90
        5
102
RTVSPost2010Prop44ColorRGB
 90
      255
102
RTVSPost2010PropOp44
 70
     1
102
RTVSPost2010Prop45
280
     0
102
RTVSPost2010PropOp45
 70
     1
102
RTVSPost2010Prop46
 90
       50
102
RTVSPost2010PropOp46
 70
     1
102
RTVSPost2010Prop47
 90
       50
102
RTVSPost2010PropOp47
 70
     1
102
RTVSPost2010Prop48
 90
       50
102
RTVSPost2010PropOp48
 70
     1
102
RTVSPost2010Prop49
280
     0
102
RTVSPost2010PropOp49
 70
     1
102
RTVSPost2010Prop50
 90
       50
102
RTVSPost2010PropOp50
 70
     1
102
RTVSPost2010Prop51ColorIndex
 90
      256
102
RTVSPost2010Prop51ColorRGB
 90
-16777216
102
RTVSPost2010PropOp51
 70
     0
102
RTVSPost2010Prop52
140
1.0
102
RTVSPost2010PropOp52
 70
     0
102
RTVSPost2010Prop53
 90
        2
102
RTVSPost2010PropOp53
 70
     1
102
RTVSPost2010Prop54
  1
strokes_ogs.tif
102
RTVSPost2010PropOp54
 70
     1
102
RTVSPost2010Prop55
280
     0
102
RTVSPost2010PropOp55
 70
     1
102
RTVSPost2010Prop56
140
1.0
102
RTVSPost2010PropOp56
 70
     1
102
RTVSPost2010Prop57
140
1.0
102
RTVSPost2010PropOp57
 70
     1
  0
XRECORD
  5
2C3
102
{ACAD_REACTORS
330
2C2
102
}
330
2C2
100
AcDbXrecord
280
     1
102
RTVSPost2010Prop28
280
     0
102
RTVSPost2010PropOp28
 70
     1
102
RTVSPost2010Prop29
280
     1
102
RTVSPost2010PropOp29
 70
     1
102
RTVSPost2010Prop30
280
     1
102
RTVSPost2010PropOp30
 70
     1
102
RTVSPost2010Prop31
280
     0
102
RTVSPost2010PropOp31
 70
     1
102
RTVSPost2010Prop32
280
     0
102
RTVSPost2010PropOp32
 70
     1
102
RTVSPost2010Prop33
280
     0
102
RTVSPost2010PropOp33
 70
     1
102
RTVSPost2010Prop34
280
     0
102
RTVSPost2010PropOp34
 70
     1
102
RTVSPost2010Prop35
280
     0
102
RTVSPost2010PropOp35
 70
     1
102
RTVSPost2010Prop36
280
     0
102
RTVSPost2010PropOp36
 70
     1
102
RTVSPost2010Prop37
 90
       50
102
RTVSPost2010PropOp37
 70
     1
102
RTVSPost2010Prop38
140
0.0
102
RTVSPost2010PropOp38
 70
     1
102
RTVSPost2010Prop39
140
1.0
102
RTVSPost2010PropOp39
 70
     1
102
RTVSPost2010Prop40
 90
        0
102
RTVSPost2010PropOp40
 70
     1
102
RTVSPost2010Prop41ColorIndex
 90
       18
102
RTVSPost2010Prop41ColorRGB
 90
        0
102
RTVSPost2010PropOp41
 70
     1
102
RTVSPost2010Prop42
 90
       50
102
RTVSPost2010PropOp42
 70
     1
102
RTVSPost2010Prop43
 90
        3
102
RTVSPost2010PropOp43
 70
     1
102
RTVSPost2010Prop44ColorIndex
 90
        5
102
RTVSPost2010Prop44ColorRGB
 90
      255
102
RTVSPost2010PropOp44
 70
     1
102
RTVSPost2010Prop45
280
     0
102
RTVSPost2010PropOp45
 70
     1
102
RTVSPost2010Prop46
 90
       50
102
RTVSPost2010PropOp46
 70
     1
102
RTVSPost2010Prop47
 90
       50
102
RTVSPost2010PropOp47
 70
     1
102
RTVSPost2010Prop48
 90
       50
102
RTVSPost2010PropOp48
 70
     1
102
RTVSPost2010Prop49
280
     0
102
RTVSPost2010PropOp49
 70
     1
102
RTVSPost2010Prop50
 90
       50
102
RTVSPost2010PropOp50
 70
     1
102
RTVSPost2010Prop51ColorIndex
 90
      256
102
RTVSPost2010Prop51ColorRGB
 90
-16777216
102
RTVSPost2010PropOp51
 70
     0
102
RTVSPost2010Prop52
140
1.0
102
RTVSPost2010PropOp52
 70
     0
102
RTVSPost2010Prop53
 90
        2
102
RTVSPost2010PropOp53
 70
     1
102
RTVSPost2010Prop54
  1
strokes_ogs.tif
102
RTVSPost2010PropOp54
 70
     1
102
RTVSPost2010Prop55
280
     0
102
RTVSPost2010PropOp55
 70
     1
102
RTVSPost2010Prop56
140
1.0
102
RTVSPost2010PropOp56
 70
     1
102
RTVSPost2010Prop57
140
1.0
102
RTVSPost2010PropOp57
 70
     1
  0
XRECORD
  5
2B9
102
{ACAD_REACTORS
330
2B8
102
}
330
2B8
100
AcDbXrecord
280
     1
102
RTVSPost2010Prop28
280
     0
102
RTVSPost2010PropOp28
 70
     1
102
RTVSPost2010Prop29
280
     1
102
RTVSPost2010PropOp29
 70
     1
102
RTVSPost2010Prop30
280
     1
102
RTVSPost2010PropOp30
 70
     1
102
RTVSPost2010Prop31
280
     0
102
RTVSPost2010PropOp31
 70
     1
102
RTVSPost2010Prop32
280
     0
102
RTVSPost2010PropOp32
 70
     1
102
RTVSPost2010Prop33
280
     0
102
RTVSPost2010PropOp33
 70
     1
102
RTVSPost2010Prop34
280
     0
102
RTVSPost2010PropOp34
 70
     1
102
RTVSPost2010Prop35
280
     0
102
RTVSPost2010PropOp35
 70
     1
102
RTVSPost2010Prop36
280
     0
102
RTVSPost2010PropOp36
 70
     1
102
RTVSPost2010Prop37
 90
       50
102
RTVSPost2010PropOp37
 70
     1
102
RTVSPost2010Prop38
140
0.0
102
RTVSPost2010PropOp38
 70
     1
102
RTVSPost2010Prop39
140
1.0
102
RTVSPost2010PropOp39
 70
     1
102
RTVSPost2010Prop40
 90
        0
102
RTVSPost2010PropOp40
 70
     1
102
RTVSPost2010Prop41ColorIndex
 90
       18
102
RTVSPost2010Prop41ColorRGB
 90
        0
102
RTVSPost2010PropOp41
 70
     1
102
RTVSPost2010Prop42
 90
       50
102
RTVSPost2010PropOp42
 70
     1
102
RTVSPost2010Prop43
 90
        3
102
RTVSPost2010PropOp43
 70
     1
102
RTVSPost2010Prop44ColorIndex
 90
        5
102
RTVSPost2010Prop44ColorRGB
 90
      255
102
RTVSPost2010PropOp44
 70
     1
102
RTVSPost2010Prop45
280
     0
102
RTVSPost2010PropOp45
 70
     1
102
RTVSPost2010Prop46
 90
       50
102
RTVSPost2010PropOp46
 70
     1
102
RTVSPost2010Prop47
 90
       50
102
RTVSPost2010PropOp47
 70
     1
102
RTVSPost2010Prop48
 90
       50
102
RTVSPost2010PropOp48
 70
     1
102
RTVSPost2010Prop49
280
     0
102
RTVSPost2010PropOp49
 70
     1
102
RTVSPost2010Prop50
 90
       50
102
RTVSPost2010PropOp50
 70
     1
102
RTVSPost2010Prop51ColorIndex
 90
      256
102
RTVSPost2010Prop51ColorRGB
 90
-16777216
102
RTVSPost2010PropOp51
 70
     0
102
RTVSPost2010Prop52
140
1.0
102
RTVSPost2010PropOp52
 70
     0
102
RTVSPost2010Prop53
 90
        2
102
RTVSPost2010PropOp53
 70
     1
102
RTVSPost2010Prop54
  1
strokes_ogs.tif
102
RTVSPost2010PropOp54
 70
     1
102
RTVSPost2010Prop55
280
     0
102
RTVSPost2010PropOp55
 70
     1
102
RTVSPost2010Prop56
140
1.0
102
RTVSPost2010PropOp56
 70
     1
102
RTVSPost2010Prop57
140
1.0
102
RTVSPost2010PropOp57
 70
     1
  0
XRECORD
  5
2AD
102
{ACAD_REACTORS
330
2AC
102
}
330
2AC
100
AcDbXrecord
280
     1
102
RTVSPost2010Prop28
280
     0
102
RTVSPost2010PropOp28
 70
     1
102
RTVSPost2010Prop29
280
     1
102
RTVSPost2010PropOp29
 70
     1
102
RTVSPost2010Prop30
280
     1
102
RTVSPost2010PropOp30
 70
     1
102
RTVSPost2010Prop31
280
     0
102
RTVSPost2010PropOp31
 70
     1
102
RTVSPost2010Prop32
280
     0
102
RTVSPost2010PropOp32
 70
     1
102
RTVSPost2010Prop33
280
     0
102
RTVSPost2010PropOp33
 70
     1
102
RTVSPost2010Prop34
280
     0
102
RTVSPost2010PropOp34
 70
     1
102
RTVSPost2010Prop35
280
     0
102
RTVSPost2010PropOp35
 70
     1
102
RTVSPost2010Prop36
280
     0
102
RTVSPost2010PropOp36
 70
     1
102
RTVSPost2010Prop37
 90
       50
102
RTVSPost2010PropOp37
 70
     1
102
RTVSPost2010Prop38
140
0.0
102
RTVSPost2010PropOp38
 70
     1
102
RTVSPost2010Prop39
140
1.0
102
RTVSPost2010PropOp39
 70
     1
102
RTVSPost2010Prop40
 90
        0
102
RTVSPost2010PropOp40
 70
     1
102
RTVSPost2010Prop41ColorIndex
 90
       18
102
RTVSPost2010Prop41ColorRGB
 90
        0
102
RTVSPost2010PropOp41
 70
     1
102
RTVSPost2010Prop42
 90
       50
102
RTVSPost2010PropOp42
 70
     1
102
RTVSPost2010Prop43
 90
        3
102
RTVSPost2010PropOp43
 70
     1
102
RTVSPost2010Prop44ColorIndex
 90
        5
102
RTVSPost2010Prop44ColorRGB
 90
      255
102
RTVSPost2010PropOp44
 70
     1
102
RTVSPost2010Prop45
280
     0
102
RTVSPost2010PropOp45
 70
     1
102
RTVSPost2010Prop46
 90
       50
102
RTVSPost2010PropOp46
 70
     1
102
RTVSPost2010Prop47
 90
       50
102
RTVSPost2010PropOp47
 70
     1
102
RTVSPost2010Prop48
 90
       50
102
RTVSPost2010PropOp48
 70
     1
102
RTVSPost2010Prop49
280
     0
102
RTVSPost2010PropOp49
 70
     1
102
RTVSPost2010Prop50
 90
       50
102
RTVSPost2010PropOp50
 70
     1
102
RTVSPost2010Prop51ColorIndex
 90
      256
102
RTVSPost2010Prop51ColorRGB
 90
-16777216
102
RTVSPost2010PropOp51
 70
     0
102
RTVSPost2010Prop52
140
1.0
102
RTVSPost2010PropOp52
 70
     0
102
RTVSPost2010Prop53
 90
        2
102
RTVSPost2010PropOp53
 70
     1
102
RTVSPost2010Prop54
  1
strokes_ogs.tif
102
RTVSPost2010PropOp54
 70
     1
102
RTVSPost2010Prop55
280
     0
102
RTVSPost2010PropOp55
 70
     1
102
RTVSPost2010Prop56
140
1.0
102
RTVSPost2010PropOp56
 70
     1
102
RTVSPost2010Prop57
140
1.0
102
RTVSPost2010PropOp57
 70
     1
  0
XRECORD
  5
2C5
102
{ACAD_REACTORS
330
2C4
102
}
330
2C4
100
AcDbXrecord
280
     1
102
RTVSPost2010Prop28
280
     0
102
RTVSPost2010PropOp28
 70
     1
102
RTVSPost2010Prop29
280
     1
102
RTVSPost2010PropOp29
 70
     1
102
RTVSPost2010Prop30
280
     1
102
RTVSPost2010PropOp30
 70
     1
102
RTVSPost2010Prop31
280
     0
102
RTVSPost2010PropOp31
 70
     1
102
RTVSPost2010Prop32
280
     0
102
RTVSPost2010PropOp32
 70
     1
102
RTVSPost2010Prop33
280
     0
102
RTVSPost2010PropOp33
 70
     1
102
RTVSPost2010Prop34
280
     0
102
RTVSPost2010PropOp34
 70
     1
102
RTVSPost2010Prop35
280
     0
102
RTVSPost2010PropOp35
 70
     1
102
RTVSPost2010Prop36
280
     0
102
RTVSPost2010PropOp36
 70
     1
102
RTVSPost2010Prop37
 90
       50
102
RTVSPost2010PropOp37
 70
     1
102
RTVSPost2010Prop38
140
0.0
102
RTVSPost2010PropOp38
 70
     1
102
RTVSPost2010Prop39
140
1.0
102
RTVSPost2010PropOp39
 70
     1
102
RTVSPost2010Prop40
 90
        0
102
RTVSPost2010PropOp40
 70
     1
102
RTVSPost2010Prop41ColorIndex
 90
       18
102
RTVSPost2010Prop41ColorRGB
 90
        0
102
RTVSPost2010PropOp41
 70
     1
102
RTVSPost2010Prop42
 90
       50
102
RTVSPost2010PropOp42
 70
     1
102
RTVSPost2010Prop43
 90
        3
102
RTVSPost2010PropOp43
 70
     1
102
RTVSPost2010Prop44ColorIndex
 90
        5
102
RTVSPost2010Prop44ColorRGB
 90
      255
102
RTVSPost2010PropOp44
 70
     1
102
RTVSPost2010Prop45
280
     0
102
RTVSPost2010PropOp45
 70
     1
102
RTVSPost2010Prop46
 90
       50
102
RTVSPost2010PropOp46
 70
     1
102
RTVSPost2010Prop47
 90
       50
102
RTVSPost2010PropOp47
 70
     1
102
RTVSPost2010Prop48
 90
       50
102
RTVSPost2010PropOp48
 70
     1
102
RTVSPost2010Prop49
280
     0
102
RTVSPost2010PropOp49
 70
     1
102
RTVSPost2010Prop50
 90
       50
102
RTVSPost2010PropOp50
 70
     1
102
RTVSPost2010Prop51ColorIndex
 90
      256
102
RTVSPost2010Prop51ColorRGB
 90
-16777216
102
RTVSPost2010PropOp51
 70
     0
102
RTVSPost2010Prop52
140
1.0
102
RTVSPost2010PropOp52
 70
     0
102
RTVSPost2010Prop53
 90
        2
102
RTVSPost2010PropOp53
 70
     1
102
RTVSPost2010Prop54
  1
strokes_ogs.tif
102
RTVSPost2010PropOp54
 70
     1
102
RTVSPost2010Prop55
280
     0
102
RTVSPost2010PropOp55
 70
     1
102
RTVSPost2010Prop56
140
1.0
102
RTVSPost2010PropOp56
 70
     1
102
RTVSPost2010Prop57
140
1.0
102
RTVSPost2010PropOp57
 70
     1
  0
ENDSEC
  0
EOF
